scenario,artifacts_subdir,seed,phase,epoch_idx,draw_idx_global,committee_size,lambda_auto_ppm,attacker_seats
"імпульсний, еталон lambda=0",overnight_v5/ablation_gini_only_burst,1,post_attack,21,161,9,0,4
"імпульсний, еталон lambda=0",overnight_v5/ablation_gini_only_burst,1,post_attack,21,162,9,0,3
"імпульсний, еталон lambda=0",overnight_v5/ablation_gini_only_burst,1,post_attack,21,163,9,0,3
"імпульсний, еталон lambda=0",overnight_v5/ablation_gini_only_burst,1,post_attack,21,164,9,0,4
"імпульсний, еталон lambda=0",overnight_v5/ablation_gini_only_burst,1,post_attack,21,165,9,0,4
"імпульсний, еталон lambda=0",overnight_v5/ablation_gini_only_burst,1,post_attack,21,166,9,0,4
"імпульсний, еталон lambda=0",overnight_v5/ablation_gini_only_burst,1,post_attack,21,167,9,0,2
"імпульсний, еталон lambda=0",overnight_v5/ablation_gini_only_burst,1,post_attack,21,168,9,0,3
"імпульсний, еталон lambda=0",overnight_v5/ablation_gini_only_burst,1,post_attack,22,169,9,0,3
"імпульсний, еталон lambda=0",overnight_v5/ablation_gini_only_burst,1,post_attack,22,170,9,0,1
"імпульсний, еталон lambda=0",overnight_v5/ablation_gini_only_burst,1,post_attack,22,171,9,0,4
"імпульсний, еталон lambda=0",overnight_v5/ablation_gini_only_burst,1,post_attack,22,172,9,0,3
"імпульсний, еталон lambda=0",overnight_v5/ablation_gini_only_burst,1,post_attack,22,173,9,0,3
"імпульсний, еталон lambda=0",overnight_v5/ablation_gini_only_burst,1,post_attack,22,174,9,0,2
"імпульсний, еталон lambda=0",overnight_v5/ablation_gini_only_burst,1,post_attack,22,175,9,0,3
"імпульсний, еталон lambda=0",overnight_v5/ablation_gini_only_burst,1,post_attack,22,176,9,0,4
"імпульсний, еталон lambda=0",overnight_v5/ablation_gini_only_burst,1,post_attack,23,177,9,0,5
"імпульсний, еталон lambda=0",overnight_v5/ablation_gini_only_burst,1,post_attack,23,178,9,0,2
"імпульсний, еталон lambda=0",overnight_v5/ablation_gini_only_burst,1,post_attack,23,179,9,0,3
"імпульсний, еталон lambda=0",overnight_v5/ablation_gini_only_burst,1,post_attack,23,180,9,0,2
"імпульсний, еталон lambda=0",overnight_v5/ablation_gini_only_burst,1,post_attack,23,181,9,0,4
"імпульсний, еталон lambda=0",overnight_v5/ablation_gini_only_burst,1,post_attack,23,182,9,0,2
"імпульсний, еталон lambda=0",overnight_v5/ablation_gini_only_burst,1,post_attack,23,183,9,0,3
"імпульсний, еталон lambda=0",overnight_v5/ablation_gini_only_burst,1,post_attack,23,184,9,0,2
"імпульсний, еталон lambda=0",overnight_v5/ablation_gini_only_burst,1,post_attack,24,185,9,0,3
"імпульсний, еталон lambda=0",overnight_v5/ablation_gini_only_burst,1,post_attack,24,186,9,0,2
"імпульсний, еталон lambda=0",overnight_v5/ablation_gini_only_burst,1,post_attack,24,187,9,0,2
"імпульсний, еталон lambda=0",overnight_v5/ablation_gini_only_burst,1,post_attack,24,188,9,0,2
"імпульсний, еталон lambda=0",overnight_v5/ablation_gini_only_burst,1,post_attack,24,189,9,0,2
"імпульсний, еталон lambda=0",overnight_v5/ablation_gini_only_burst,1,post_attack,24,190,9,0,4
"імпульсний, еталон lambda=0",overnight_v5/ablation_gini_only_burst,1,post_attack,24,191,9,0,3
"імпульсний, еталон lambda=0",overnight_v5/ablation_gini_only_burst,1,post_attack,24,192,9,0,4
"імпульсний, еталон lambda=0",overnight_v5/ablation_gini_only_burst,1,post_attack,25,193,9,0,3
"імпульсний, еталон lambda=0",overnight_v5/ablation_gini_only_burst,1,post_attack,25,194,9,0,1
"імпульсний, еталон lambda=0",overnight_v5/ablation_gini_only_burst,1,post_attack,25,195,9,0,3
"імпульсний, еталон lambda=0",overnight_v5/ablation_gini_only_burst,1,post_attack,25,196,9,0,2
"імпульсний, еталон lambda=0",overnight_v5/ablation_gini_only_burst,1,post_attack,25,197,9,0,4
"імпульсний, еталон lambda=0",overnight_v5/ablation_gini_only_burst,1,post_attack,25,198,9,0,3
"імпульсний, еталон lambda=0",overnight_v5/ablation_gini_only_burst,1,post_attack,25,199,9,0,2
"імпульсний, еталон lambda=0",overnight_v5/ablation_gini_only_burst,1,post_attack,25,200,9,0,2
"імпульсний, еталон lambda=0",overnight_v5/ablation_gini_only_burst,1,post_attack,26,201,9,0,2
"імпульсний, еталон lambda=0",overnight_v5/ablation_gini_only_burst,1,post_attack,26,202,9,0,4
"імпульсний, еталон lambda=0",overnight_v5/ablation_gini_only_burst,1,post_attack,26,203,9,0,4
"імпульсний, еталон lambda=0",overnight_v5/ablation_gini_only_burst,1,post_attack,26,204,9,0,3
"імпульсний, еталон lambda=0",overnight_v5/ablation_gini_only_burst,1,post_attack,26,205,9,0,3
"імпульсний, еталон lambda=0",overnight_v5/ablation_gini_only_burst,1,post_attack,26,206,9,0,3
"імпульсний, еталон lambda=0",overnight_v5/ablation_gini_only_burst,1,post_attack,26,207,9,0,3
"імпульсний, еталон lambda=0",overnight_v5/ablation_gini_only_burst,1,post_attack,26,208,9,0,5
"імпульсний, еталон lambda=0",overnight_v5/ablation_gini_only_burst,1,post_attack,27,209,9,0,3
"імпульсний, еталон lambda=0",overnight_v5/ablation_gini_only_burst,1,post_attack,27,210,9,0,2
"імпульсний, еталон lambda=0",overnight_v5/ablation_gini_only_burst,1,post_attack,27,211,9,0,0
"імпульсний, еталон lambda=0",overnight_v5/ablation_gini_only_burst,1,post_attack,27,212,9,0,2
"імпульсний, еталон lambda=0",overnight_v5/ablation_gini_only_burst,1,post_attack,27,213,9,0,3
"імпульсний, еталон lambda=0",overnight_v5/ablation_gini_only_burst,1,post_attack,27,214,9,0,3
"імпульсний, еталон lambda=0",overnight_v5/ablation_gini_only_burst,1,post_attack,27,215,9,0,4
"імпульсний, еталон lambda=0",overnight_v5/ablation_gini_only_burst,1,post_attack,27,216,9,0,3
"імпульсний, еталон lambda=0",overnight_v5/ablation_gini_only_burst,1,post_attack,28,217,9,0,2
"імпульсний, еталон lambda=0",overnight_v5/ablation_gini_only_burst,1,post_attack,28,218,9,0,2
"імпульсний, еталон lambda=0",overnight_v5/ablation_gini_only_burst,1,post_attack,28,219,9,0,1
"імпульсний, еталон lambda=0",overnight_v5/ablation_gini_only_burst,1,post_attack,28,220,9,0,3
"імпульсний, еталон lambda=0",overnight_v5/ablation_gini_only_burst,1,post_attack,28,221,9,0,2
"імпульсний, еталон lambda=0",overnight_v5/ablation_gini_only_burst,1,post_attack,28,222,9,0,2
"імпульсний, еталон lambda=0",overnight_v5/ablation_gini_only_burst,1,post_attack,28,223,9,0,4
"імпульсний, еталон lambda=0",overnight_v5/ablation_gini_only_burst,1,post_attack,28,224,9,0,3
"імпульсний, еталон lambda=0",overnight_v5/ablation_gini_only_burst,1,post_attack,29,225,9,0,4
"імпульсний, еталон lambda=0",overnight_v5/ablation_gini_only_burst,1,post_attack,29,226,9,0,2
"імпульсний, еталон lambda=0",overnight_v5/ablation_gini_only_burst,1,post_attack,29,227,9,0,2
"імпульсний, еталон lambda=0",overnight_v5/ablation_gini_only_burst,1,post_attack,29,228,9,0,3
"імпульсний, еталон lambda=0",overnight_v5/ablation_gini_only_burst,1,post_attack,29,229,9,0,3
"імпульсний, еталон lambda=0",overnight_v5/ablation_gini_only_burst,1,post_attack,29,230,9,0,4
"імпульсний, еталон lambda=0",overnight_v5/ablation_gini_only_burst,1,post_attack,29,231,9,0,5
"імпульсний, еталон lambda=0",overnight_v5/ablation_gini_only_burst,1,post_attack,29,232,9,0,2
"імпульсний, еталон lambda=0",overnight_v5/ablation_gini_only_burst,1,post_attack,30,233,9,0,1
"імпульсний, еталон lambda=0",overnight_v5/ablation_gini_only_burst,1,post_attack,30,234,9,0,2
"імпульсний, еталон lambda=0",overnight_v5/ablation_gini_only_burst,1,post_attack,30,235,9,0,5
"імпульсний, еталон lambda=0",overnight_v5/ablation_gini_only_burst,1,post_attack,30,236,9,0,5
"імпульсний, еталон lambda=0",overnight_v5/ablation_gini_only_burst,1,post_attack,30,237,9,0,3
"імпульсний, еталон lambda=0",overnight_v5/ablation_gini_only_burst,1,post_attack,30,238,9,0,1
"імпульсний, еталон lambda=0",overnight_v5/ablation_gini_only_burst,1,post_attack,30,239,9,0,4
"імпульсний, еталон lambda=0",overnight_v5/ablation_gini_only_burst,1,post_attack,30,240,9,0,4
"імпульсний, еталон lambda=0",overnight_v5/ablation_gini_only_burst,1,post_attack,31,241,9,0,2
"імпульсний, еталон lambda=0",overnight_v5/ablation_gini_only_burst,1,post_attack,31,242,9,0,2
"імпульсний, еталон lambda=0",overnight_v5/ablation_gini_only_burst,1,post_attack,31,243,9,0,3
"імпульсний, еталон lambda=0",overnight_v5/ablation_gini_only_burst,1,post_attack,31,244,9,0,3
"імпульсний, еталон lambda=0",overnight_v5/ablation_gini_only_burst,1,post_attack,31,245,9,0,3
"імпульсний, еталон lambda=0",overnight_v5/ablation_gini_only_burst,1,post_attack,31,246,9,0,2
"імпульсний, еталон lambda=0",overnight_v5/ablation_gini_only_burst,1,post_attack,31,247,9,0,2
"імпульсний, еталон lambda=0",overnight_v5/ablation_gini_only_burst,1,post_attack,31,248,9,0,3
"імпульсний, еталон lambda=0",overnight_v5/ablation_gini_only_burst,1,post_attack,32,249,9,0,2
"імпульсний, еталон lambda=0",overnight_v5/ablation_gini_only_burst,1,post_attack,32,250,9,0,1
"імпульсний, еталон lambda=0",overnight_v5/ablation_gini_only_burst,1,post_attack,32,251,9,0,1
"імпульсний, еталон lambda=0",overnight_v5/ablation_gini_only_burst,1,post_attack,32,252,9,0,3
"імпульсний, еталон lambda=0",overnight_v5/ablation_gini_only_burst,1,post_attack,32,253,9,0,2
"імпульсний, еталон lambda=0",overnight_v5/ablation_gini_only_burst,1,post_attack,32,254,9,0,2
"імпульсний, еталон lambda=0",overnight_v5/ablation_gini_only_burst,1,post_attack,32,255,9,0,2
"імпульсний, еталон lambda=0",overnight_v5/ablation_gini_only_burst,1,post_attack,32,256,9,0,4
"імпульсний, еталон lambda=0",overnight_v5/ablation_gini_only_burst,1,post_attack,33,257,9,0,4
"імпульсний, еталон lambda=0",overnight_v5/ablation_gini_only_burst,1,post_attack,33,258,9,0,4
"імпульсний, еталон lambda=0",overnight_v5/ablation_gini_only_burst,1,post_attack,33,259,9,0,1
"імпульсний, еталон lambda=0",overnight_v5/ablation_gini_only_burst,1,post_attack,33,260,9,0,3
"імпульсний, еталон lambda=0",overnight_v5/ablation_gini_only_burst,1,post_attack,33,261,9,0,4
"імпульсний, еталон lambda=0",overnight_v5/ablation_gini_only_burst,1,post_attack,33,262,9,0,5
"імпульсний, еталон lambda=0",overnight_v5/ablation_gini_only_burst,1,post_attack,33,263,9,0,2
"імпульсний, еталон lambda=0",overnight_v5/ablation_gini_only_burst,1,post_attack,33,264,9,0,4
"імпульсний, еталон lambda=0",overnight_v5/ablation_gini_only_burst,1,post_attack,34,265,9,0,4
"імпульсний, еталон lambda=0",overnight_v5/ablation_gini_only_burst,1,post_attack,34,266,9,0,2
"імпульсний, еталон lambda=0",overnight_v5/ablation_gini_only_burst,1,post_attack,34,267,9,0,4
"імпульсний, еталон lambda=0",overnight_v5/ablation_gini_only_burst,1,post_attack,34,268,9,0,5
"імпульсний, еталон lambda=0",overnight_v5/ablation_gini_only_burst,1,post_attack,34,269,9,0,4
"імпульсний, еталон lambda=0",overnight_v5/ablation_gini_only_burst,1,post_attack,34,270,9,0,3
"імпульсний, еталон lambda=0",overnight_v5/ablation_gini_only_burst,1,post_attack,34,271,9,0,4
"імпульсний, еталон lambda=0",overnight_v5/ablation_gini_only_burst,1,post_attack,34,272,9,0,5
"імпульсний, еталон lambda=0",overnight_v5/ablation_gini_only_burst,1,post_attack,35,273,9,0,3
"імпульсний, еталон lambda=0",overnight_v5/ablation_gini_only_burst,1,post_attack,35,274,9,0,2
"імпульсний, еталон lambda=0",overnight_v5/ablation_gini_only_burst,1,post_attack,35,275,9,0,4
"імпульсний, еталон lambda=0",overnight_v5/ablation_gini_only_burst,1,post_attack,35,276,9,0,5
"імпульсний, еталон lambda=0",overnight_v5/ablation_gini_only_burst,1,post_attack,35,277,9,0,3
"імпульсний, еталон lambda=0",overnight_v5/ablation_gini_only_burst,1,post_attack,35,278,9,0,3
"імпульсний, еталон lambda=0",overnight_v5/ablation_gini_only_burst,1,post_attack,35,279,9,0,5
"імпульсний, еталон lambda=0",overnight_v5/ablation_gini_only_burst,1,post_attack,35,280,9,0,3
"імпульсний, еталон lambda=0",overnight_v5/ablation_gini_only_burst,1,post_attack,36,281,9,0,2
"імпульсний, еталон lambda=0",overnight_v5/ablation_gini_only_burst,1,post_attack,36,282,9,0,1
"імпульсний, еталон lambda=0",overnight_v5/ablation_gini_only_burst,1,post_attack,36,283,9,0,4
"імпульсний, еталон lambda=0",overnight_v5/ablation_gini_only_burst,1,post_attack,36,284,9,0,3
"імпульсний, еталон lambda=0",overnight_v5/ablation_gini_only_burst,1,post_attack,36,285,9,0,4
"імпульсний, еталон lambda=0",overnight_v5/ablation_gini_only_burst,1,post_attack,36,286,9,0,2
"імпульсний, еталон lambda=0",overnight_v5/ablation_gini_only_burst,1,post_attack,36,287,9,0,4
"імпульсний, еталон lambda=0",overnight_v5/ablation_gini_only_burst,1,post_attack,36,288,9,0,3
"імпульсний, еталон lambda=0",overnight_v5/ablation_gini_only_burst,1,post_attack,37,289,9,0,3
"імпульсний, еталон lambda=0",overnight_v5/ablation_gini_only_burst,1,post_attack,37,290,9,0,3
"імпульсний, еталон lambda=0",overnight_v5/ablation_gini_only_burst,1,post_attack,37,291,9,0,3
"імпульсний, еталон lambda=0",overnight_v5/ablation_gini_only_burst,1,post_attack,37,292,9,0,3
"імпульсний, еталон lambda=0",overnight_v5/ablation_gini_only_burst,1,post_attack,37,293,9,0,3
"імпульсний, еталон lambda=0",overnight_v5/ablation_gini_only_burst,1,post_attack,37,294,9,0,1
"імпульсний, еталон lambda=0",overnight_v5/ablation_gini_only_burst,1,post_attack,37,295,9,0,5
"імпульсний, еталон lambda=0",overnight_v5/ablation_gini_only_burst,1,post_attack,37,296,9,0,2
"імпульсний, еталон lambda=0",overnight_v5/ablation_gini_only_burst,1,post_attack,38,297,9,0,2
"імпульсний, еталон lambda=0",overnight_v5/ablation_gini_only_burst,1,post_attack,38,298,9,0,4
"імпульсний, еталон lambda=0",overnight_v5/ablation_gini_only_burst,1,post_attack,38,299,9,0,3
"імпульсний, еталон lambda=0",overnight_v5/ablation_gini_only_burst,1,post_attack,38,300,9,0,1
"імпульсний, еталон lambda=0",overnight_v5/ablation_gini_only_burst,1,post_attack,38,301,9,0,3
"імпульсний, еталон lambda=0",overnight_v5/ablation_gini_only_burst,1,post_attack,38,302,9,0,2
"імпульсний, еталон lambda=0",overnight_v5/ablation_gini_only_burst,1,post_attack,38,303,9,0,4
"імпульсний, еталон lambda=0",overnight_v5/ablation_gini_only_burst,1,post_attack,38,304,9,0,1
"імпульсний, еталон lambda=0",overnight_v5/ablation_gini_only_burst,1,post_attack,39,305,9,0,4
"імпульсний, еталон lambda=0",overnight_v5/ablation_gini_only_burst,1,post_attack,39,306,9,0,3
"імпульсний, еталон lambda=0",overnight_v5/ablation_gini_only_burst,1,post_attack,39,307,9,0,2
"імпульсний, еталон lambda=0",overnight_v5/ablation_gini_only_burst,1,post_attack,39,308,9,0,2
"імпульсний, еталон lambda=0",overnight_v5/ablation_gini_only_burst,1,post_attack,39,309,9,0,3
"імпульсний, еталон lambda=0",overnight_v5/ablation_gini_only_burst,1,post_attack,39,310,9,0,2
"імпульсний, еталон lambda=0",overnight_v5/ablation_gini_only_burst,1,post_attack,39,311,9,0,3
"імпульсний, еталон lambda=0",overnight_v5/ablation_gini_only_burst,1,post_attack,39,312,9,0,2
"імпульсний, еталон lambda=0",overnight_v5/ablation_gini_only_burst,1,post_attack,40,313,9,0,4
"імпульсний, еталон lambda=0",overnight_v5/ablation_gini_only_burst,1,post_attack,40,314,9,0,4
"імпульсний, еталон lambda=0",overnight_v5/ablation_gini_only_burst,1,post_attack,40,315,9,0,2
"імпульсний, еталон lambda=0",overnight_v5/ablation_gini_only_burst,1,post_attack,40,316,9,0,4
"імпульсний, еталон lambda=0",overnight_v5/ablation_gini_only_burst,1,post_attack,40,317,9,0,1
"імпульсний, еталон lambda=0",overnight_v5/ablation_gini_only_burst,1,post_attack,40,318,9,0,3
"імпульсний, еталон lambda=0",overnight_v5/ablation_gini_only_burst,1,post_attack,40,319,9,0,3
"імпульсний, еталон lambda=0",overnight_v5/ablation_gini_only_burst,1,post_attack,40,320,9,0,3
"імпульсний, еталон lambda=0",overnight_v5/ablation_gini_only_burst,1,post_attack,41,321,9,0,3
"імпульсний, еталон lambda=0",overnight_v5/ablation_gini_only_burst,1,post_attack,41,322,9,0,3
"імпульсний, еталон lambda=0",overnight_v5/ablation_gini_only_burst,1,post_attack,41,323,9,0,3
"імпульсний, еталон lambda=0",overnight_v5/ablation_gini_only_burst,1,post_attack,41,324,9,0,1
"імпульсний, еталон lambda=0",overnight_v5/ablation_gini_only_burst,1,post_attack,41,325,9,0,3
"імпульсний, еталон lambda=0",overnight_v5/ablation_gini_only_burst,1,post_attack,41,326,9,0,4
"імпульсний, еталон lambda=0",overnight_v5/ablation_gini_only_burst,1,post_attack,41,327,9,0,3
"імпульсний, еталон lambda=0",overnight_v5/ablation_gini_only_burst,1,post_attack,41,328,9,0,3
"імпульсний, еталон lambda=0",overnight_v5/ablation_gini_only_burst,1,post_attack,42,329,9,0,2
"імпульсний, еталон lambda=0",overnight_v5/ablation_gini_only_burst,1,post_attack,42,330,9,0,3
"імпульсний, еталон lambda=0",overnight_v5/ablation_gini_only_burst,1,post_attack,42,331,9,0,2
"імпульсний, еталон lambda=0",overnight_v5/ablation_gini_only_burst,1,post_attack,42,332,9,0,5
"імпульсний, еталон lambda=0",overnight_v5/ablation_gini_only_burst,1,post_attack,42,333,9,0,2
"імпульсний, еталон lambda=0",overnight_v5/ablation_gini_only_burst,1,post_attack,42,334,9,0,3
"імпульсний, еталон lambda=0",overnight_v5/ablation_gini_only_burst,1,post_attack,42,335,9,0,3
"імпульсний, еталон lambda=0",overnight_v5/ablation_gini_only_burst,1,post_attack,42,336,9,0,2
"імпульсний, еталон lambda=0",overnight_v5/ablation_gini_only_burst,1,post_attack,43,337,9,0,2
"імпульсний, еталон lambda=0",overnight_v5/ablation_gini_only_burst,1,post_attack,43,338,9,0,3
"імпульсний, еталон lambda=0",overnight_v5/ablation_gini_only_burst,1,post_attack,43,339,9,0,2
"імпульсний, еталон lambda=0",overnight_v5/ablation_gini_only_burst,1,post_attack,43,340,9,0,1
"імпульсний, еталон lambda=0",overnight_v5/ablation_gini_only_burst,1,post_attack,43,341,9,0,3
"імпульсний, еталон lambda=0",overnight_v5/ablation_gini_only_burst,1,post_attack,43,342,9,0,2
"імпульсний, еталон lambda=0",overnight_v5/ablation_gini_only_burst,1,post_attack,43,343,9,0,3
"імпульсний, еталон lambda=0",overnight_v5/ablation_gini_only_burst,1,post_attack,43,344,9,0,1
"імпульсний, еталон lambda=0",overnight_v5/ablation_gini_only_burst,1,post_attack,44,345,9,0,1
"імпульсний, еталон lambda=0",overnight_v5/ablation_gini_only_burst,1,post_attack,44,346,9,0,2
"імпульсний, еталон lambda=0",overnight_v5/ablation_gini_only_burst,1,post_attack,44,347,9,0,2
"імпульсний, еталон lambda=0",overnight_v5/ablation_gini_only_burst,1,post_attack,44,348,9,0,3
"імпульсний, еталон lambda=0",overnight_v5/ablation_gini_only_burst,1,post_attack,44,349,9,0,4
"імпульсний, еталон lambda=0",overnight_v5/ablation_gini_only_burst,1,post_attack,44,350,9,0,5
"імпульсний, еталон lambda=0",overnight_v5/ablation_gini_only_burst,1,post_attack,44,351,9,0,1
"імпульсний, еталон lambda=0",overnight_v5/ablation_gini_only_burst,1,post_attack,44,352,9,0,2
"імпульсний, еталон lambda=0",overnight_v5/ablation_gini_only_burst,1,post_attack,45,353,9,0,3
"імпульсний, еталон lambda=0",overnight_v5/ablation_gini_only_burst,1,post_attack,45,354,9,0,1
"імпульсний, еталон lambda=0",overnight_v5/ablation_gini_only_burst,1,post_attack,45,355,9,0,3
"імпульсний, еталон lambda=0",overnight_v5/ablation_gini_only_burst,1,post_attack,45,356,9,0,3
"імпульсний, еталон lambda=0",overnight_v5/ablation_gini_only_burst,1,post_attack,45,357,9,0,5
"імпульсний, еталон lambda=0",overnight_v5/ablation_gini_only_burst,1,post_attack,45,358,9,0,3
"імпульсний, еталон lambda=0",overnight_v5/ablation_gini_only_burst,1,post_attack,45,359,9,0,4
"імпульсний, еталон lambda=0",overnight_v5/ablation_gini_only_burst,1,post_attack,45,360,9,0,4
"імпульсний, еталон lambda=0",overnight_v5/ablation_gini_only_burst,1,post_attack,46,361,9,0,5
"імпульсний, еталон lambda=0",overnight_v5/ablation_gini_only_burst,1,post_attack,46,362,9,0,2
"імпульсний, еталон lambda=0",overnight_v5/ablation_gini_only_burst,1,post_attack,46,363,9,0,3
"імпульсний, еталон lambda=0",overnight_v5/ablation_gini_only_burst,1,post_attack,46,364,9,0,3
"імпульсний, еталон lambda=0",overnight_v5/ablation_gini_only_burst,1,post_attack,46,365,9,0,2
"імпульсний, еталон lambda=0",overnight_v5/ablation_gini_only_burst,1,post_attack,46,366,9,0,2
"імпульсний, еталон lambda=0",overnight_v5/ablation_gini_only_burst,1,post_attack,46,367,9,0,3
"імпульсний, еталон lambda=0",overnight_v5/ablation_gini_only_burst,1,post_attack,46,368,9,0,4
"імпульсний, еталон lambda=0",overnight_v5/ablation_gini_only_burst,1,post_attack,47,369,9,0,3
"імпульсний, еталон lambda=0",overnight_v5/ablation_gini_only_burst,1,post_attack,47,370,9,0,3
"імпульсний, еталон lambda=0",overnight_v5/ablation_gini_only_burst,1,post_attack,47,371,9,0,4
"імпульсний, еталон lambda=0",overnight_v5/ablation_gini_only_burst,1,post_attack,47,372,9,0,3
"імпульсний, еталон lambda=0",overnight_v5/ablation_gini_only_burst,1,post_attack,47,373,9,0,1
"імпульсний, еталон lambda=0",overnight_v5/ablation_gini_only_burst,1,post_attack,47,374,9,0,3
"імпульсний, еталон lambda=0",overnight_v5/ablation_gini_only_burst,1,post_attack,47,375,9,0,2
"імпульсний, еталон lambda=0",overnight_v5/ablation_gini_only_burst,1,post_attack,47,376,9,0,4
"імпульсний, еталон lambda=0",overnight_v5/ablation_gini_only_burst,1,post_attack,48,377,9,0,4
"імпульсний, еталон lambda=0",overnight_v5/ablation_gini_only_burst,1,post_attack,48,378,9,0,4
"імпульсний, еталон lambda=0",overnight_v5/ablation_gini_only_burst,1,post_attack,48,379,9,0,3
"імпульсний, еталон lambda=0",overnight_v5/ablation_gini_only_burst,1,post_attack,48,380,9,0,2
"імпульсний, еталон lambda=0",overnight_v5/ablation_gini_only_burst,1,post_attack,48,381,9,0,2
"імпульсний, еталон lambda=0",overnight_v5/ablation_gini_only_burst,1,post_attack,48,382,9,0,4
"імпульсний, еталон lambda=0",overnight_v5/ablation_gini_only_burst,1,post_attack,48,383,9,0,4
"імпульсний, еталон lambda=0",overnight_v5/ablation_gini_only_burst,1,post_attack,48,384,9,0,2
"імпульсний, еталон lambda=0",overnight_v5/ablation_gini_only_burst,1,post_attack,49,385,9,0,2
"імпульсний, еталон lambda=0",overnight_v5/ablation_gini_only_burst,1,post_attack,49,386,9,0,2
"імпульсний, еталон lambda=0",overnight_v5/ablation_gini_only_burst,1,post_attack,49,387,9,0,2
"імпульсний, еталон lambda=0",overnight_v5/ablation_gini_only_burst,1,post_attack,49,388,9,0,1
"імпульсний, еталон lambda=0",overnight_v5/ablation_gini_only_burst,1,post_attack,49,389,9,0,3
"імпульсний, еталон lambda=0",overnight_v5/ablation_gini_only_burst,1,post_attack,49,390,9,0,1
"імпульсний, еталон lambda=0",overnight_v5/ablation_gini_only_burst,1,post_attack,49,391,9,0,2
"імпульсний, еталон lambda=0",overnight_v5/ablation_gini_only_burst,1,post_attack,49,392,9,0,3
"імпульсний, еталон lambda=0",overnight_v5/ablation_gini_only_burst,1,post_attack,50,393,9,0,3
"імпульсний, еталон lambda=0",overnight_v5/ablation_gini_only_burst,1,post_attack,50,394,9,0,2
"імпульсний, еталон lambda=0",overnight_v5/ablation_gini_only_burst,1,post_attack,50,395,9,0,4
"імпульсний, еталон lambda=0",overnight_v5/ablation_gini_only_burst,1,post_attack,50,396,9,0,3
"імпульсний, еталон lambda=0",overnight_v5/ablation_gini_only_burst,1,post_attack,50,397,9,0,1
"імпульсний, еталон lambda=0",overnight_v5/ablation_gini_only_burst,1,post_attack,50,398,9,0,3
"імпульсний, еталон lambda=0",overnight_v5/ablation_gini_only_burst,1,post_attack,50,399,9,0,3
"імпульсний, еталон lambda=0",overnight_v5/ablation_gini_only_burst,1,post_attack,50,400,9,0,2
"імпульсний, еталон lambda=0",overnight_v5/ablation_gini_only_burst,2,post_attack,21,161,9,0,3
"імпульсний, еталон lambda=0",overnight_v5/ablation_gini_only_burst,2,post_attack,21,162,9,0,3
"імпульсний, еталон lambda=0",overnight_v5/ablation_gini_only_burst,2,post_attack,21,163,9,0,3
"імпульсний, еталон lambda=0",overnight_v5/ablation_gini_only_burst,2,post_attack,21,164,9,0,2
"імпульсний, еталон lambda=0",overnight_v5/ablation_gini_only_burst,2,post_attack,21,165,9,0,4
"імпульсний, еталон lambda=0",overnight_v5/ablation_gini_only_burst,2,post_attack,21,166,9,0,4
"імпульсний, еталон lambda=0",overnight_v5/ablation_gini_only_burst,2,post_attack,21,167,9,0,1
"імпульсний, еталон lambda=0",overnight_v5/ablation_gini_only_burst,2,post_attack,21,168,9,0,1
"імпульсний, еталон lambda=0",overnight_v5/ablation_gini_only_burst,2,post_attack,22,169,9,0,3
"імпульсний, еталон lambda=0",overnight_v5/ablation_gini_only_burst,2,post_attack,22,170,9,0,2
"імпульсний, еталон lambda=0",overnight_v5/ablation_gini_only_burst,2,post_attack,22,171,9,0,4
"імпульсний, еталон lambda=0",overnight_v5/ablation_gini_only_burst,2,post_attack,22,172,9,0,3
"імпульсний, еталон lambda=0",overnight_v5/ablation_gini_only_burst,2,post_attack,22,173,9,0,2
"імпульсний, еталон lambda=0",overnight_v5/ablation_gini_only_burst,2,post_attack,22,174,9,0,4
"імпульсний, еталон lambda=0",overnight_v5/ablation_gini_only_burst,2,post_attack,22,175,9,0,2
"імпульсний, еталон lambda=0",overnight_v5/ablation_gini_only_burst,2,post_attack,22,176,9,0,4
"імпульсний, еталон lambda=0",overnight_v5/ablation_gini_only_burst,2,post_attack,23,177,9,0,2
"імпульсний, еталон lambda=0",overnight_v5/ablation_gini_only_burst,2,post_attack,23,178,9,0,3
"імпульсний, еталон lambda=0",overnight_v5/ablation_gini_only_burst,2,post_attack,23,179,9,0,3
"імпульсний, еталон lambda=0",overnight_v5/ablation_gini_only_burst,2,post_attack,23,180,9,0,4
"імпульсний, еталон lambda=0",overnight_v5/ablation_gini_only_burst,2,post_attack,23,181,9,0,2
"імпульсний, еталон lambda=0",overnight_v5/ablation_gini_only_burst,2,post_attack,23,182,9,0,3
"імпульсний, еталон lambda=0",overnight_v5/ablation_gini_only_burst,2,post_attack,23,183,9,0,1
"імпульсний, еталон lambda=0",overnight_v5/ablation_gini_only_burst,2,post_attack,23,184,9,0,3
"імпульсний, еталон lambda=0",overnight_v5/ablation_gini_only_burst,2,post_attack,24,185,9,0,2
"імпульсний, еталон lambda=0",overnight_v5/ablation_gini_only_burst,2,post_attack,24,186,9,0,3
"імпульсний, еталон lambda=0",overnight_v5/ablation_gini_only_burst,2,post_attack,24,187,9,0,4
"імпульсний, еталон lambda=0",overnight_v5/ablation_gini_only_burst,2,post_attack,24,188,9,0,3
"імпульсний, еталон lambda=0",overnight_v5/ablation_gini_only_burst,2,post_attack,24,189,9,0,2
"імпульсний, еталон lambda=0",overnight_v5/ablation_gini_only_burst,2,post_attack,24,190,9,0,4
"імпульсний, еталон lambda=0",overnight_v5/ablation_gini_only_burst,2,post_attack,24,191,9,0,3
"імпульсний, еталон lambda=0",overnight_v5/ablation_gini_only_burst,2,post_attack,24,192,9,0,3
"імпульсний, еталон lambda=0",overnight_v5/ablation_gini_only_burst,2,post_attack,25,193,9,0,3
"імпульсний, еталон lambda=0",overnight_v5/ablation_gini_only_burst,2,post_attack,25,194,9,0,3
"імпульсний, еталон lambda=0",overnight_v5/ablation_gini_only_burst,2,post_attack,25,195,9,0,3
"імпульсний, еталон lambda=0",overnight_v5/ablation_gini_only_burst,2,post_attack,25,196,9,0,3
"імпульсний, еталон lambda=0",overnight_v5/ablation_gini_only_burst,2,post_attack,25,197,9,0,2
"імпульсний, еталон lambda=0",overnight_v5/ablation_gini_only_burst,2,post_attack,25,198,9,0,4
"імпульсний, еталон lambda=0",overnight_v5/ablation_gini_only_burst,2,post_attack,25,199,9,0,3
"імпульсний, еталон lambda=0",overnight_v5/ablation_gini_only_burst,2,post_attack,25,200,9,0,3
"імпульсний, еталон lambda=0",overnight_v5/ablation_gini_only_burst,2,post_attack,26,201,9,0,3
"імпульсний, еталон lambda=0",overnight_v5/ablation_gini_only_burst,2,post_attack,26,202,9,0,2
"імпульсний, еталон lambda=0",overnight_v5/ablation_gini_only_burst,2,post_attack,26,203,9,0,4
"імпульсний, еталон lambda=0",overnight_v5/ablation_gini_only_burst,2,post_attack,26,204,9,0,2
"імпульсний, еталон lambda=0",overnight_v5/ablation_gini_only_burst,2,post_attack,26,205,9,0,4
"імпульсний, еталон lambda=0",overnight_v5/ablation_gini_only_burst,2,post_attack,26,206,9,0,4
"імпульсний, еталон lambda=0",overnight_v5/ablation_gini_only_burst,2,post_attack,26,207,9,0,3
"імпульсний, еталон lambda=0",overnight_v5/ablation_gini_only_burst,2,post_attack,26,208,9,0,4
"імпульсний, еталон lambda=0",overnight_v5/ablation_gini_only_burst,2,post_attack,27,209,9,0,4
"імпульсний, еталон lambda=0",overnight_v5/ablation_gini_only_burst,2,post_attack,27,210,9,0,4
"імпульсний, еталон lambda=0",overnight_v5/ablation_gini_only_burst,2,post_attack,27,211,9,0,3
"імпульсний, еталон lambda=0",overnight_v5/ablation_gini_only_burst,2,post_attack,27,212,9,0,0
"імпульсний, еталон lambda=0",overnight_v5/ablation_gini_only_burst,2,post_attack,27,213,9,0,2
"імпульсний, еталон lambda=0",overnight_v5/ablation_gini_only_burst,2,post_attack,27,214,9,0,1
"імпульсний, еталон lambda=0",overnight_v5/ablation_gini_only_burst,2,post_attack,27,215,9,0,4
"імпульсний, еталон lambda=0",overnight_v5/ablation_gini_only_burst,2,post_attack,27,216,9,0,3
"імпульсний, еталон lambda=0",overnight_v5/ablation_gini_only_burst,2,post_attack,28,217,9,0,3
"імпульсний, еталон lambda=0",overnight_v5/ablation_gini_only_burst,2,post_attack,28,218,9,0,4
"імпульсний, еталон lambda=0",overnight_v5/ablation_gini_only_burst,2,post_attack,28,219,9,0,3
"імпульсний, еталон lambda=0",overnight_v5/ablation_gini_only_burst,2,post_attack,28,220,9,0,3
"імпульсний, еталон lambda=0",overnight_v5/ablation_gini_only_burst,2,post_attack,28,221,9,0,2
"імпульсний, еталон lambda=0",overnight_v5/ablation_gini_only_burst,2,post_attack,28,222,9,0,2
"імпульсний, еталон lambda=0",overnight_v5/ablation_gini_only_burst,2,post_attack,28,223,9,0,2
"імпульсний, еталон lambda=0",overnight_v5/ablation_gini_only_burst,2,post_attack,28,224,9,0,2
"імпульсний, еталон lambda=0",overnight_v5/ablation_gini_only_burst,2,post_attack,29,225,9,0,4
"імпульсний, еталон lambda=0",overnight_v5/ablation_gini_only_burst,2,post_attack,29,226,9,0,4
"імпульсний, еталон lambda=0",overnight_v5/ablation_gini_only_burst,2,post_attack,29,227,9,0,4
"імпульсний, еталон lambda=0",overnight_v5/ablation_gini_only_burst,2,post_attack,29,228,9,0,4
"імпульсний, еталон lambda=0",overnight_v5/ablation_gini_only_burst,2,post_attack,29,229,9,0,4
"імпульсний, еталон lambda=0",overnight_v5/ablation_gini_only_burst,2,post_attack,29,230,9,0,4
"імпульсний, еталон lambda=0",overnight_v5/ablation_gini_only_burst,2,post_attack,29,231,9,0,5
"імпульсний, еталон lambda=0",overnight_v5/ablation_gini_only_burst,2,post_attack,29,232,9,0,3
"імпульсний, еталон lambda=0",overnight_v5/ablation_gini_only_burst,2,post_attack,30,233,9,0,4
"імпульсний, еталон lambda=0",overnight_v5/ablation_gini_only_burst,2,post_attack,30,234,9,0,2
"імпульсний, еталон lambda=0",overnight_v5/ablation_gini_only_burst,2,post_attack,30,235,9,0,2
"імпульсний, еталон lambda=0",overnight_v5/ablation_gini_only_burst,2,post_attack,30,236,9,0,2
"імпульсний, еталон lambda=0",overnight_v5/ablation_gini_only_burst,2,post_attack,30,237,9,0,4
"імпульсний, еталон lambda=0",overnight_v5/ablation_gini_only_burst,2,post_attack,30,238,9,0,4
"імпульсний, еталон lambda=0",overnight_v5/ablation_gini_only_burst,2,post_attack,30,239,9,0,3
"імпульсний, еталон lambda=0",overnight_v5/ablation_gini_only_burst,2,post_attack,30,240,9,0,1
"імпульсний, еталон lambda=0",overnight_v5/ablation_gini_only_burst,2,post_attack,31,241,9,0,4
"імпульсний, еталон lambda=0",overnight_v5/ablation_gini_only_burst,2,post_attack,31,242,9,0,1
"імпульсний, еталон lambda=0",overnight_v5/ablation_gini_only_burst,2,post_attack,31,243,9,0,3
"імпульсний, еталон lambda=0",overnight_v5/ablation_gini_only_burst,2,post_attack,31,244,9,0,4
"імпульсний, еталон lambda=0",overnight_v5/ablation_gini_only_burst,2,post_attack,31,245,9,0,3
"імпульсний, еталон lambda=0",overnight_v5/ablation_gini_only_burst,2,post_attack,31,246,9,0,4
"імпульсний, еталон lambda=0",overnight_v5/ablation_gini_only_burst,2,post_attack,31,247,9,0,3
"імпульсний, еталон lambda=0",overnight_v5/ablation_gini_only_burst,2,post_attack,31,248,9,0,4
"імпульсний, еталон lambda=0",overnight_v5/ablation_gini_only_burst,2,post_attack,32,249,9,0,3
"імпульсний, еталон lambda=0",overnight_v5/ablation_gini_only_burst,2,post_attack,32,250,9,0,3
"імпульсний, еталон lambda=0",overnight_v5/ablation_gini_only_burst,2,post_attack,32,251,9,0,2
"імпульсний, еталон lambda=0",overnight_v5/ablation_gini_only_burst,2,post_attack,32,252,9,0,1
"імпульсний, еталон lambda=0",overnight_v5/ablation_gini_only_burst,2,post_attack,32,253,9,0,3
"імпульсний, еталон lambda=0",overnight_v5/ablation_gini_only_burst,2,post_attack,32,254,9,0,1
"імпульсний, еталон lambda=0",overnight_v5/ablation_gini_only_burst,2,post_attack,32,255,9,0,5
"імпульсний, еталон lambda=0",overnight_v5/ablation_gini_only_burst,2,post_attack,32,256,9,0,2
"імпульсний, еталон lambda=0",overnight_v5/ablation_gini_only_burst,2,post_attack,33,257,9,0,3
"імпульсний, еталон lambda=0",overnight_v5/ablation_gini_only_burst,2,post_attack,33,258,9,0,5
"імпульсний, еталон lambda=0",overnight_v5/ablation_gini_only_burst,2,post_attack,33,259,9,0,3
"імпульсний, еталон lambda=0",overnight_v5/ablation_gini_only_burst,2,post_attack,33,260,9,0,2
"імпульсний, еталон lambda=0",overnight_v5/ablation_gini_only_burst,2,post_attack,33,261,9,0,3
"імпульсний, еталон lambda=0",overnight_v5/ablation_gini_only_burst,2,post_attack,33,262,9,0,2
"імпульсний, еталон lambda=0",overnight_v5/ablation_gini_only_burst,2,post_attack,33,263,9,0,4
"імпульсний, еталон lambda=0",overnight_v5/ablation_gini_only_burst,2,post_attack,33,264,9,0,3
"імпульсний, еталон lambda=0",overnight_v5/ablation_gini_only_burst,2,post_attack,34,265,9,0,4
"імпульсний, еталон lambda=0",overnight_v5/ablation_gini_only_burst,2,post_attack,34,266,9,0,5
"імпульсний, еталон lambda=0",overnight_v5/ablation_gini_only_burst,2,post_attack,34,267,9,0,2
"імпульсний, еталон lambda=0",overnight_v5/ablation_gini_only_burst,2,post_attack,34,268,9,0,3
"імпульсний, еталон lambda=0",overnight_v5/ablation_gini_only_burst,2,post_attack,34,269,9,0,4
"імпульсний, еталон lambda=0",overnight_v5/ablation_gini_only_burst,2,post_attack,34,270,9,0,4
"імпульсний, еталон lambda=0",overnight_v5/ablation_gini_only_burst,2,post_attack,34,271,9,0,4
"імпульсний, еталон lambda=0",overnight_v5/ablation_gini_only_burst,2,post_attack,34,272,9,0,4
"імпульсний, еталон lambda=0",overnight_v5/ablation_gini_only_burst,2,post_attack,35,273,9,0,4
"імпульсний, еталон lambda=0",overnight_v5/ablation_gini_only_burst,2,post_attack,35,274,9,0,3
"імпульсний, еталон lambda=0",overnight_v5/ablation_gini_only_burst,2,post_attack,35,275,9,0,2
"імпульсний, еталон lambda=0",overnight_v5/ablation_gini_only_burst,2,post_attack,35,276,9,0,4
"імпульсний, еталон lambda=0",overnight_v5/ablation_gini_only_burst,2,post_attack,35,277,9,0,3
"імпульсний, еталон lambda=0",overnight_v5/ablation_gini_only_burst,2,post_attack,35,278,9,0,4
"імпульсний, еталон lambda=0",overnight_v5/ablation_gini_only_burst,2,post_attack,35,279,9,0,4
"імпульсний, еталон lambda=0",overnight_v5/ablation_gini_only_burst,2,post_attack,35,280,9,0,1
"імпульсний, еталон lambda=0",overnight_v5/ablation_gini_only_burst,2,post_attack,36,281,9,0,2
"імпульсний, еталон lambda=0",overnight_v5/ablation_gini_only_burst,2,post_attack,36,282,9,0,3
"імпульсний, еталон lambda=0",overnight_v5/ablation_gini_only_burst,2,post_attack,36,283,9,0,3
"імпульсний, еталон lambda=0",overnight_v5/ablation_gini_only_burst,2,post_attack,36,284,9,0,3
"імпульсний, еталон lambda=0",overnight_v5/ablation_gini_only_burst,2,post_attack,36,285,9,0,3
"імпульсний, еталон lambda=0",overnight_v5/ablation_gini_only_burst,2,post_attack,36,286,9,0,2
"імпульсний, еталон lambda=0",overnight_v5/ablation_gini_only_burst,2,post_attack,36,287,9,0,3
"імпульсний, еталон lambda=0",overnight_v5/ablation_gini_only_burst,2,post_attack,36,288,9,0,4
"імпульсний, еталон lambda=0",overnight_v5/ablation_gini_only_burst,2,post_attack,37,289,9,0,3
"імпульсний, еталон lambda=0",overnight_v5/ablation_gini_only_burst,2,post_attack,37,290,9,0,3
"імпульсний, еталон lambda=0",overnight_v5/ablation_gini_only_burst,2,post_attack,37,291,9,0,6
"імпульсний, еталон lambda=0",overnight_v5/ablation_gini_only_burst,2,post_attack,37,292,9,0,4
"імпульсний, еталон lambda=0",overnight_v5/ablation_gini_only_burst,2,post_attack,37,293,9,0,3
"імпульсний, еталон lambda=0",overnight_v5/ablation_gini_only_burst,2,post_attack,37,294,9,0,3
"імпульсний, еталон lambda=0",overnight_v5/ablation_gini_only_burst,2,post_attack,37,295,9,0,3
"імпульсний, еталон lambda=0",overnight_v5/ablation_gini_only_burst,2,post_attack,37,296,9,0,3
"імпульсний, еталон lambda=0",overnight_v5/ablation_gini_only_burst,2,post_attack,38,297,9,0,5
"імпульсний, еталон lambda=0",overnight_v5/ablation_gini_only_burst,2,post_attack,38,298,9,0,3
"імпульсний, еталон lambda=0",overnight_v5/ablation_gini_only_burst,2,post_attack,38,299,9,0,2
"імпульсний, еталон lambda=0",overnight_v5/ablation_gini_only_burst,2,post_attack,38,300,9,0,3
"імпульсний, еталон lambda=0",overnight_v5/ablation_gini_only_burst,2,post_attack,38,301,9,0,4
"імпульсний, еталон lambda=0",overnight_v5/ablation_gini_only_burst,2,post_attack,38,302,9,0,2
"імпульсний, еталон lambda=0",overnight_v5/ablation_gini_only_burst,2,post_attack,38,303,9,0,1
"імпульсний, еталон lambda=0",overnight_v5/ablation_gini_only_burst,2,post_attack,38,304,9,0,2
"імпульсний, еталон lambda=0",overnight_v5/ablation_gini_only_burst,2,post_attack,39,305,9,0,3
"імпульсний, еталон lambda=0",overnight_v5/ablation_gini_only_burst,2,post_attack,39,306,9,0,3
"імпульсний, еталон lambda=0",overnight_v5/ablation_gini_only_burst,2,post_attack,39,307,9,0,4
"імпульсний, еталон lambda=0",overnight_v5/ablation_gini_only_burst,2,post_attack,39,308,9,0,4
"імпульсний, еталон lambda=0",overnight_v5/ablation_gini_only_burst,2,post_attack,39,309,9,0,4
"імпульсний, еталон lambda=0",overnight_v5/ablation_gini_only_burst,2,post_attack,39,310,9,0,3
"імпульсний, еталон lambda=0",overnight_v5/ablation_gini_only_burst,2,post_attack,39,311,9,0,4
"імпульсний, еталон lambda=0",overnight_v5/ablation_gini_only_burst,2,post_attack,39,312,9,0,3
"імпульсний, еталон lambda=0",overnight_v5/ablation_gini_only_burst,2,post_attack,40,313,9,0,3
"імпульсний, еталон lambda=0",overnight_v5/ablation_gini_only_burst,2,post_attack,40,314,9,0,2
"імпульсний, еталон lambda=0",overnight_v5/ablation_gini_only_burst,2,post_attack,40,315,9,0,2
"імпульсний, еталон lambda=0",overnight_v5/ablation_gini_only_burst,2,post_attack,40,316,9,0,3
"імпульсний, еталон lambda=0",overnight_v5/ablation_gini_only_burst,2,post_attack,40,317,9,0,2
"імпульсний, еталон lambda=0",overnight_v5/ablation_gini_only_burst,2,post_attack,40,318,9,0,3
"імпульсний, еталон lambda=0",overnight_v5/ablation_gini_only_burst,2,post_attack,40,319,9,0,2
"імпульсний, еталон lambda=0",overnight_v5/ablation_gini_only_burst,2,post_attack,40,320,9,0,4
"імпульсний, еталон lambda=0",overnight_v5/ablation_gini_only_burst,2,post_attack,41,321,9,0,3
"імпульсний, еталон lambda=0",overnight_v5/ablation_gini_only_burst,2,post_attack,41,322,9,0,1
"імпульсний, еталон lambda=0",overnight_v5/ablation_gini_only_burst,2,post_attack,41,323,9,0,4
"імпульсний, еталон lambda=0",overnight_v5/ablation_gini_only_burst,2,post_attack,41,324,9,0,1
"імпульсний, еталон lambda=0",overnight_v5/ablation_gini_only_burst,2,post_attack,41,325,9,0,4
"імпульсний, еталон lambda=0",overnight_v5/ablation_gini_only_burst,2,post_attack,41,326,9,0,2
"імпульсний, еталон lambda=0",overnight_v5/ablation_gini_only_burst,2,post_attack,41,327,9,0,2
"імпульсний, еталон lambda=0",overnight_v5/ablation_gini_only_burst,2,post_attack,41,328,9,0,2
"імпульсний, еталон lambda=0",overnight_v5/ablation_gini_only_burst,2,post_attack,42,329,9,0,3
"імпульсний, еталон lambda=0",overnight_v5/ablation_gini_only_burst,2,post_attack,42,330,9,0,3
"імпульсний, еталон lambda=0",overnight_v5/ablation_gini_only_burst,2,post_attack,42,331,9,0,3
"імпульсний, еталон lambda=0",overnight_v5/ablation_gini_only_burst,2,post_attack,42,332,9,0,2
"імпульсний, еталон lambda=0",overnight_v5/ablation_gini_only_burst,2,post_attack,42,333,9,0,3
"імпульсний, еталон lambda=0",overnight_v5/ablation_gini_only_burst,2,post_attack,42,334,9,0,3
"імпульсний, еталон lambda=0",overnight_v5/ablation_gini_only_burst,2,post_attack,42,335,9,0,2
"імпульсний, еталон lambda=0",overnight_v5/ablation_gini_only_burst,2,post_attack,42,336,9,0,2
"імпульсний, еталон lambda=0",overnight_v5/ablation_gini_only_burst,2,post_attack,43,337,9,0,3
"імпульсний, еталон lambda=0",overnight_v5/ablation_gini_only_burst,2,post_attack,43,338,9,0,3
"імпульсний, еталон lambda=0",overnight_v5/ablation_gini_only_burst,2,post_attack,43,339,9,0,4
"імпульсний, еталон lambda=0",overnight_v5/ablation_gini_only_burst,2,post_attack,43,340,9,0,3
"імпульсний, еталон lambda=0",overnight_v5/ablation_gini_only_burst,2,post_attack,43,341,9,0,4
"імпульсний, еталон lambda=0",overnight_v5/ablation_gini_only_burst,2,post_attack,43,342,9,0,5
"імпульсний, еталон lambda=0",overnight_v5/ablation_gini_only_burst,2,post_attack,43,343,9,0,3
"імпульсний, еталон lambda=0",overnight_v5/ablation_gini_only_burst,2,post_attack,43,344,9,0,4
"імпульсний, еталон lambda=0",overnight_v5/ablation_gini_only_burst,2,post_attack,44,345,9,0,2
"імпульсний, еталон lambda=0",overnight_v5/ablation_gini_only_burst,2,post_attack,44,346,9,0,4
"імпульсний, еталон lambda=0",overnight_v5/ablation_gini_only_burst,2,post_attack,44,347,9,0,4
"імпульсний, еталон lambda=0",overnight_v5/ablation_gini_only_burst,2,post_attack,44,348,9,0,3
"імпульсний, еталон lambda=0",overnight_v5/ablation_gini_only_burst,2,post_attack,44,349,9,0,5
"імпульсний, еталон lambda=0",overnight_v5/ablation_gini_only_burst,2,post_attack,44,350,9,0,3
"імпульсний, еталон lambda=0",overnight_v5/ablation_gini_only_burst,2,post_attack,44,351,9,0,2
"імпульсний, еталон lambda=0",overnight_v5/ablation_gini_only_burst,2,post_attack,44,352,9,0,2
"імпульсний, еталон lambda=0",overnight_v5/ablation_gini_only_burst,2,post_attack,45,353,9,0,5
"імпульсний, еталон lambda=0",overnight_v5/ablation_gini_only_burst,2,post_attack,45,354,9,0,2
"імпульсний, еталон lambda=0",overnight_v5/ablation_gini_only_burst,2,post_attack,45,355,9,0,3
"імпульсний, еталон lambda=0",overnight_v5/ablation_gini_only_burst,2,post_attack,45,356,9,0,3
"імпульсний, еталон lambda=0",overnight_v5/ablation_gini_only_burst,2,post_attack,45,357,9,0,4
"імпульсний, еталон lambda=0",overnight_v5/ablation_gini_only_burst,2,post_attack,45,358,9,0,2
"імпульсний, еталон lambda=0",overnight_v5/ablation_gini_only_burst,2,post_attack,45,359,9,0,3
"імпульсний, еталон lambda=0",overnight_v5/ablation_gini_only_burst,2,post_attack,45,360,9,0,5
"імпульсний, еталон lambda=0",overnight_v5/ablation_gini_only_burst,2,post_attack,46,361,9,0,4
"імпульсний, еталон lambda=0",overnight_v5/ablation_gini_only_burst,2,post_attack,46,362,9,0,4
"імпульсний, еталон lambda=0",overnight_v5/ablation_gini_only_burst,2,post_attack,46,363,9,0,2
"імпульсний, еталон lambda=0",overnight_v5/ablation_gini_only_burst,2,post_attack,46,364,9,0,4
"імпульсний, еталон lambda=0",overnight_v5/ablation_gini_only_burst,2,post_attack,46,365,9,0,4
"імпульсний, еталон lambda=0",overnight_v5/ablation_gini_only_burst,2,post_attack,46,366,9,0,3
"імпульсний, еталон lambda=0",overnight_v5/ablation_gini_only_burst,2,post_attack,46,367,9,0,4
"імпульсний, еталон lambda=0",overnight_v5/ablation_gini_only_burst,2,post_attack,46,368,9,0,4
"імпульсний, еталон lambda=0",overnight_v5/ablation_gini_only_burst,2,post_attack,47,369,9,0,4
"імпульсний, еталон lambda=0",overnight_v5/ablation_gini_only_burst,2,post_attack,47,370,9,0,3
"імпульсний, еталон lambda=0",overnight_v5/ablation_gini_only_burst,2,post_attack,47,371,9,0,2
"імпульсний, еталон lambda=0",overnight_v5/ablation_gini_only_burst,2,post_attack,47,372,9,0,4
"імпульсний, еталон lambda=0",overnight_v5/ablation_gini_only_burst,2,post_attack,47,373,9,0,3
"імпульсний, еталон lambda=0",overnight_v5/ablation_gini_only_burst,2,post_attack,47,374,9,0,1
"імпульсний, еталон lambda=0",overnight_v5/ablation_gini_only_burst,2,post_attack,47,375,9,0,2
"імпульсний, еталон lambda=0",overnight_v5/ablation_gini_only_burst,2,post_attack,47,376,9,0,4
"імпульсний, еталон lambda=0",overnight_v5/ablation_gini_only_burst,2,post_attack,48,377,9,0,2
"імпульсний, еталон lambda=0",overnight_v5/ablation_gini_only_burst,2,post_attack,48,378,9,0,5
"імпульсний, еталон lambda=0",overnight_v5/ablation_gini_only_burst,2,post_attack,48,379,9,0,3
"імпульсний, еталон lambda=0",overnight_v5/ablation_gini_only_burst,2,post_attack,48,380,9,0,2
"імпульсний, еталон lambda=0",overnight_v5/ablation_gini_only_burst,2,post_attack,48,381,9,0,4
"імпульсний, еталон lambda=0",overnight_v5/ablation_gini_only_burst,2,post_attack,48,382,9,0,4
"імпульсний, еталон lambda=0",overnight_v5/ablation_gini_only_burst,2,post_attack,48,383,9,0,3
"імпульсний, еталон lambda=0",overnight_v5/ablation_gini_only_burst,2,post_attack,48,384,9,0,4
"імпульсний, еталон lambda=0",overnight_v5/ablation_gini_only_burst,2,post_attack,49,385,9,0,4
"імпульсний, еталон lambda=0",overnight_v5/ablation_gini_only_burst,2,post_attack,49,386,9,0,2
"імпульсний, еталон lambda=0",overnight_v5/ablation_gini_only_burst,2,post_attack,49,387,9,0,2
"імпульсний, еталон lambda=0",overnight_v5/ablation_gini_only_burst,2,post_attack,49,388,9,0,1
"імпульсний, еталон lambda=0",overnight_v5/ablation_gini_only_burst,2,post_attack,49,389,9,0,2
"імпульсний, еталон lambda=0",overnight_v5/ablation_gini_only_burst,2,post_attack,49,390,9,0,3
"імпульсний, еталон lambda=0",overnight_v5/ablation_gini_only_burst,2,post_attack,49,391,9,0,3
"імпульсний, еталон lambda=0",overnight_v5/ablation_gini_only_burst,2,post_attack,49,392,9,0,3
"імпульсний, еталон lambda=0",overnight_v5/ablation_gini_only_burst,2,post_attack,50,393,9,0,4
"імпульсний, еталон lambda=0",overnight_v5/ablation_gini_only_burst,2,post_attack,50,394,9,0,3
"імпульсний, еталон lambda=0",overnight_v5/ablation_gini_only_burst,2,post_attack,50,395,9,0,5
"імпульсний, еталон lambda=0",overnight_v5/ablation_gini_only_burst,2,post_attack,50,396,9,0,5
"імпульсний, еталон lambda=0",overnight_v5/ablation_gini_only_burst,2,post_attack,50,397,9,0,3
"імпульсний, еталон lambda=0",overnight_v5/ablation_gini_only_burst,2,post_attack,50,398,9,0,3
"імпульсний, еталон lambda=0",overnight_v5/ablation_gini_only_burst,2,post_attack,50,399,9,0,2
"імпульсний, еталон lambda=0",overnight_v5/ablation_gini_only_burst,2,post_attack,50,400,9,0,3
"імпульсний, еталон lambda=0",overnight_v5/ablation_gini_only_burst,3,post_attack,21,161,9,0,2
"імпульсний, еталон lambda=0",overnight_v5/ablation_gini_only_burst,3,post_attack,21,162,9,0,3
"імпульсний, еталон lambda=0",overnight_v5/ablation_gini_only_burst,3,post_attack,21,163,9,0,4
"імпульсний, еталон lambda=0",overnight_v5/ablation_gini_only_burst,3,post_attack,21,164,9,0,2
"імпульсний, еталон lambda=0",overnight_v5/ablation_gini_only_burst,3,post_attack,21,165,9,0,2
"імпульсний, еталон lambda=0",overnight_v5/ablation_gini_only_burst,3,post_attack,21,166,9,0,4
"імпульсний, еталон lambda=0",overnight_v5/ablation_gini_only_burst,3,post_attack,21,167,9,0,2
"імпульсний, еталон lambda=0",overnight_v5/ablation_gini_only_burst,3,post_attack,21,168,9,0,2
"імпульсний, еталон lambda=0",overnight_v5/ablation_gini_only_burst,3,post_attack,22,169,9,0,4
"імпульсний, еталон lambda=0",overnight_v5/ablation_gini_only_burst,3,post_attack,22,170,9,0,2
"імпульсний, еталон lambda=0",overnight_v5/ablation_gini_only_burst,3,post_attack,22,171,9,0,2
"імпульсний, еталон lambda=0",overnight_v5/ablation_gini_only_burst,3,post_attack,22,172,9,0,4
"імпульсний, еталон lambda=0",overnight_v5/ablation_gini_only_burst,3,post_attack,22,173,9,0,3
"імпульсний, еталон lambda=0",overnight_v5/ablation_gini_only_burst,3,post_attack,22,174,9,0,4
"імпульсний, еталон lambda=0",overnight_v5/ablation_gini_only_burst,3,post_attack,22,175,9,0,3
"імпульсний, еталон lambda=0",overnight_v5/ablation_gini_only_burst,3,post_attack,22,176,9,0,2
"імпульсний, еталон lambda=0",overnight_v5/ablation_gini_only_burst,3,post_attack,23,177,9,0,3
"імпульсний, еталон lambda=0",overnight_v5/ablation_gini_only_burst,3,post_attack,23,178,9,0,2
"імпульсний, еталон lambda=0",overnight_v5/ablation_gini_only_burst,3,post_attack,23,179,9,0,2
"імпульсний, еталон lambda=0",overnight_v5/ablation_gini_only_burst,3,post_attack,23,180,9,0,1
"імпульсний, еталон lambda=0",overnight_v5/ablation_gini_only_burst,3,post_attack,23,181,9,0,3
"імпульсний, еталон lambda=0",overnight_v5/ablation_gini_only_burst,3,post_attack,23,182,9,0,2
"імпульсний, еталон lambda=0",overnight_v5/ablation_gini_only_burst,3,post_attack,23,183,9,0,0
"імпульсний, еталон lambda=0",overnight_v5/ablation_gini_only_burst,3,post_attack,23,184,9,0,2
"імпульсний, еталон lambda=0",overnight_v5/ablation_gini_only_burst,3,post_attack,24,185,9,0,3
"імпульсний, еталон lambda=0",overnight_v5/ablation_gini_only_burst,3,post_attack,24,186,9,0,3
"імпульсний, еталон lambda=0",overnight_v5/ablation_gini_only_burst,3,post_attack,24,187,9,0,2
"імпульсний, еталон lambda=0",overnight_v5/ablation_gini_only_burst,3,post_attack,24,188,9,0,3
"імпульсний, еталон lambda=0",overnight_v5/ablation_gini_only_burst,3,post_attack,24,189,9,0,2
"імпульсний, еталон lambda=0",overnight_v5/ablation_gini_only_burst,3,post_attack,24,190,9,0,3
"імпульсний, еталон lambda=0",overnight_v5/ablation_gini_only_burst,3,post_attack,24,191,9,0,4
"імпульсний, еталон lambda=0",overnight_v5/ablation_gini_only_burst,3,post_attack,24,192,9,0,4
"імпульсний, еталон lambda=0",overnight_v5/ablation_gini_only_burst,3,post_attack,25,193,9,0,2
"імпульсний, еталон lambda=0",overnight_v5/ablation_gini_only_burst,3,post_attack,25,194,9,0,3
"імпульсний, еталон lambda=0",overnight_v5/ablation_gini_only_burst,3,post_attack,25,195,9,0,4
"імпульсний, еталон lambda=0",overnight_v5/ablation_gini_only_burst,3,post_attack,25,196,9,0,4
"імпульсний, еталон lambda=0",overnight_v5/ablation_gini_only_burst,3,post_attack,25,197,9,0,3
"імпульсний, еталон lambda=0",overnight_v5/ablation_gini_only_burst,3,post_attack,25,198,9,0,5
"імпульсний, еталон lambda=0",overnight_v5/ablation_gini_only_burst,3,post_attack,25,199,9,0,2
"імпульсний, еталон lambda=0",overnight_v5/ablation_gini_only_burst,3,post_attack,25,200,9,0,3
"імпульсний, еталон lambda=0",overnight_v5/ablation_gini_only_burst,3,post_attack,26,201,9,0,5
"імпульсний, еталон lambda=0",overnight_v5/ablation_gini_only_burst,3,post_attack,26,202,9,0,3
"імпульсний, еталон lambda=0",overnight_v5/ablation_gini_only_burst,3,post_attack,26,203,9,0,4
"імпульсний, еталон lambda=0",overnight_v5/ablation_gini_only_burst,3,post_attack,26,204,9,0,4
"імпульсний, еталон lambda=0",overnight_v5/ablation_gini_only_burst,3,post_attack,26,205,9,0,2
"імпульсний, еталон lambda=0",overnight_v5/ablation_gini_only_burst,3,post_attack,26,206,9,0,4
"імпульсний, еталон lambda=0",overnight_v5/ablation_gini_only_burst,3,post_attack,26,207,9,0,3
"імпульсний, еталон lambda=0",overnight_v5/ablation_gini_only_burst,3,post_attack,26,208,9,0,4
"імпульсний, еталон lambda=0",overnight_v5/ablation_gini_only_burst,3,post_attack,27,209,9,0,3
"імпульсний, еталон lambda=0",overnight_v5/ablation_gini_only_burst,3,post_attack,27,210,9,0,2
"імпульсний, еталон lambda=0",overnight_v5/ablation_gini_only_burst,3,post_attack,27,211,9,0,3
"імпульсний, еталон lambda=0",overnight_v5/ablation_gini_only_burst,3,post_attack,27,212,9,0,3
"імпульсний, еталон lambda=0",overnight_v5/ablation_gini_only_burst,3,post_attack,27,213,9,0,3
"імпульсний, еталон lambda=0",overnight_v5/ablation_gini_only_burst,3,post_attack,27,214,9,0,4
"імпульсний, еталон lambda=0",overnight_v5/ablation_gini_only_burst,3,post_attack,27,215,9,0,2
"імпульсний, еталон lambda=0",overnight_v5/ablation_gini_only_burst,3,post_attack,27,216,9,0,2
"імпульсний, еталон lambda=0",overnight_v5/ablation_gini_only_burst,3,post_attack,28,217,9,0,3
"імпульсний, еталон lambda=0",overnight_v5/ablation_gini_only_burst,3,post_attack,28,218,9,0,4
"імпульсний, еталон lambda=0",overnight_v5/ablation_gini_only_burst,3,post_attack,28,219,9,0,3
"імпульсний, еталон lambda=0",overnight_v5/ablation_gini_only_burst,3,post_attack,28,220,9,0,1
"імпульсний, еталон lambda=0",overnight_v5/ablation_gini_only_burst,3,post_attack,28,221,9,0,2
"імпульсний, еталон lambda=0",overnight_v5/ablation_gini_only_burst,3,post_attack,28,222,9,0,4
"імпульсний, еталон lambda=0",overnight_v5/ablation_gini_only_burst,3,post_attack,28,223,9,0,3
"імпульсний, еталон lambda=0",overnight_v5/ablation_gini_only_burst,3,post_attack,28,224,9,0,4
"імпульсний, еталон lambda=0",overnight_v5/ablation_gini_only_burst,3,post_attack,29,225,9,0,2
"імпульсний, еталон lambda=0",overnight_v5/ablation_gini_only_burst,3,post_attack,29,226,9,0,1
"імпульсний, еталон lambda=0",overnight_v5/ablation_gini_only_burst,3,post_attack,29,227,9,0,4
"імпульсний, еталон lambda=0",overnight_v5/ablation_gini_only_burst,3,post_attack,29,228,9,0,2
"імпульсний, еталон lambda=0",overnight_v5/ablation_gini_only_burst,3,post_attack,29,229,9,0,4
"імпульсний, еталон lambda=0",overnight_v5/ablation_gini_only_burst,3,post_attack,29,230,9,0,4
"імпульсний, еталон lambda=0",overnight_v5/ablation_gini_only_burst,3,post_attack,29,231,9,0,3
"імпульсний, еталон lambda=0",overnight_v5/ablation_gini_only_burst,3,post_attack,29,232,9,0,3
"імпульсний, еталон lambda=0",overnight_v5/ablation_gini_only_burst,3,post_attack,30,233,9,0,3
"імпульсний, еталон lambda=0",overnight_v5/ablation_gini_only_burst,3,post_attack,30,234,9,0,2
"імпульсний, еталон lambda=0",overnight_v5/ablation_gini_only_burst,3,post_attack,30,235,9,0,3
"імпульсний, еталон lambda=0",overnight_v5/ablation_gini_only_burst,3,post_attack,30,236,9,0,3
"імпульсний, еталон lambda=0",overnight_v5/ablation_gini_only_burst,3,post_attack,30,237,9,0,3
"імпульсний, еталон lambda=0",overnight_v5/ablation_gini_only_burst,3,post_attack,30,238,9,0,2
"імпульсний, еталон lambda=0",overnight_v5/ablation_gini_only_burst,3,post_attack,30,239,9,0,4
"імпульсний, еталон lambda=0",overnight_v5/ablation_gini_only_burst,3,post_attack,30,240,9,0,3
"імпульсний, еталон lambda=0",overnight_v5/ablation_gini_only_burst,3,post_attack,31,241,9,0,3
"імпульсний, еталон lambda=0",overnight_v5/ablation_gini_only_burst,3,post_attack,31,242,9,0,3
"імпульсний, еталон lambda=0",overnight_v5/ablation_gini_only_burst,3,post_attack,31,243,9,0,3
"імпульсний, еталон lambda=0",overnight_v5/ablation_gini_only_burst,3,post_attack,31,244,9,0,3
"імпульсний, еталон lambda=0",overnight_v5/ablation_gini_only_burst,3,post_attack,31,245,9,0,3
"імпульсний, еталон lambda=0",overnight_v5/ablation_gini_only_burst,3,post_attack,31,246,9,0,2
"імпульсний, еталон lambda=0",overnight_v5/ablation_gini_only_burst,3,post_attack,31,247,9,0,3
"імпульсний, еталон lambda=0",overnight_v5/ablation_gini_only_burst,3,post_attack,31,248,9,0,3
"імпульсний, еталон lambda=0",overnight_v5/ablation_gini_only_burst,3,post_attack,32,249,9,0,3
"імпульсний, еталон lambda=0",overnight_v5/ablation_gini_only_burst,3,post_attack,32,250,9,0,4
"імпульсний, еталон lambda=0",overnight_v5/ablation_gini_only_burst,3,post_attack,32,251,9,0,4
"імпульсний, еталон lambda=0",overnight_v5/ablation_gini_only_burst,3,post_attack,32,252,9,0,3
"імпульсний, еталон lambda=0",overnight_v5/ablation_gini_only_burst,3,post_attack,32,253,9,0,4
"імпульсний, еталон lambda=0",overnight_v5/ablation_gini_only_burst,3,post_attack,32,254,9,0,3
"імпульсний, еталон lambda=0",overnight_v5/ablation_gini_only_burst,3,post_attack,32,255,9,0,3
"імпульсний, еталон lambda=0",overnight_v5/ablation_gini_only_burst,3,post_attack,32,256,9,0,3
"імпульсний, еталон lambda=0",overnight_v5/ablation_gini_only_burst,3,post_attack,33,257,9,0,4
"імпульсний, еталон lambda=0",overnight_v5/ablation_gini_only_burst,3,post_attack,33,258,9,0,3
"імпульсний, еталон lambda=0",overnight_v5/ablation_gini_only_burst,3,post_attack,33,259,9,0,3
"імпульсний, еталон lambda=0",overnight_v5/ablation_gini_only_burst,3,post_attack,33,260,9,0,2
"імпульсний, еталон lambda=0",overnight_v5/ablation_gini_only_burst,3,post_attack,33,261,9,0,1
"імпульсний, еталон lambda=0",overnight_v5/ablation_gini_only_burst,3,post_attack,33,262,9,0,3
"імпульсний, еталон lambda=0",overnight_v5/ablation_gini_only_burst,3,post_attack,33,263,9,0,2
"імпульсний, еталон lambda=0",overnight_v5/ablation_gini_only_burst,3,post_attack,33,264,9,0,5
"імпульсний, еталон lambda=0",overnight_v5/ablation_gini_only_burst,3,post_attack,34,265,9,0,3
"імпульсний, еталон lambda=0",overnight_v5/ablation_gini_only_burst,3,post_attack,34,266,9,0,3
"імпульсний, еталон lambda=0",overnight_v5/ablation_gini_only_burst,3,post_attack,34,267,9,0,2
"імпульсний, еталон lambda=0",overnight_v5/ablation_gini_only_burst,3,post_attack,34,268,9,0,3
"імпульсний, еталон lambda=0",overnight_v5/ablation_gini_only_burst,3,post_attack,34,269,9,0,5
"імпульсний, еталон lambda=0",overnight_v5/ablation_gini_only_burst,3,post_attack,34,270,9,0,3
"імпульсний, еталон lambda=0",overnight_v5/ablation_gini_only_burst,3,post_attack,34,271,9,0,2
"імпульсний, еталон lambda=0",overnight_v5/ablation_gini_only_burst,3,post_attack,34,272,9,0,3
"імпульсний, еталон lambda=0",overnight_v5/ablation_gini_only_burst,3,post_attack,35,273,9,0,5
"імпульсний, еталон lambda=0",overnight_v5/ablation_gini_only_burst,3,post_attack,35,274,9,0,1
"імпульсний, еталон lambda=0",overnight_v5/ablation_gini_only_burst,3,post_attack,35,275,9,0,3
"імпульсний, еталон lambda=0",overnight_v5/ablation_gini_only_burst,3,post_attack,35,276,9,0,3
"імпульсний, еталон lambda=0",overnight_v5/ablation_gini_only_burst,3,post_attack,35,277,9,0,2
"імпульсний, еталон lambda=0",overnight_v5/ablation_gini_only_burst,3,post_attack,35,278,9,0,3
"імпульсний, еталон lambda=0",overnight_v5/ablation_gini_only_burst,3,post_attack,35,279,9,0,5
"імпульсний, еталон lambda=0",overnight_v5/ablation_gini_only_burst,3,post_attack,35,280,9,0,3
"імпульсний, еталон lambda=0",overnight_v5/ablation_gini_only_burst,3,post_attack,36,281,9,0,2
"імпульсний, еталон lambda=0",overnight_v5/ablation_gini_only_burst,3,post_attack,36,282,9,0,1
"імпульсний, еталон lambda=0",overnight_v5/ablation_gini_only_burst,3,post_attack,36,283,9,0,3
"імпульсний, еталон lambda=0",overnight_v5/ablation_gini_only_burst,3,post_attack,36,284,9,0,4
"імпульсний, еталон lambda=0",overnight_v5/ablation_gini_only_burst,3,post_attack,36,285,9,0,3
"імпульсний, еталон lambda=0",overnight_v5/ablation_gini_only_burst,3,post_attack,36,286,9,0,2
"імпульсний, еталон lambda=0",overnight_v5/ablation_gini_only_burst,3,post_attack,36,287,9,0,3
"імпульсний, еталон lambda=0",overnight_v5/ablation_gini_only_burst,3,post_attack,36,288,9,0,4
"імпульсний, еталон lambda=0",overnight_v5/ablation_gini_only_burst,3,post_attack,37,289,9,0,1
"імпульсний, еталон lambda=0",overnight_v5/ablation_gini_only_burst,3,post_attack,37,290,9,0,1
"імпульсний, еталон lambda=0",overnight_v5/ablation_gini_only_burst,3,post_attack,37,291,9,0,3
"імпульсний, еталон lambda=0",overnight_v5/ablation_gini_only_burst,3,post_attack,37,292,9,0,1
"імпульсний, еталон lambda=0",overnight_v5/ablation_gini_only_burst,3,post_attack,37,293,9,0,3
"імпульсний, еталон lambda=0",overnight_v5/ablation_gini_only_burst,3,post_attack,37,294,9,0,3
"імпульсний, еталон lambda=0",overnight_v5/ablation_gini_only_burst,3,post_attack,37,295,9,0,3
"імпульсний, еталон lambda=0",overnight_v5/ablation_gini_only_burst,3,post_attack,37,296,9,0,3
"імпульсний, еталон lambda=0",overnight_v5/ablation_gini_only_burst,3,post_attack,38,297,9,0,4
"імпульсний, еталон lambda=0",overnight_v5/ablation_gini_only_burst,3,post_attack,38,298,9,0,5
"імпульсний, еталон lambda=0",overnight_v5/ablation_gini_only_burst,3,post_attack,38,299,9,0,2
"імпульсний, еталон lambda=0",overnight_v5/ablation_gini_only_burst,3,post_attack,38,300,9,0,3
"імпульсний, еталон lambda=0",overnight_v5/ablation_gini_only_burst,3,post_attack,38,301,9,0,4
"імпульсний, еталон lambda=0",overnight_v5/ablation_gini_only_burst,3,post_attack,38,302,9,0,2
"імпульсний, еталон lambda=0",overnight_v5/ablation_gini_only_burst,3,post_attack,38,303,9,0,4
"імпульсний, еталон lambda=0",overnight_v5/ablation_gini_only_burst,3,post_attack,38,304,9,0,1
"імпульсний, еталон lambda=0",overnight_v5/ablation_gini_only_burst,3,post_attack,39,305,9,0,5
"імпульсний, еталон lambda=0",overnight_v5/ablation_gini_only_burst,3,post_attack,39,306,9,0,4
"імпульсний, еталон lambda=0",overnight_v5/ablation_gini_only_burst,3,post_attack,39,307,9,0,3
"імпульсний, еталон lambda=0",overnight_v5/ablation_gini_only_burst,3,post_attack,39,308,9,0,4
"імпульсний, еталон lambda=0",overnight_v5/ablation_gini_only_burst,3,post_attack,39,309,9,0,3
"імпульсний, еталон lambda=0",overnight_v5/ablation_gini_only_burst,3,post_attack,39,310,9,0,3
"імпульсний, еталон lambda=0",overnight_v5/ablation_gini_only_burst,3,post_attack,39,311,9,0,3
"імпульсний, еталон lambda=0",overnight_v5/ablation_gini_only_burst,3,post_attack,39,312,9,0,2
"імпульсний, еталон lambda=0",overnight_v5/ablation_gini_only_burst,3,post_attack,40,313,9,0,2
"імпульсний, еталон lambda=0",overnight_v5/ablation_gini_only_burst,3,post_attack,40,314,9,0,4
"імпульсний, еталон lambda=0",overnight_v5/ablation_gini_only_burst,3,post_attack,40,315,9,0,2
"імпульсний, еталон lambda=0",overnight_v5/ablation_gini_only_burst,3,post_attack,40,316,9,0,3
"імпульсний, еталон lambda=0",overnight_v5/ablation_gini_only_burst,3,post_attack,40,317,9,0,3
"імпульсний, еталон lambda=0",overnight_v5/ablation_gini_only_burst,3,post_attack,40,318,9,0,3
"імпульсний, еталон lambda=0",overnight_v5/ablation_gini_only_burst,3,post_attack,40,319,9,0,2
"імпульсний, еталон lambda=0",overnight_v5/ablation_gini_only_burst,3,post_attack,40,320,9,0,2
"імпульсний, еталон lambda=0",overnight_v5/ablation_gini_only_burst,3,post_attack,41,321,9,0,4
"імпульсний, еталон lambda=0",overnight_v5/ablation_gini_only_burst,3,post_attack,41,322,9,0,4
"імпульсний, еталон lambda=0",overnight_v5/ablation_gini_only_burst,3,post_attack,41,323,9,0,5
"імпульсний, еталон lambda=0",overnight_v5/ablation_gini_only_burst,3,post_attack,41,324,9,0,3
"імпульсний, еталон lambda=0",overnight_v5/ablation_gini_only_burst,3,post_attack,41,325,9,0,4
"імпульсний, еталон lambda=0",overnight_v5/ablation_gini_only_burst,3,post_attack,41,326,9,0,2
"імпульсний, еталон lambda=0",overnight_v5/ablation_gini_only_burst,3,post_attack,41,327,9,0,3
"імпульсний, еталон lambda=0",overnight_v5/ablation_gini_only_burst,3,post_attack,41,328,9,0,2
"імпульсний, еталон lambda=0",overnight_v5/ablation_gini_only_burst,3,post_attack,42,329,9,0,4
"імпульсний, еталон lambda=0",overnight_v5/ablation_gini_only_burst,3,post_attack,42,330,9,0,3
"імпульсний, еталон lambda=0",overnight_v5/ablation_gini_only_burst,3,post_attack,42,331,9,0,2
"імпульсний, еталон lambda=0",overnight_v5/ablation_gini_only_burst,3,post_attack,42,332,9,0,4
"імпульсний, еталон lambda=0",overnight_v5/ablation_gini_only_burst,3,post_attack,42,333,9,0,1
"імпульсний, еталон lambda=0",overnight_v5/ablation_gini_only_burst,3,post_attack,42,334,9,0,2
"імпульсний, еталон lambda=0",overnight_v5/ablation_gini_only_burst,3,post_attack,42,335,9,0,3
"імпульсний, еталон lambda=0",overnight_v5/ablation_gini_only_burst,3,post_attack,42,336,9,0,3
"імпульсний, еталон lambda=0",overnight_v5/ablation_gini_only_burst,3,post_attack,43,337,9,0,3
"імпульсний, еталон lambda=0",overnight_v5/ablation_gini_only_burst,3,post_attack,43,338,9,0,3
"імпульсний, еталон lambda=0",overnight_v5/ablation_gini_only_burst,3,post_attack,43,339,9,0,4
"імпульсний, еталон lambda=0",overnight_v5/ablation_gini_only_burst,3,post_attack,43,340,9,0,4
"імпульсний, еталон lambda=0",overnight_v5/ablation_gini_only_burst,3,post_attack,43,341,9,0,4
"імпульсний, еталон lambda=0",overnight_v5/ablation_gini_only_burst,3,post_attack,43,342,9,0,4
"імпульсний, еталон lambda=0",overnight_v5/ablation_gini_only_burst,3,post_attack,43,343,9,0,4
"імпульсний, еталон lambda=0",overnight_v5/ablation_gini_only_burst,3,post_attack,43,344,9,0,4
"імпульсний, еталон lambda=0",overnight_v5/ablation_gini_only_burst,3,post_attack,44,345,9,0,5
"імпульсний, еталон lambda=0",overnight_v5/ablation_gini_only_burst,3,post_attack,44,346,9,0,2
"імпульсний, еталон lambda=0",overnight_v5/ablation_gini_only_burst,3,post_attack,44,347,9,0,3
"імпульсний, еталон lambda=0",overnight_v5/ablation_gini_only_burst,3,post_attack,44,348,9,0,2
"імпульсний, еталон lambda=0",overnight_v5/ablation_gini_only_burst,3,post_attack,44,349,9,0,2
"імпульсний, еталон lambda=0",overnight_v5/ablation_gini_only_burst,3,post_attack,44,350,9,0,4
"імпульсний, еталон lambda=0",overnight_v5/ablation_gini_only_burst,3,post_attack,44,351,9,0,3
"імпульсний, еталон lambda=0",overnight_v5/ablation_gini_only_burst,3,post_attack,44,352,9,0,2
"імпульсний, еталон lambda=0",overnight_v5/ablation_gini_only_burst,3,post_attack,45,353,9,0,3
"імпульсний, еталон lambda=0",overnight_v5/ablation_gini_only_burst,3,post_attack,45,354,9,0,3
"імпульсний, еталон lambda=0",overnight_v5/ablation_gini_only_burst,3,post_attack,45,355,9,0,4
"імпульсний, еталон lambda=0",overnight_v5/ablation_gini_only_burst,3,post_attack,45,356,9,0,4
"імпульсний, еталон lambda=0",overnight_v5/ablation_gini_only_burst,3,post_attack,45,357,9,0,4
"імпульсний, еталон lambda=0",overnight_v5/ablation_gini_only_burst,3,post_attack,45,358,9,0,5
"імпульсний, еталон lambda=0",overnight_v5/ablation_gini_only_burst,3,post_attack,45,359,9,0,4
"імпульсний, еталон lambda=0",overnight_v5/ablation_gini_only_burst,3,post_attack,45,360,9,0,2
"імпульсний, еталон lambda=0",overnight_v5/ablation_gini_only_burst,3,post_attack,46,361,9,0,2
"імпульсний, еталон lambda=0",overnight_v5/ablation_gini_only_burst,3,post_attack,46,362,9,0,3
"імпульсний, еталон lambda=0",overnight_v5/ablation_gini_only_burst,3,post_attack,46,363,9,0,3
"імпульсний, еталон lambda=0",overnight_v5/ablation_gini_only_burst,3,post_attack,46,364,9,0,2
"імпульсний, еталон lambda=0",overnight_v5/ablation_gini_only_burst,3,post_attack,46,365,9,0,3
"імпульсний, еталон lambda=0",overnight_v5/ablation_gini_only_burst,3,post_attack,46,366,9,0,3
"імпульсний, еталон lambda=0",overnight_v5/ablation_gini_only_burst,3,post_attack,46,367,9,0,4
"імпульсний, еталон lambda=0",overnight_v5/ablation_gini_only_burst,3,post_attack,46,368,9,0,1
"імпульсний, еталон lambda=0",overnight_v5/ablation_gini_only_burst,3,post_attack,47,369,9,0,3
"імпульсний, еталон lambda=0",overnight_v5/ablation_gini_only_burst,3,post_attack,47,370,9,0,3
"імпульсний, еталон lambda=0",overnight_v5/ablation_gini_only_burst,3,post_attack,47,371,9,0,2
"імпульсний, еталон lambda=0",overnight_v5/ablation_gini_only_burst,3,post_attack,47,372,9,0,2
"імпульсний, еталон lambda=0",overnight_v5/ablation_gini_only_burst,3,post_attack,47,373,9,0,2
"імпульсний, еталон lambda=0",overnight_v5/ablation_gini_only_burst,3,post_attack,47,374,9,0,1
"імпульсний, еталон lambda=0",overnight_v5/ablation_gini_only_burst,3,post_attack,47,375,9,0,4
"імпульсний, еталон lambda=0",overnight_v5/ablation_gini_only_burst,3,post_attack,47,376,9,0,2
"імпульсний, еталон lambda=0",overnight_v5/ablation_gini_only_burst,3,post_attack,48,377,9,0,3
"імпульсний, еталон lambda=0",overnight_v5/ablation_gini_only_burst,3,post_attack,48,378,9,0,4
"імпульсний, еталон lambda=0",overnight_v5/ablation_gini_only_burst,3,post_attack,48,379,9,0,4
"імпульсний, еталон lambda=0",overnight_v5/ablation_gini_only_burst,3,post_attack,48,380,9,0,3
"імпульсний, еталон lambda=0",overnight_v5/ablation_gini_only_burst,3,post_attack,48,381,9,0,3
"імпульсний, еталон lambda=0",overnight_v5/ablation_gini_only_burst,3,post_attack,48,382,9,0,4
"імпульсний, еталон lambda=0",overnight_v5/ablation_gini_only_burst,3,post_attack,48,383,9,0,3
"імпульсний, еталон lambda=0",overnight_v5/ablation_gini_only_burst,3,post_attack,48,384,9,0,4
"імпульсний, еталон lambda=0",overnight_v5/ablation_gini_only_burst,3,post_attack,49,385,9,0,4
"імпульсний, еталон lambda=0",overnight_v5/ablation_gini_only_burst,3,post_attack,49,386,9,0,3
"імпульсний, еталон lambda=0",overnight_v5/ablation_gini_only_burst,3,post_attack,49,387,9,0,3
"імпульсний, еталон lambda=0",overnight_v5/ablation_gini_only_burst,3,post_attack,49,388,9,0,3
"імпульсний, еталон lambda=0",overnight_v5/ablation_gini_only_burst,3,post_attack,49,389,9,0,4
"імпульсний, еталон lambda=0",overnight_v5/ablation_gini_only_burst,3,post_attack,49,390,9,0,4
"імпульсний, еталон lambda=0",overnight_v5/ablation_gini_only_burst,3,post_attack,49,391,9,0,2
"імпульсний, еталон lambda=0",overnight_v5/ablation_gini_only_burst,3,post_attack,49,392,9,0,4
"імпульсний, еталон lambda=0",overnight_v5/ablation_gini_only_burst,3,post_attack,50,393,9,0,3
"імпульсний, еталон lambda=0",overnight_v5/ablation_gini_only_burst,3,post_attack,50,394,9,0,2
"імпульсний, еталон lambda=0",overnight_v5/ablation_gini_only_burst,3,post_attack,50,395,9,0,3
"імпульсний, еталон lambda=0",overnight_v5/ablation_gini_only_burst,3,post_attack,50,396,9,0,1
"імпульсний, еталон lambda=0",overnight_v5/ablation_gini_only_burst,3,post_attack,50,397,9,0,3
"імпульсний, еталон lambda=0",overnight_v5/ablation_gini_only_burst,3,post_attack,50,398,9,0,3
"імпульсний, еталон lambda=0",overnight_v5/ablation_gini_only_burst,3,post_attack,50,399,9,0,4
"імпульсний, еталон lambda=0",overnight_v5/ablation_gini_only_burst,3,post_attack,50,400,9,0,3
"імпульсний, типовий",overnight_v5/pub_default_burst,1,post_attack,21,161,9,321965,1
"імпульсний, типовий",overnight_v5/pub_default_burst,1,post_attack,21,162,9,392797,2
"імпульсний, типовий",overnight_v5/pub_default_burst,1,post_attack,21,163,9,408380,2
"імпульсний, типовий",overnight_v5/pub_default_burst,1,post_attack,21,164,9,411808,4
"імпульсний, типовий",overnight_v5/pub_default_burst,1,post_attack,21,165,9,412562,3
"імпульсний, типовий",overnight_v5/pub_default_burst,1,post_attack,21,166,9,412728,2
"імпульсний, типовий",overnight_v5/pub_default_burst,1,post_attack,21,167,9,412765,2
"імпульсний, типовий",overnight_v5/pub_default_burst,1,post_attack,21,168,9,412773,3
"імпульсний, типовий",overnight_v5/pub_default_burst,1,post_attack,22,169,9,412775,3
"імпульсний, типовий",overnight_v5/pub_default_burst,1,post_attack,22,170,9,412775,4
"імпульсний, типовий",overnight_v5/pub_default_burst,1,post_attack,22,171,9,412775,3
"імпульсний, типовий",overnight_v5/pub_default_burst,1,post_attack,22,172,9,412775,2
"імпульсний, типовий",overnight_v5/pub_default_burst,1,post_attack,22,173,9,412775,4
"імпульсний, типовий",overnight_v5/pub_default_burst,1,post_attack,22,174,9,412775,1
"імпульсний, типовий",overnight_v5/pub_default_burst,1,post_attack,22,175,9,412775,3
"імпульсний, типовий",overnight_v5/pub_default_burst,1,post_attack,22,176,9,412775,2
"імпульсний, типовий",overnight_v5/pub_default_burst,1,post_attack,23,177,9,412273,2
"імпульсний, типовий",overnight_v5/pub_default_burst,1,post_attack,23,178,9,411119,2
"імпульсний, типовий",overnight_v5/pub_default_burst,1,post_attack,23,179,9,409369,2
"імпульсний, типовий",overnight_v5/pub_default_burst,1,post_attack,23,180,9,407076,3
"імпульсний, типовий",overnight_v5/pub_default_burst,1,post_attack,23,181,9,404287,2
"імпульсний, типовий",overnight_v5/pub_default_burst,1,post_attack,23,182,9,401049,1
"імпульсний, типовий",overnight_v5/pub_default_burst,1,post_attack,23,183,9,397403,3
"імпульсний, типовий",overnight_v5/pub_default_burst,1,post_attack,23,184,9,393389,2
"імпульсний, типовий",overnight_v5/pub_default_burst,1,post_attack,24,185,9,389043,4
"імпульсний, типовий",overnight_v5/pub_default_burst,1,post_attack,24,186,9,384400,1
"імпульсний, типовий",overnight_v5/pub_default_burst,1,post_attack,24,187,9,379490,3
"імпульсний, типовий",overnight_v5/pub_default_burst,1,post_attack,24,188,9,374344,4
"імпульсний, типовий",overnight_v5/pub_default_burst,1,post_attack,24,189,9,368986,3
"імпульсний, типовий",overnight_v5/pub_default_burst,1,post_attack,24,190,9,363441,2
"імпульсний, типовий",overnight_v5/pub_default_burst,1,post_attack,24,191,9,357734,4
"імпульсний, типовий",overnight_v5/pub_default_burst,1,post_attack,24,192,9,351886,2
"імпульсний, типовий",overnight_v5/pub_default_burst,1,post_attack,25,193,9,345917,3
"імпульсний, типовий",overnight_v5/pub_default_burst,1,post_attack,25,194,9,339846,3
"імпульсний, типовий",overnight_v5/pub_default_burst,1,post_attack,25,195,9,333694,1
"імпульсний, типовий",overnight_v5/pub_default_burst,1,post_attack,25,196,9,327476,3
"імпульсний, типовий",overnight_v5/pub_default_burst,1,post_attack,25,197,9,321207,3
"імпульсний, типовий",overnight_v5/pub_default_burst,1,post_attack,25,198,9,314900,3
"імпульсний, типовий",overnight_v5/pub_default_burst,1,post_attack,25,199,9,308568,3
"імпульсний, типовий",overnight_v5/pub_default_burst,1,post_attack,25,200,9,302223,3
"імпульсний, типовий",overnight_v5/pub_default_burst,1,post_attack,26,201,9,295875,5
"імпульсний, типовий",overnight_v5/pub_default_burst,1,post_attack,26,202,9,289533,3
"імпульсний, типовий",overnight_v5/pub_default_burst,1,post_attack,26,203,9,283207,3
"імпульсний, типовий",overnight_v5/pub_default_burst,1,post_attack,26,204,9,276904,3
"імпульсний, типовий",overnight_v5/pub_default_burst,1,post_attack,26,205,9,270632,1
"імпульсний, типовий",overnight_v5/pub_default_burst,1,post_attack,26,206,9,264398,3
"імпульсний, типовий",overnight_v5/pub_default_burst,1,post_attack,26,207,9,258207,3
"імпульсний, типовий",overnight_v5/pub_default_burst,1,post_attack,26,208,9,252066,4
"імпульсний, типовий",overnight_v5/pub_default_burst,1,post_attack,27,209,9,245979,4
"імпульсний, типовий",overnight_v5/pub_default_burst,1,post_attack,27,210,9,239951,3
"імпульсний, типовий",overnight_v5/pub_default_burst,1,post_attack,27,211,9,233986,4
"імпульсний, типовий",overnight_v5/pub_default_burst,1,post_attack,27,212,9,228087,3
"імпульсний, типовий",overnight_v5/pub_default_burst,1,post_attack,27,213,9,222258,3
"імпульсний, типовий",overnight_v5/pub_default_burst,1,post_attack,27,214,9,216501,3
"імпульсний, типовий",overnight_v5/pub_default_burst,1,post_attack,27,215,9,210819,3
"імпульсний, типовий",overnight_v5/pub_default_burst,1,post_attack,27,216,9,205214,3
"імпульсний, типовий",overnight_v5/pub_default_burst,1,post_attack,28,217,9,199688,2
"імпульсний, типовий",overnight_v5/pub_default_burst,1,post_attack,28,218,9,194243,3
"імпульсний, типовий",overnight_v5/pub_default_burst,1,post_attack,28,219,9,188880,3
"імпульсний, типовий",overnight_v5/pub_default_burst,1,post_attack,28,220,9,183600,1
"імпульсний, типовий",overnight_v5/pub_default_burst,1,post_attack,28,221,9,178404,2
"імпульсний, типовий",overnight_v5/pub_default_burst,1,post_attack,28,222,9,173293,3
"імпульсний, типовий",overnight_v5/pub_default_burst,1,post_attack,28,223,9,168267,3
"імпульсний, типовий",overnight_v5/pub_default_burst,1,post_attack,28,224,9,163327,4
"імпульсний, типовий",overnight_v5/pub_default_burst,1,post_attack,29,225,9,158472,2
"імпульсний, типовий",overnight_v5/pub_default_burst,1,post_attack,29,226,9,153703,4
"імпульсний, типовий",overnight_v5/pub_default_burst,1,post_attack,29,227,9,149020,3
"імпульсний, типовий",overnight_v5/pub_default_burst,1,post_attack,29,228,9,144423,3
"імпульсний, типовий",overnight_v5/pub_default_burst,1,post_attack,29,229,9,139911,3
"імпульсний, типовий",overnight_v5/pub_default_burst,1,post_attack,29,230,9,135484,5
"імпульсний, типовий",overnight_v5/pub_default_burst,1,post_attack,29,231,9,131141,3
"імпульсний, типовий",overnight_v5/pub_default_burst,1,post_attack,29,232,9,126882,3
"імпульсний, типовий",overnight_v5/pub_default_burst,1,post_attack,30,233,9,122706,3
"імпульсний, типовий",overnight_v5/pub_default_burst,1,post_attack,30,234,9,118612,3
"імпульсний, типовий",overnight_v5/pub_default_burst,1,post_attack,30,235,9,114600,1
"імпульсний, типовий",overnight_v5/pub_default_burst,1,post_attack,30,236,9,110669,3
"імпульсний, типовий",overnight_v5/pub_default_burst,1,post_attack,30,237,9,106817,2
"імпульсний, типовий",overnight_v5/pub_default_burst,1,post_attack,30,238,9,103044,4
"імпульсний, типовий",overnight_v5/pub_default_burst,1,post_attack,30,239,9,99349,3
"імпульсний, типовий",overnight_v5/pub_default_burst,1,post_attack,30,240,9,95731,4
"імпульсний, типовий",overnight_v5/pub_default_burst,1,post_attack,31,241,9,92189,4
"імпульсний, типовий",overnight_v5/pub_default_burst,1,post_attack,31,242,9,88722,1
"імпульсний, типовий",overnight_v5/pub_default_burst,1,post_attack,31,243,9,85329,2
"імпульсний, типовий",overnight_v5/pub_default_burst,1,post_attack,31,244,9,82008,5
"імпульсний, типовий",overnight_v5/pub_default_burst,1,post_attack,31,245,9,78759,3
"імпульсний, типовий",overnight_v5/pub_default_burst,1,post_attack,31,246,9,75580,3
"імпульсний, типовий",overnight_v5/pub_default_burst,1,post_attack,31,247,9,72470,1
"імпульсний, типовий",overnight_v5/pub_default_burst,1,post_attack,31,248,9,69428,4
"імпульсний, типовий",overnight_v5/pub_default_burst,1,post_attack,32,249,9,66453,5
"імпульсний, типовий",overnight_v5/pub_default_burst,1,post_attack,32,250,9,63544,3
"імпульсний, типовий",overnight_v5/pub_default_burst,1,post_attack,32,251,9,60700,4
"імпульсний, типовий",overnight_v5/pub_default_burst,1,post_attack,32,252,9,57919,2
"імпульсний, типовий",overnight_v5/pub_default_burst,1,post_attack,32,253,9,55200,3
"імпульсний, типовий",overnight_v5/pub_default_burst,1,post_attack,32,254,9,52543,3
"імпульсний, типовий",overnight_v5/pub_default_burst,1,post_attack,32,255,9,49945,4
"імпульсний, типовий",overnight_v5/pub_default_burst,1,post_attack,32,256,9,47406,5
"імпульсний, типовий",overnight_v5/pub_default_burst,1,post_attack,33,257,9,44925,3
"імпульсний, типовий",overnight_v5/pub_default_burst,1,post_attack,33,258,9,42501,2
"імпульсний, типовий",overnight_v5/pub_default_burst,1,post_attack,33,259,9,40132,5
"імпульсний, типовий",overnight_v5/pub_default_burst,1,post_attack,33,260,9,37817,3
"імпульсний, типовий",overnight_v5/pub_default_burst,1,post_attack,33,261,9,35556,2
"імпульсний, типовий",overnight_v5/pub_default_burst,1,post_attack,33,262,9,33423,2
"імпульсний, типовий",overnight_v5/pub_default_burst,1,post_attack,33,263,9,31418,4
"імпульсний, типовий",overnight_v5/pub_default_burst,1,post_attack,33,264,9,29533,1
"імпульсний, типовий",overnight_v5/pub_default_burst,1,post_attack,34,265,9,27761,3
"імпульсний, типовий",overnight_v5/pub_default_burst,1,post_attack,34,266,9,26095,1
"імпульсний, типовий",overnight_v5/pub_default_burst,1,post_attack,34,267,9,24529,5
"імпульсний, типовий",overnight_v5/pub_default_burst,1,post_attack,34,268,9,23057,2
"імпульсний, типовий",overnight_v5/pub_default_burst,1,post_attack,34,269,9,21674,3
"імпульсний, типовий",overnight_v5/pub_default_burst,1,post_attack,34,270,9,20374,3
"імпульсний, типовий",overnight_v5/pub_default_burst,1,post_attack,34,271,9,19152,1
"імпульсний, типовий",overnight_v5/pub_default_burst,1,post_attack,34,272,9,18003,2
"імпульсний, типовий",overnight_v5/pub_default_burst,1,post_attack,35,273,9,16923,5
"імпульсний, типовий",overnight_v5/pub_default_burst,1,post_attack,35,274,9,15908,3
"імпульсний, типовий",overnight_v5/pub_default_burst,1,post_attack,35,275,9,14954,4
"імпульсний, типовий",overnight_v5/pub_default_burst,1,post_attack,35,276,9,14057,3
"імпульсний, типовий",overnight_v5/pub_default_burst,1,post_attack,35,277,9,13214,2
"імпульсний, типовий",overnight_v5/pub_default_burst,1,post_attack,35,278,9,12421,3
"імпульсний, типовий",overnight_v5/pub_default_burst,1,post_attack,35,279,9,11676,3
"імпульсний, типовий",overnight_v5/pub_default_burst,1,post_attack,35,280,9,10975,3
"імпульсний, типовий",overnight_v5/pub_default_burst,1,post_attack,36,281,9,10317,3
"імпульсний, типовий",overnight_v5/pub_default_burst,1,post_attack,36,282,9,9698,4
"імпульсний, типовий",overnight_v5/pub_default_burst,1,post_attack,36,283,9,9116,2
"імпульсний, типовий",overnight_v5/pub_default_burst,1,post_attack,36,284,9,8569,3
"імпульсний, типовий",overnight_v5/pub_default_burst,1,post_attack,36,285,9,8055,5
"імпульсний, типовий",overnight_v5/pub_default_burst,1,post_attack,36,286,9,7572,4
"імпульсний, типовий",overnight_v5/pub_default_burst,1,post_attack,36,287,9,7118,3
"імпульсний, типовий",overnight_v5/pub_default_burst,1,post_attack,36,288,9,6691,5
"імпульсний, типовий",overnight_v5/pub_default_burst,1,post_attack,37,289,9,6290,3
"імпульсний, типовий",overnight_v5/pub_default_burst,1,post_attack,37,290,9,5913,4
"імпульсний, типовий",overnight_v5/pub_default_burst,1,post_attack,37,291,9,5558,2
"імпульсний, типовий",overnight_v5/pub_default_burst,1,post_attack,37,292,9,5225,2
"імпульсний, типовий",overnight_v5/pub_default_burst,1,post_attack,37,293,9,4911,5
"імпульсний, типовий",overnight_v5/pub_default_burst,1,post_attack,37,294,9,4616,3
"імпульсний, типовий",overnight_v5/pub_default_burst,1,post_attack,37,295,9,4339,2
"імпульсний, типовий",overnight_v5/pub_default_burst,1,post_attack,37,296,9,4079,4
"імпульсний, типовий",overnight_v5/pub_default_burst,1,post_attack,38,297,9,3834,2
"імпульсний, типовий",overnight_v5/pub_default_burst,1,post_attack,38,298,9,3604,2
"імпульсний, типовий",overnight_v5/pub_default_burst,1,post_attack,38,299,9,3388,2
"імпульсний, типовий",overnight_v5/pub_default_burst,1,post_attack,38,300,9,3185,3
"імпульсний, типовий",overnight_v5/pub_default_burst,1,post_attack,38,301,9,2994,3
"імпульсний, типовий",overnight_v5/pub_default_burst,1,post_attack,38,302,9,2814,4
"імпульсний, типовий",overnight_v5/pub_default_burst,1,post_attack,38,303,9,2645,2
"імпульсний, типовий",overnight_v5/pub_default_burst,1,post_attack,38,304,9,2486,4
"імпульсний, типовий",overnight_v5/pub_default_burst,1,post_attack,39,305,9,2337,3
"імпульсний, типовий",overnight_v5/pub_default_burst,1,post_attack,39,306,9,2197,5
"імпульсний, типовий",overnight_v5/pub_default_burst,1,post_attack,39,307,9,2065,6
"імпульсний, типовий",overnight_v5/pub_default_burst,1,post_attack,39,308,9,1941,3
"імпульсний, типовий",overnight_v5/pub_default_burst,1,post_attack,39,309,9,1825,6
"імпульсний, типовий",overnight_v5/pub_default_burst,1,post_attack,39,310,9,1716,3
"імпульсний, типовий",overnight_v5/pub_default_burst,1,post_attack,39,311,9,1613,3
"імпульсний, типовий",overnight_v5/pub_default_burst,1,post_attack,39,312,9,1516,3
"імпульсний, типовий",overnight_v5/pub_default_burst,1,post_attack,40,313,9,1425,3
"імпульсний, типовий",overnight_v5/pub_default_burst,1,post_attack,40,314,9,1340,4
"імпульсний, типовий",overnight_v5/pub_default_burst,1,post_attack,40,315,9,1260,4
"імпульсний, типовий",overnight_v5/pub_default_burst,1,post_attack,40,316,9,1184,2
"імпульсний, типовий",overnight_v5/pub_default_burst,1,post_attack,40,317,9,1113,2
"імпульсний, типовий",overnight_v5/pub_default_burst,1,post_attack,40,318,9,1046,4
"імпульсний, типовий",overnight_v5/pub_default_burst,1,post_attack,40,319,9,983,4
"імпульсний, типовий",overnight_v5/pub_default_burst,1,post_attack,40,320,9,0,1
"імпульсний, типовий",overnight_v5/pub_default_burst,1,post_attack,41,321,9,0,1
"імпульсний, типовий",overnight_v5/pub_default_burst,1,post_attack,41,322,9,0,4
"імпульсний, типовий",overnight_v5/pub_default_burst,1,post_attack,41,323,9,0,2
"імпульсний, типовий",overnight_v5/pub_default_burst,1,post_attack,41,324,9,0,2
"імпульсний, типовий",overnight_v5/pub_default_burst,1,post_attack,41,325,9,0,3
"імпульсний, типовий",overnight_v5/pub_default_burst,1,post_attack,41,326,9,0,3
"імпульсний, типовий",overnight_v5/pub_default_burst,1,post_attack,41,327,9,0,3
"імпульсний, типовий",overnight_v5/pub_default_burst,1,post_attack,41,328,9,0,4
"імпульсний, типовий",overnight_v5/pub_default_burst,1,post_attack,42,329,9,0,1
"імпульсний, типовий",overnight_v5/pub_default_burst,1,post_attack,42,330,9,0,1
"імпульсний, типовий",overnight_v5/pub_default_burst,1,post_attack,42,331,9,0,3
"імпульсний, типовий",overnight_v5/pub_default_burst,1,post_attack,42,332,9,0,4
"імпульсний, типовий",overnight_v5/pub_default_burst,1,post_attack,42,333,9,0,3
"імпульсний, типовий",overnight_v5/pub_default_burst,1,post_attack,42,334,9,0,2
"імпульсний, типовий",overnight_v5/pub_default_burst,1,post_attack,42,335,9,0,2
"імпульсний, типовий",overnight_v5/pub_default_burst,1,post_attack,42,336,9,0,4
"імпульсний, типовий",overnight_v5/pub_default_burst,1,post_attack,43,337,9,0,4
"імпульсний, типовий",overnight_v5/pub_default_burst,1,post_attack,43,338,9,0,3
"імпульсний, типовий",overnight_v5/pub_default_burst,1,post_attack,43,339,9,0,2
"імпульсний, типовий",overnight_v5/pub_default_burst,1,post_attack,43,340,9,0,4
"імпульсний, типовий",overnight_v5/pub_default_burst,1,post_attack,43,341,9,0,3
"імпульсний, типовий",overnight_v5/pub_default_burst,1,post_attack,43,342,9,0,4
"імпульсний, типовий",overnight_v5/pub_default_burst,1,post_attack,43,343,9,0,4
"імпульсний, типовий",overnight_v5/pub_default_burst,1,post_attack,43,344,9,0,2
"імпульсний, типовий",overnight_v5/pub_default_burst,1,post_attack,44,345,9,0,2
"імпульсний, типовий",overnight_v5/pub_default_burst,1,post_attack,44,346,9,0,2
"імпульсний, типовий",overnight_v5/pub_default_burst,1,post_attack,44,347,9,0,2
"імпульсний, типовий",overnight_v5/pub_default_burst,1,post_attack,44,348,9,0,4
"імпульсний, типовий",overnight_v5/pub_default_burst,1,post_attack,44,349,9,0,3
"імпульсний, типовий",overnight_v5/pub_default_burst,1,post_attack,44,350,9,0,2
"імпульсний, типовий",overnight_v5/pub_default_burst,1,post_attack,44,351,9,0,2
"імпульсний, типовий",overnight_v5/pub_default_burst,1,post_attack,44,352,9,0,1
"імпульсний, типовий",overnight_v5/pub_default_burst,1,post_attack,45,353,9,0,4
"імпульсний, типовий",overnight_v5/pub_default_burst,1,post_attack,45,354,9,0,2
"імпульсний, типовий",overnight_v5/pub_default_burst,1,post_attack,45,355,9,0,4
"імпульсний, типовий",overnight_v5/pub_default_burst,1,post_attack,45,356,9,0,3
"імпульсний, типовий",overnight_v5/pub_default_burst,1,post_attack,45,357,9,0,4
"імпульсний, типовий",overnight_v5/pub_default_burst,1,post_attack,45,358,9,0,2
"імпульсний, типовий",overnight_v5/pub_default_burst,1,post_attack,45,359,9,0,2
"імпульсний, типовий",overnight_v5/pub_default_burst,1,post_attack,45,360,9,0,3
"імпульсний, типовий",overnight_v5/pub_default_burst,1,post_attack,46,361,9,0,4
"імпульсний, типовий",overnight_v5/pub_default_burst,1,post_attack,46,362,9,0,1
"імпульсний, типовий",overnight_v5/pub_default_burst,1,post_attack,46,363,9,0,2
"імпульсний, типовий",overnight_v5/pub_default_burst,1,post_attack,46,364,9,0,2
"імпульсний, типовий",overnight_v5/pub_default_burst,1,post_attack,46,365,9,0,3
"імпульсний, типовий",overnight_v5/pub_default_burst,1,post_attack,46,366,9,0,4
"імпульсний, типовий",overnight_v5/pub_default_burst,1,post_attack,46,367,9,0,1
"імпульсний, типовий",overnight_v5/pub_default_burst,1,post_attack,46,368,9,0,4
"імпульсний, типовий",overnight_v5/pub_default_burst,1,post_attack,47,369,9,0,3
"імпульсний, типовий",overnight_v5/pub_default_burst,1,post_attack,47,370,9,0,4
"імпульсний, типовий",overnight_v5/pub_default_burst,1,post_attack,47,371,9,0,3
"імпульсний, типовий",overnight_v5/pub_default_burst,1,post_attack,47,372,9,0,2
"імпульсний, типовий",overnight_v5/pub_default_burst,1,post_attack,47,373,9,0,3
"імпульсний, типовий",overnight_v5/pub_default_burst,1,post_attack,47,374,9,0,2
"імпульсний, типовий",overnight_v5/pub_default_burst,1,post_attack,47,375,9,0,2
"імпульсний, типовий",overnight_v5/pub_default_burst,1,post_attack,47,376,9,0,3
"імпульсний, типовий",overnight_v5/pub_default_burst,1,post_attack,48,377,9,0,2
"імпульсний, типовий",overnight_v5/pub_default_burst,1,post_attack,48,378,9,0,4
"імпульсний, типовий",overnight_v5/pub_default_burst,1,post_attack,48,379,9,0,3
"імпульсний, типовий",overnight_v5/pub_default_burst,1,post_attack,48,380,9,0,3
"імпульсний, типовий",overnight_v5/pub_default_burst,1,post_attack,48,381,9,0,3
"імпульсний, типовий",overnight_v5/pub_default_burst,1,post_attack,48,382,9,0,4
"імпульсний, типовий",overnight_v5/pub_default_burst,1,post_attack,48,383,9,0,3
"імпульсний, типовий",overnight_v5/pub_default_burst,1,post_attack,48,384,9,0,3
"імпульсний, типовий",overnight_v5/pub_default_burst,1,post_attack,49,385,9,0,2
"імпульсний, типовий",overnight_v5/pub_default_burst,1,post_attack,49,386,9,0,2
"імпульсний, типовий",overnight_v5/pub_default_burst,1,post_attack,49,387,9,0,4
"імпульсний, типовий",overnight_v5/pub_default_burst,1,post_attack,49,388,9,0,2
"імпульсний, типовий",overnight_v5/pub_default_burst,1,post_attack,49,389,9,0,2
"імпульсний, типовий",overnight_v5/pub_default_burst,1,post_attack,49,390,9,0,2
"імпульсний, типовий",overnight_v5/pub_default_burst,1,post_attack,49,391,9,0,3
"імпульсний, типовий",overnight_v5/pub_default_burst,1,post_attack,49,392,9,0,1
"імпульсний, типовий",overnight_v5/pub_default_burst,1,post_attack,50,393,9,0,5
"імпульсний, типовий",overnight_v5/pub_default_burst,1,post_attack,50,394,9,0,2
"імпульсний, типовий",overnight_v5/pub_default_burst,1,post_attack,50,395,9,0,4
"імпульсний, типовий",overnight_v5/pub_default_burst,1,post_attack,50,396,9,0,1
"імпульсний, типовий",overnight_v5/pub_default_burst,1,post_attack,50,397,9,0,2
"імпульсний, типовий",overnight_v5/pub_default_burst,1,post_attack,50,398,9,0,1
"імпульсний, типовий",overnight_v5/pub_default_burst,1,post_attack,50,399,9,0,4
"імпульсний, типовий",overnight_v5/pub_default_burst,1,post_attack,50,400,9,0,2
"імпульсний, типовий",overnight_v5/pub_default_burst,2,post_attack,21,161,9,321965,2
"імпульсний, типовий",overnight_v5/pub_default_burst,2,post_attack,21,162,9,392797,3
"імпульсний, типовий",overnight_v5/pub_default_burst,2,post_attack,21,163,9,408380,4
"імпульсний, типовий",overnight_v5/pub_default_burst,2,post_attack,21,164,9,411808,2
"імпульсний, типовий",overnight_v5/pub_default_burst,2,post_attack,21,165,9,412562,1
"імпульсний, типовий",overnight_v5/pub_default_burst,2,post_attack,21,166,9,412728,3
"імпульсний, типовий",overnight_v5/pub_default_burst,2,post_attack,21,167,9,412765,3
"імпульсний, типовий",overnight_v5/pub_default_burst,2,post_attack,21,168,9,412773,1
"імпульсний, типовий",overnight_v5/pub_default_burst,2,post_attack,22,169,9,412775,2
"імпульсний, типовий",overnight_v5/pub_default_burst,2,post_attack,22,170,9,412775,2
"імпульсний, типовий",overnight_v5/pub_default_burst,2,post_attack,22,171,9,412775,2
"імпульсний, типовий",overnight_v5/pub_default_burst,2,post_attack,22,172,9,412775,0
"імпульсний, типовий",overnight_v5/pub_default_burst,2,post_attack,22,173,9,412775,4
"імпульсний, типовий",overnight_v5/pub_default_burst,2,post_attack,22,174,9,412775,1
"імпульсний, типовий",overnight_v5/pub_default_burst,2,post_attack,22,175,9,412775,1
"імпульсний, типовий",overnight_v5/pub_default_burst,2,post_attack,22,176,9,412775,1
"імпульсний, типовий",overnight_v5/pub_default_burst,2,post_attack,23,177,9,412283,1
"імпульсний, типовий",overnight_v5/pub_default_burst,2,post_attack,23,178,9,411138,1
"імпульсний, типовий",overnight_v5/pub_default_burst,2,post_attack,23,179,9,409397,3
"імпульсний, типовий",overnight_v5/pub_default_burst,2,post_attack,23,180,9,407111,5
"імпульсний, типовий",overnight_v5/pub_default_burst,2,post_attack,23,181,9,404329,3
"імпульсний, типовий",overnight_v5/pub_default_burst,2,post_attack,23,182,9,401097,4
"імпульсний, типовий",overnight_v5/pub_default_burst,2,post_attack,23,183,9,397457,2
"імпульсний, типовий",overnight_v5/pub_default_burst,2,post_attack,23,184,9,393448,3
"імпульсний, типовий",overnight_v5/pub_default_burst,2,post_attack,24,185,9,389107,2
"імпульсний, типовий",overnight_v5/pub_default_burst,2,post_attack,24,186,9,384468,2
"імпульсний, типовий",overnight_v5/pub_default_burst,2,post_attack,24,187,9,379562,2
"імпульсний, типовий",overnight_v5/pub_default_burst,2,post_attack,24,188,9,374419,3
"імпульсний, типовий",overnight_v5/pub_default_burst,2,post_attack,24,189,9,369064,3
"імпульсний, типовий",overnight_v5/pub_default_burst,2,post_attack,24,190,9,363522,2
"імпульсний, типовий",overnight_v5/pub_default_burst,2,post_attack,24,191,9,357817,1
"імпульсний, типовий",overnight_v5/pub_default_burst,2,post_attack,24,192,9,351970,1
"імпульсний, типовий",overnight_v5/pub_default_burst,2,post_attack,25,193,9,346003,3
"імпульсний, типовий",overnight_v5/pub_default_burst,2,post_attack,25,194,9,339934,2
"імпульсний, типовий",overnight_v5/pub_default_burst,2,post_attack,25,195,9,333783,1
"імпульсний, типовий",overnight_v5/pub_default_burst,2,post_attack,25,196,9,327566,2
"імпульсний, типовий",overnight_v5/pub_default_burst,2,post_attack,25,197,9,321297,2
"імпульсний, типовий",overnight_v5/pub_default_burst,2,post_attack,25,198,9,314991,3
"імпульсний, типовий",overnight_v5/pub_default_burst,2,post_attack,25,199,9,308659,3
"імпульсний, типовий",overnight_v5/pub_default_burst,2,post_attack,25,200,9,302314,1
"імпульсний, типовий",overnight_v5/pub_default_burst,2,post_attack,26,201,9,295966,2
"імпульсний, типовий",overnight_v5/pub_default_burst,2,post_attack,26,202,9,289624,3
"імпульсний, типовий",overnight_v5/pub_default_burst,2,post_attack,26,203,9,283297,3
"імпульсний, типовий",overnight_v5/pub_default_burst,2,post_attack,26,204,9,276994,2
"імпульсний, типовий",overnight_v5/pub_default_burst,2,post_attack,26,205,9,270722,4
"імпульсний, типовий",overnight_v5/pub_default_burst,2,post_attack,26,206,9,264487,3
"імпульсний, типовий",overnight_v5/pub_default_burst,2,post_attack,26,207,9,258296,3
"імпульсний, типовий",overnight_v5/pub_default_burst,2,post_attack,26,208,9,252154,2
"імпульсний, типовий",overnight_v5/pub_default_burst,2,post_attack,27,209,9,246066,5
"імпульсний, типовий",overnight_v5/pub_default_burst,2,post_attack,27,210,9,240037,3
"імпульсний, типовий",overnight_v5/pub_default_burst,2,post_attack,27,211,9,234071,3
"імпульсний, типовий",overnight_v5/pub_default_burst,2,post_attack,27,212,9,228171,1
"імпульсний, типовий",overnight_v5/pub_default_burst,2,post_attack,27,213,9,222341,2
"імпульсний, типовий",overnight_v5/pub_default_burst,2,post_attack,27,214,9,216583,4
"імпульсний, типовий",overnight_v5/pub_default_burst,2,post_attack,27,215,9,210900,1
"імпульсний, типовий",overnight_v5/pub_default_burst,2,post_attack,27,216,9,205294,4
"імпульсний, типовий",overnight_v5/pub_default_burst,2,post_attack,28,217,9,199767,3
"імпульсний, типовий",overnight_v5/pub_default_burst,2,post_attack,28,218,9,194321,2
"імпульсний, типовий",overnight_v5/pub_default_burst,2,post_attack,28,219,9,188957,3
"імпульсний, типовий",overnight_v5/pub_default_burst,2,post_attack,28,220,9,183676,2
"імпульсний, типовий",overnight_v5/pub_default_burst,2,post_attack,28,221,9,178479,1
"імпульсний, типовий",overnight_v5/pub_default_burst,2,post_attack,28,222,9,173366,1
"імпульсний, типовий",overnight_v5/pub_default_burst,2,post_attack,28,223,9,168339,4
"імпульсний, типовий",overnight_v5/pub_default_burst,2,post_attack,28,224,9,163397,2
"імпульсний, типовий",overnight_v5/pub_default_burst,2,post_attack,29,225,9,158541,2
"імпульсний, типовий",overnight_v5/pub_default_burst,2,post_attack,29,226,9,153771,4
"імпульсний, типовий",overnight_v5/pub_default_burst,2,post_attack,29,227,9,149087,3
"імпульсний, типовий",overnight_v5/pub_default_burst,2,post_attack,29,228,9,144488,3
"імпульсний, типовий",overnight_v5/pub_default_burst,2,post_attack,29,229,9,139975,3
"імпульсний, типовий",overnight_v5/pub_default_burst,2,post_attack,29,230,9,135546,2
"імпульсний, типовий",overnight_v5/pub_default_burst,2,post_attack,29,231,9,131202,3
"імпульсний, типовий",overnight_v5/pub_default_burst,2,post_attack,29,232,9,126942,3
"імпульсний, типовий",overnight_v5/pub_default_burst,2,post_attack,30,233,9,122765,3
"імпульсний, типовий",overnight_v5/pub_default_burst,2,post_attack,30,234,9,118670,1
"імпульсний, типовий",overnight_v5/pub_default_burst,2,post_attack,30,235,9,114657,3
"імпульсний, типовий",overnight_v5/pub_default_burst,2,post_attack,30,236,9,110724,3
"імпульсний, типовий",overnight_v5/pub_default_burst,2,post_attack,30,237,9,106871,3
"імпульсний, типовий",overnight_v5/pub_default_burst,2,post_attack,30,238,9,103097,4
"імпульсний, типовий",overnight_v5/pub_default_burst,2,post_attack,30,239,9,99401,4
"імпульсний, типовий",overnight_v5/pub_default_burst,2,post_attack,30,240,9,95782,3
"імпульсний, типовий",overnight_v5/pub_default_burst,2,post_attack,31,241,9,92239,3
"імпульсний, типовий",overnight_v5/pub_default_burst,2,post_attack,31,242,9,88771,3
"імпульсний, типовий",overnight_v5/pub_default_burst,2,post_attack,31,243,9,85377,2
"імпульсний, типовий",overnight_v5/pub_default_burst,2,post_attack,31,244,9,82055,4
"імпульсний, типовий",overnight_v5/pub_default_burst,2,post_attack,31,245,9,78805,3
"імпульсний, типовий",overnight_v5/pub_default_burst,2,post_attack,31,246,9,75625,4
"імпульсний, типовий",overnight_v5/pub_default_burst,2,post_attack,31,247,9,72514,4
"імпульсний, типовий",overnight_v5/pub_default_burst,2,post_attack,31,248,9,69472,2
"імпульсний, типовий",overnight_v5/pub_default_burst,2,post_attack,32,249,9,66496,4
"імпульсний, типовий",overnight_v5/pub_default_burst,2,post_attack,32,250,9,63586,2
"імпульсний, типовий",overnight_v5/pub_default_burst,2,post_attack,32,251,9,60741,3
"імпульсний, типовий",overnight_v5/pub_default_burst,2,post_attack,32,252,9,57959,5
"імпульсний, типовий",overnight_v5/pub_default_burst,2,post_attack,32,253,9,55240,3
"імпульсний, типовий",overnight_v5/pub_default_burst,2,post_attack,32,254,9,52582,2
"імпульсний, типовий",overnight_v5/pub_default_burst,2,post_attack,32,255,9,49984,1
"імпульсний, типовий",overnight_v5/pub_default_burst,2,post_attack,32,256,9,47444,2
"імпульсний, типовий",overnight_v5/pub_default_burst,2,post_attack,33,257,9,44962,2
"імпульсний, типовий",overnight_v5/pub_default_burst,2,post_attack,33,258,9,42537,2
"імпульсний, типовий",overnight_v5/pub_default_burst,2,post_attack,33,259,9,40167,4
"імпульсний, типовий",overnight_v5/pub_default_burst,2,post_attack,33,260,9,37852,3
"імпульсний, типовий",overnight_v5/pub_default_burst,2,post_attack,33,261,9,35590,2
"імпульсний, типовий",overnight_v5/pub_default_burst,2,post_attack,33,262,9,33455,4
"імпульсний, типовий",overnight_v5/pub_default_burst,2,post_attack,33,263,9,31448,1
"імпульсний, типовий",overnight_v5/pub_default_burst,2,post_attack,33,264,9,29561,3
"імпульсний, типовий",overnight_v5/pub_default_burst,2,post_attack,34,265,9,27787,3
"імпульсний, типовий",overnight_v5/pub_default_burst,2,post_attack,34,266,9,26120,5
"імпульсний, типовий",overnight_v5/pub_default_burst,2,post_attack,34,267,9,24553,4
"імпульсний, типовий",overnight_v5/pub_default_burst,2,post_attack,34,268,9,23080,2
"імпульсний, типовий",overnight_v5/pub_default_burst,2,post_attack,34,269,9,21695,4
"імпульсний, типовий",overnight_v5/pub_default_burst,2,post_attack,34,270,9,20393,4
"імпульсний, типовий",overnight_v5/pub_default_burst,2,post_attack,34,271,9,19169,3
"імпульсний, типовий",overnight_v5/pub_default_burst,2,post_attack,34,272,9,18019,4
"імпульсний, типовий",overnight_v5/pub_default_burst,2,post_attack,35,273,9,16938,2
"імпульсний, типовий",overnight_v5/pub_default_burst,2,post_attack,35,274,9,15922,3
"імпульсний, типовий",overnight_v5/pub_default_burst,2,post_attack,35,275,9,14967,3
"імпульсний, типовий",overnight_v5/pub_default_burst,2,post_attack,35,276,9,14069,2
"імпульсний, типовий",overnight_v5/pub_default_burst,2,post_attack,35,277,9,13225,3
"імпульсний, типовий",overnight_v5/pub_default_burst,2,post_attack,35,278,9,12432,2
"імпульсний, типовий",overnight_v5/pub_default_burst,2,post_attack,35,279,9,11686,2
"імпульсний, типовий",overnight_v5/pub_default_burst,2,post_attack,35,280,9,10985,2
"імпульсний, типовий",overnight_v5/pub_default_burst,2,post_attack,36,281,9,10326,3
"імпульсний, типовий",overnight_v5/pub_default_burst,2,post_attack,36,282,9,9706,3
"імпульсний, типовий",overnight_v5/pub_default_burst,2,post_attack,36,283,9,9124,4
"імпульсний, типовий",overnight_v5/pub_default_burst,2,post_attack,36,284,9,8577,3
"імпульсний, типовий",overnight_v5/pub_default_burst,2,post_attack,36,285,9,8062,4
"імпульсний, типовий",overnight_v5/pub_default_burst,2,post_attack,36,286,9,7578,3
"імпульсний, типовий",overnight_v5/pub_default_burst,2,post_attack,36,287,9,7123,2
"імпульсний, типовий",overnight_v5/pub_default_burst,2,post_attack,36,288,9,6696,3
"імпульсний, типовий",overnight_v5/pub_default_burst,2,post_attack,37,289,9,6294,1
"імпульсний, типовий",overnight_v5/pub_default_burst,2,post_attack,37,290,9,5916,3
"імпульсний, типовий",overnight_v5/pub_default_burst,2,post_attack,37,291,9,5561,4
"імпульсний, типовий",overnight_v5/pub_default_burst,2,post_attack,37,292,9,5227,4
"імпульсний, типовий",overnight_v5/pub_default_burst,2,post_attack,37,293,9,4913,0
"імпульсний, типовий",overnight_v5/pub_default_burst,2,post_attack,37,294,9,4618,2
"імпульсний, типовий",overnight_v5/pub_default_burst,2,post_attack,37,295,9,4341,3
"імпульсний, типовий",overnight_v5/pub_default_burst,2,post_attack,37,296,9,4081,3
"імпульсний, типовий",overnight_v5/pub_default_burst,2,post_attack,38,297,9,3836,2
"імпульсний, типовий",overnight_v5/pub_default_burst,2,post_attack,38,298,9,3606,2
"імпульсний, типовий",overnight_v5/pub_default_burst,2,post_attack,38,299,9,3390,2
"імпульсний, типовий",overnight_v5/pub_default_burst,2,post_attack,38,300,9,3187,2
"імпульсний, типовий",overnight_v5/pub_default_burst,2,post_attack,38,301,9,2996,2
"імпульсний, типовий",overnight_v5/pub_default_burst,2,post_attack,38,302,9,2816,2
"імпульсний, типовий",overnight_v5/pub_default_burst,2,post_attack,38,303,9,2647,3
"імпульсний, типовий",overnight_v5/pub_default_burst,2,post_attack,38,304,9,2488,3
"імпульсний, типовий",overnight_v5/pub_default_burst,2,post_attack,39,305,9,2339,2
"імпульсний, типовий",overnight_v5/pub_default_burst,2,post_attack,39,306,9,2199,2
"імпульсний, типовий",overnight_v5/pub_default_burst,2,post_attack,39,307,9,2067,2
"імпульсний, типовий",overnight_v5/pub_default_burst,2,post_attack,39,308,9,1943,3
"імпульсний, типовий",overnight_v5/pub_default_burst,2,post_attack,39,309,9,1826,3
"імпульсний, типовий",overnight_v5/pub_default_burst,2,post_attack,39,310,9,1716,3
"імпульсний, типовий",overnight_v5/pub_default_burst,2,post_attack,39,311,9,1613,3
"імпульсний, типовий",overnight_v5/pub_default_burst,2,post_attack,39,312,9,1516,4
"імпульсний, типовий",overnight_v5/pub_default_burst,2,post_attack,40,313,9,1425,3
"імпульсний, типовий",overnight_v5/pub_default_burst,2,post_attack,40,314,9,1340,3
"імпульсний, типовий",overnight_v5/pub_default_burst,2,post_attack,40,315,9,1260,3
"імпульсний, типовий",overnight_v5/pub_default_burst,2,post_attack,40,316,9,1184,5
"імпульсний, типовий",overnight_v5/pub_default_burst,2,post_attack,40,317,9,1113,5
"імпульсний, типовий",overnight_v5/pub_default_burst,2,post_attack,40,318,9,1046,0
"імпульсний, типовий",overnight_v5/pub_default_burst,2,post_attack,40,319,9,983,4
"імпульсний, типовий",overnight_v5/pub_default_burst,2,post_attack,40,320,9,0,2
"імпульсний, типовий",overnight_v5/pub_default_burst,2,post_attack,41,321,9,0,4
"імпульсний, типовий",overnight_v5/pub_default_burst,2,post_attack,41,322,9,0,2
"імпульсний, типовий",overnight_v5/pub_default_burst,2,post_attack,41,323,9,0,3
"імпульсний, типовий",overnight_v5/pub_default_burst,2,post_attack,41,324,9,0,3
"імпульсний, типовий",overnight_v5/pub_default_burst,2,post_attack,41,325,9,0,4
"імпульсний, типовий",overnight_v5/pub_default_burst,2,post_attack,41,326,9,0,2
"імпульсний, типовий",overnight_v5/pub_default_burst,2,post_attack,41,327,9,0,2
"імпульсний, типовий",overnight_v5/pub_default_burst,2,post_attack,41,328,9,0,3
"імпульсний, типовий",overnight_v5/pub_default_burst,2,post_attack,42,329,9,0,5
"імпульсний, типовий",overnight_v5/pub_default_burst,2,post_attack,42,330,9,0,3
"імпульсний, типовий",overnight_v5/pub_default_burst,2,post_attack,42,331,9,0,3
"імпульсний, типовий",overnight_v5/pub_default_burst,2,post_attack,42,332,9,0,2
"імпульсний, типовий",overnight_v5/pub_default_burst,2,post_attack,42,333,9,0,2
"імпульсний, типовий",overnight_v5/pub_default_burst,2,post_attack,42,334,9,0,4
"імпульсний, типовий",overnight_v5/pub_default_burst,2,post_attack,42,335,9,0,3
"імпульсний, типовий",overnight_v5/pub_default_burst,2,post_attack,42,336,9,0,1
"імпульсний, типовий",overnight_v5/pub_default_burst,2,post_attack,43,337,9,0,2
"імпульсний, типовий",overnight_v5/pub_default_burst,2,post_attack,43,338,9,0,2
"імпульсний, типовий",overnight_v5/pub_default_burst,2,post_attack,43,339,9,0,4
"імпульсний, типовий",overnight_v5/pub_default_burst,2,post_attack,43,340,9,0,4
"імпульсний, типовий",overnight_v5/pub_default_burst,2,post_attack,43,341,9,0,3
"імпульсний, типовий",overnight_v5/pub_default_burst,2,post_attack,43,342,9,0,6
"імпульсний, типовий",overnight_v5/pub_default_burst,2,post_attack,43,343,9,0,5
"імпульсний, типовий",overnight_v5/pub_default_burst,2,post_attack,43,344,9,0,3
"імпульсний, типовий",overnight_v5/pub_default_burst,2,post_attack,44,345,9,0,3
"імпульсний, типовий",overnight_v5/pub_default_burst,2,post_attack,44,346,9,0,3
"імпульсний, типовий",overnight_v5/pub_default_burst,2,post_attack,44,347,9,0,4
"імпульсний, типовий",overnight_v5/pub_default_burst,2,post_attack,44,348,9,0,3
"імпульсний, типовий",overnight_v5/pub_default_burst,2,post_attack,44,349,9,0,4
"імпульсний, типовий",overnight_v5/pub_default_burst,2,post_attack,44,350,9,0,3
"імпульсний, типовий",overnight_v5/pub_default_burst,2,post_attack,44,351,9,0,3
"імпульсний, типовий",overnight_v5/pub_default_burst,2,post_attack,44,352,9,0,4
"імпульсний, типовий",overnight_v5/pub_default_burst,2,post_attack,45,353,9,0,2
"імпульсний, типовий",overnight_v5/pub_default_burst,2,post_attack,45,354,9,0,2
"імпульсний, типовий",overnight_v5/pub_default_burst,2,post_attack,45,355,9,0,3
"імпульсний, типовий",overnight_v5/pub_default_burst,2,post_attack,45,356,9,0,3
"імпульсний, типовий",overnight_v5/pub_default_burst,2,post_attack,45,357,9,0,1
"імпульсний, типовий",overnight_v5/pub_default_burst,2,post_attack,45,358,9,0,2
"імпульсний, типовий",overnight_v5/pub_default_burst,2,post_attack,45,359,9,0,2
"імпульсний, типовий",overnight_v5/pub_default_burst,2,post_attack,45,360,9,0,5
"імпульсний, типовий",overnight_v5/pub_default_burst,2,post_attack,46,361,9,0,3
"імпульсний, типовий",overnight_v5/pub_default_burst,2,post_attack,46,362,9,0,3
"імпульсний, типовий",overnight_v5/pub_default_burst,2,post_attack,46,363,9,0,3
"імпульсний, типовий",overnight_v5/pub_default_burst,2,post_attack,46,364,9,0,3
"імпульсний, типовий",overnight_v5/pub_default_burst,2,post_attack,46,365,9,0,4
"імпульсний, типовий",overnight_v5/pub_default_burst,2,post_attack,46,366,9,0,1
"імпульсний, типовий",overnight_v5/pub_default_burst,2,post_attack,46,367,9,0,2
"імпульсний, типовий",overnight_v5/pub_default_burst,2,post_attack,46,368,9,0,3
"імпульсний, типовий",overnight_v5/pub_default_burst,2,post_attack,47,369,9,0,2
"імпульсний, типовий",overnight_v5/pub_default_burst,2,post_attack,47,370,9,0,4
"імпульсний, типовий",overnight_v5/pub_default_burst,2,post_attack,47,371,9,0,3
"імпульсний, типовий",overnight_v5/pub_default_burst,2,post_attack,47,372,9,0,2
"імпульсний, типовий",overnight_v5/pub_default_burst,2,post_attack,47,373,9,0,3
"імпульсний, типовий",overnight_v5/pub_default_burst,2,post_attack,47,374,9,0,3
"імпульсний, типовий",overnight_v5/pub_default_burst,2,post_attack,47,375,9,0,6
"імпульсний, типовий",overnight_v5/pub_default_burst,2,post_attack,47,376,9,0,3
"імпульсний, типовий",overnight_v5/pub_default_burst,2,post_attack,48,377,9,0,2
"імпульсний, типовий",overnight_v5/pub_default_burst,2,post_attack,48,378,9,0,3
"імпульсний, типовий",overnight_v5/pub_default_burst,2,post_attack,48,379,9,0,0
"імпульсний, типовий",overnight_v5/pub_default_burst,2,post_attack,48,380,9,0,3
"імпульсний, типовий",overnight_v5/pub_default_burst,2,post_attack,48,381,9,0,5
"імпульсний, типовий",overnight_v5/pub_default_burst,2,post_attack,48,382,9,0,2
"імпульсний, типовий",overnight_v5/pub_default_burst,2,post_attack,48,383,9,0,2
"імпульсний, типовий",overnight_v5/pub_default_burst,2,post_attack,48,384,9,0,1
"імпульсний, типовий",overnight_v5/pub_default_burst,2,post_attack,49,385,9,0,3
"імпульсний, типовий",overnight_v5/pub_default_burst,2,post_attack,49,386,9,0,4
"імпульсний, типовий",overnight_v5/pub_default_burst,2,post_attack,49,387,9,0,4
"імпульсний, типовий",overnight_v5/pub_default_burst,2,post_attack,49,388,9,0,2
"імпульсний, типовий",overnight_v5/pub_default_burst,2,post_attack,49,389,9,0,2
"імпульсний, типовий",overnight_v5/pub_default_burst,2,post_attack,49,390,9,0,2
"імпульсний, типовий",overnight_v5/pub_default_burst,2,post_attack,49,391,9,0,2
"імпульсний, типовий",overnight_v5/pub_default_burst,2,post_attack,49,392,9,0,3
"імпульсний, типовий",overnight_v5/pub_default_burst,2,post_attack,50,393,9,0,1
"імпульсний, типовий",overnight_v5/pub_default_burst,2,post_attack,50,394,9,0,1
"імпульсний, типовий",overnight_v5/pub_default_burst,2,post_attack,50,395,9,0,3
"імпульсний, типовий",overnight_v5/pub_default_burst,2,post_attack,50,396,9,0,1
"імпульсний, типовий",overnight_v5/pub_default_burst,2,post_attack,50,397,9,0,2
"імпульсний, типовий",overnight_v5/pub_default_burst,2,post_attack,50,398,9,0,5
"імпульсний, типовий",overnight_v5/pub_default_burst,2,post_attack,50,399,9,0,2
"імпульсний, типовий",overnight_v5/pub_default_burst,2,post_attack,50,400,9,0,3
"імпульсний, типовий",overnight_v5/pub_default_burst,3,post_attack,21,161,9,321965,3
"імпульсний, типовий",overnight_v5/pub_default_burst,3,post_attack,21,162,9,392797,1
"імпульсний, типовий",overnight_v5/pub_default_burst,3,post_attack,21,163,9,408380,2
"імпульсний, типовий",overnight_v5/pub_default_burst,3,post_attack,21,164,9,411808,4
"імпульсний, типовий",overnight_v5/pub_default_burst,3,post_attack,21,165,9,412562,3
"імпульсний, типовий",overnight_v5/pub_default_burst,3,post_attack,21,166,9,412728,3
"імпульсний, типовий",overnight_v5/pub_default_burst,3,post_attack,21,167,9,412765,2
"імпульсний, типовий",overnight_v5/pub_default_burst,3,post_attack,21,168,9,412773,3
"імпульсний, типовий",overnight_v5/pub_default_burst,3,post_attack,22,169,9,412775,3
"імпульсний, типовий",overnight_v5/pub_default_burst,3,post_attack,22,170,9,412775,2
"імпульсний, типовий",overnight_v5/pub_default_burst,3,post_attack,22,171,9,412775,3
"імпульсний, типовий",overnight_v5/pub_default_burst,3,post_attack,22,172,9,412775,2
"імпульсний, типовий",overnight_v5/pub_default_burst,3,post_attack,22,173,9,412775,4
"імпульсний, типовий",overnight_v5/pub_default_burst,3,post_attack,22,174,9,412775,2
"імпульсний, типовий",overnight_v5/pub_default_burst,3,post_attack,22,175,9,412775,2
"імпульсний, типовий",overnight_v5/pub_default_burst,3,post_attack,22,176,9,412775,3
"імпульсний, типовий",overnight_v5/pub_default_burst,3,post_attack,23,177,9,412293,3
"імпульсний, типовий",overnight_v5/pub_default_burst,3,post_attack,23,178,9,411157,2
"імпульсний, типовий",overnight_v5/pub_default_burst,3,post_attack,23,179,9,409424,3
"імпульсний, типовий",overnight_v5/pub_default_burst,3,post_attack,23,180,9,407146,3
"імпульсний, типовий",overnight_v5/pub_default_burst,3,post_attack,23,181,9,404371,1
"імпульсний, типовий",overnight_v5/pub_default_burst,3,post_attack,23,182,9,401145,2
"імпульсний, типовий",overnight_v5/pub_default_burst,3,post_attack,23,183,9,397510,1
"імпульсний, типовий",overnight_v5/pub_default_burst,3,post_attack,23,184,9,393506,5
"імпульсний, типовий",overnight_v5/pub_default_burst,3,post_attack,24,185,9,389169,2
"імпульсний, типовий",overnight_v5/pub_default_burst,3,post_attack,24,186,9,384534,2
"імпульсний, типовий",overnight_v5/pub_default_burst,3,post_attack,24,187,9,379632,4
"імпульсний, типовий",overnight_v5/pub_default_burst,3,post_attack,24,188,9,374492,3
"імпульсний, типовий",overnight_v5/pub_default_burst,3,post_attack,24,189,9,369140,1
"імпульсний, типовий",overnight_v5/pub_default_burst,3,post_attack,24,190,9,363600,4
"імпульсний, типовий",overnight_v5/pub_default_burst,3,post_attack,24,191,9,357897,3
"імпульсний, типовий",overnight_v5/pub_default_burst,3,post_attack,24,192,9,352052,2
"імпульсний, типовий",overnight_v5/pub_default_burst,3,post_attack,25,193,9,346086,2
"імпульсний, типовий",overnight_v5/pub_default_burst,3,post_attack,25,194,9,340018,2
"імпульсний, типовий",overnight_v5/pub_default_burst,3,post_attack,25,195,9,333868,1
"імпульсний, типовий",overnight_v5/pub_default_burst,3,post_attack,25,196,9,327652,4
"імпульсний, типовий",overnight_v5/pub_default_burst,3,post_attack,25,197,9,321384,1
"імпульсний, типовий",overnight_v5/pub_default_burst,3,post_attack,25,198,9,315078,2
"імпульсний, типовий",overnight_v5/pub_default_burst,3,post_attack,25,199,9,308747,2
"імпульсний, типовий",overnight_v5/pub_default_burst,3,post_attack,25,200,9,302402,3
"імпульсний, типовий",overnight_v5/pub_default_burst,3,post_attack,26,201,9,296054,2
"імпульсний, типовий",overnight_v5/pub_default_burst,3,post_attack,26,202,9,289712,2
"імпульсний, типовий",overnight_v5/pub_default_burst,3,post_attack,26,203,9,283385,2
"імпульсний, типовий",overnight_v5/pub_default_burst,3,post_attack,26,204,9,277081,4
"імпульсний, типовий",overnight_v5/pub_default_burst,3,post_attack,26,205,9,270808,3
"імпульсний, типовий",overnight_v5/pub_default_burst,3,post_attack,26,206,9,264573,3
"імпульсний, типовий",overnight_v5/pub_default_burst,3,post_attack,26,207,9,258381,3
"імпульсний, типовий",overnight_v5/pub_default_burst,3,post_attack,26,208,9,252238,0
"імпульсний, типовий",overnight_v5/pub_default_burst,3,post_attack,27,209,9,246149,3
"імпульсний, типовий",overnight_v5/pub_default_burst,3,post_attack,27,210,9,240119,2
"імпульсний, типовий",overnight_v5/pub_default_burst,3,post_attack,27,211,9,234152,4
"імпульсний, типовий",overnight_v5/pub_default_burst,3,post_attack,27,212,9,228251,1
"імпульсний, типовий",overnight_v5/pub_default_burst,3,post_attack,27,213,9,222420,2
"імпульсний, типовий",overnight_v5/pub_default_burst,3,post_attack,27,214,9,216661,3
"імпульсний, типовий",overnight_v5/pub_default_burst,3,post_attack,27,215,9,210977,2
"імпульсний, типовий",overnight_v5/pub_default_burst,3,post_attack,27,216,9,205370,3
"імпульсний, типовий",overnight_v5/pub_default_burst,3,post_attack,28,217,9,199842,4
"імпульсний, типовий",overnight_v5/pub_default_burst,3,post_attack,28,218,9,194395,4
"імпульсний, типовий",overnight_v5/pub_default_burst,3,post_attack,28,219,9,189030,3
"імпульсний, типовий",overnight_v5/pub_default_burst,3,post_attack,28,220,9,183748,3
"імпульсний, типовий",overnight_v5/pub_default_burst,3,post_attack,28,221,9,178550,4
"імпульсний, типовий",overnight_v5/pub_default_burst,3,post_attack,28,222,9,173436,2
"імпульсний, типовий",overnight_v5/pub_default_burst,3,post_attack,28,223,9,168408,3
"імпульсний, типовий",overnight_v5/pub_default_burst,3,post_attack,28,224,9,163465,4
"імпульсний, типовий",overnight_v5/pub_default_burst,3,post_attack,29,225,9,158608,3
"імпульсний, типовий",overnight_v5/pub_default_burst,3,post_attack,29,226,9,153837,2
"імпульсний, типовий",overnight_v5/pub_default_burst,3,post_attack,29,227,9,149152,4
"імпульсний, типовий",overnight_v5/pub_default_burst,3,post_attack,29,228,9,144552,4
"імпульсний, типовий",overnight_v5/pub_default_burst,3,post_attack,29,229,9,140037,3
"імпульсний, типовий",overnight_v5/pub_default_burst,3,post_attack,29,230,9,135607,4
"імпульсний, типовий",overnight_v5/pub_default_burst,3,post_attack,29,231,9,131262,3
"імпульсний, типовий",overnight_v5/pub_default_burst,3,post_attack,29,232,9,127000,4
"імпульсний, типовий",overnight_v5/pub_default_burst,3,post_attack,30,233,9,122822,2
"імпульсний, типовий",overnight_v5/pub_default_burst,3,post_attack,30,234,9,118726,2
"імпульсний, типовий",overnight_v5/pub_default_burst,3,post_attack,30,235,9,114712,2
"імпульсний, типовий",overnight_v5/pub_default_burst,3,post_attack,30,236,9,110778,2
"імпульсний, типовий",overnight_v5/pub_default_burst,3,post_attack,30,237,9,106924,3
"імпульсний, типовий",overnight_v5/pub_default_burst,3,post_attack,30,238,9,103149,2
"імпульсний, типовий",overnight_v5/pub_default_burst,3,post_attack,30,239,9,99452,3
"імпульсний, типовий",overnight_v5/pub_default_burst,3,post_attack,30,240,9,95832,3
"імпульсний, типовий",overnight_v5/pub_default_burst,3,post_attack,31,241,9,92288,4
"імпульсний, типовий",overnight_v5/pub_default_burst,3,post_attack,31,242,9,88819,2
"імпульсний, типовий",overnight_v5/pub_default_burst,3,post_attack,31,243,9,85424,3
"імпульсний, типовий",overnight_v5/pub_default_burst,3,post_attack,31,244,9,82101,2
"імпульсний, типовий",overnight_v5/pub_default_burst,3,post_attack,31,245,9,78850,0
"імпульсний, типовий",overnight_v5/pub_default_burst,3,post_attack,31,246,9,75669,3
"імпульсний, типовий",overnight_v5/pub_default_burst,3,post_attack,31,247,9,72557,2
"імпульсний, типовий",overnight_v5/pub_default_burst,3,post_attack,31,248,9,69514,3
"імпульсний, типовий",overnight_v5/pub_default_burst,3,post_attack,32,249,9,66537,5
"імпульсний, типовий",overnight_v5/pub_default_burst,3,post_attack,32,250,9,63626,3
"імпульсний, типовий",overnight_v5/pub_default_burst,3,post_attack,32,251,9,60780,4
"імпульсний, типовий",overnight_v5/pub_default_burst,3,post_attack,32,252,9,57997,3
"імпульсний, типовий",overnight_v5/pub_default_burst,3,post_attack,32,253,9,55277,4
"імпульсний, типовий",overnight_v5/pub_default_burst,3,post_attack,32,254,9,52618,2
"імпульсний, типовий",overnight_v5/pub_default_burst,3,post_attack,32,255,9,50019,5
"імпульсний, типовий",overnight_v5/pub_default_burst,3,post_attack,32,256,9,47479,2
"імпульсний, типовий",overnight_v5/pub_default_burst,3,post_attack,33,257,9,44996,3
"імпульсний, типовий",overnight_v5/pub_default_burst,3,post_attack,33,258,9,42570,3
"імпульсний, типовий",overnight_v5/pub_default_burst,3,post_attack,33,259,9,40199,3
"імпульсний, типовий",overnight_v5/pub_default_burst,3,post_attack,33,260,9,37883,2
"імпульсний, типовий",overnight_v5/pub_default_burst,3,post_attack,33,261,9,35620,5
"імпульсний, типовий",overnight_v5/pub_default_burst,3,post_attack,33,262,9,33483,2
"імпульсний, типовий",overnight_v5/pub_default_burst,3,post_attack,33,263,9,31474,5
"імпульсний, типовий",overnight_v5/pub_default_burst,3,post_attack,33,264,9,29586,3
"імпульсний, типовий",overnight_v5/pub_default_burst,3,post_attack,34,265,9,27811,3
"імпульсний, типовий",overnight_v5/pub_default_burst,3,post_attack,34,266,9,26142,3
"імпульсний, типовий",overnight_v5/pub_default_burst,3,post_attack,34,267,9,24573,3
"імпульсний, типовий",overnight_v5/pub_default_burst,3,post_attack,34,268,9,23099,3
"імпульсний, типовий",overnight_v5/pub_default_burst,3,post_attack,34,269,9,21713,4
"імпульсний, типовий",overnight_v5/pub_default_burst,3,post_attack,34,270,9,20410,4
"імпульсний, типовий",overnight_v5/pub_default_burst,3,post_attack,34,271,9,19185,2
"імпульсний, типовий",overnight_v5/pub_default_burst,3,post_attack,34,272,9,18034,3
"імпульсний, типовий",overnight_v5/pub_default_burst,3,post_attack,35,273,9,16952,3
"імпульсний, типовий",overnight_v5/pub_default_burst,3,post_attack,35,274,9,15935,3
"імпульсний, типовий",overnight_v5/pub_default_burst,3,post_attack,35,275,9,14979,4
"імпульсний, типовий",overnight_v5/pub_default_burst,3,post_attack,35,276,9,14080,4
"імпульсний, типовий",overnight_v5/pub_default_burst,3,post_attack,35,277,9,13235,3
"імпульсний, типовий",overnight_v5/pub_default_burst,3,post_attack,35,278,9,12441,3
"імпульсний, типовий",overnight_v5/pub_default_burst,3,post_attack,35,279,9,11695,2
"імпульсний, типовий",overnight_v5/pub_default_burst,3,post_attack,35,280,9,10993,3
"імпульсний, типовий",overnight_v5/pub_default_burst,3,post_attack,36,281,9,10333,1
"імпульсний, типовий",overnight_v5/pub_default_burst,3,post_attack,36,282,9,9713,4
"імпульсний, типовий",overnight_v5/pub_default_burst,3,post_attack,36,283,9,9130,4
"імпульсний, типовий",overnight_v5/pub_default_burst,3,post_attack,36,284,9,8582,4
"імпульсний, типовий",overnight_v5/pub_default_burst,3,post_attack,36,285,9,8067,2
"імпульсний, типовий",overnight_v5/pub_default_burst,3,post_attack,36,286,9,7583,3
"імпульсний, типовий",overnight_v5/pub_default_burst,3,post_attack,36,287,9,7128,3
"імпульсний, типовий",overnight_v5/pub_default_burst,3,post_attack,36,288,9,6700,2
"імпульсний, типовий",overnight_v5/pub_default_burst,3,post_attack,37,289,9,6298,4
"імпульсний, типовий",overnight_v5/pub_default_burst,3,post_attack,37,290,9,5920,3
"імпульсний, типовий",overnight_v5/pub_default_burst,3,post_attack,37,291,9,5565,4
"імпульсний, типовий",overnight_v5/pub_default_burst,3,post_attack,37,292,9,5231,3
"імпульсний, типовий",overnight_v5/pub_default_burst,3,post_attack,37,293,9,4917,3
"імпульсний, типовий",overnight_v5/pub_default_burst,3,post_attack,37,294,9,4622,4
"імпульсний, типовий",overnight_v5/pub_default_burst,3,post_attack,37,295,9,4345,6
"імпульсний, типовий",overnight_v5/pub_default_burst,3,post_attack,37,296,9,4084,2
"імпульсний, типовий",overnight_v5/pub_default_burst,3,post_attack,38,297,9,3839,3
"імпульсний, типовий",overnight_v5/pub_default_burst,3,post_attack,38,298,9,3609,4
"імпульсний, типовий",overnight_v5/pub_default_burst,3,post_attack,38,299,9,3392,4
"імпульсний, типовий",overnight_v5/pub_default_burst,3,post_attack,38,300,9,3188,3
"імпульсний, типовий",overnight_v5/pub_default_burst,3,post_attack,38,301,9,2997,2
"імпульсний, типовий",overnight_v5/pub_default_burst,3,post_attack,38,302,9,2817,4
"імпульсний, типовий",overnight_v5/pub_default_burst,3,post_attack,38,303,9,2648,4
"імпульсний, типовий",overnight_v5/pub_default_burst,3,post_attack,38,304,9,2489,5
"імпульсний, типовий",overnight_v5/pub_default_burst,3,post_attack,39,305,9,2340,5
"імпульсний, типовий",overnight_v5/pub_default_burst,3,post_attack,39,306,9,2200,3
"імпульсний, типовий",overnight_v5/pub_default_burst,3,post_attack,39,307,9,2068,5
"імпульсний, типовий",overnight_v5/pub_default_burst,3,post_attack,39,308,9,1944,3
"імпульсний, типовий",overnight_v5/pub_default_burst,3,post_attack,39,309,9,1827,2
"імпульсний, типовий",overnight_v5/pub_default_burst,3,post_attack,39,310,9,1717,3
"імпульсний, типовий",overnight_v5/pub_default_burst,3,post_attack,39,311,9,1614,2
"імпульсний, типовий",overnight_v5/pub_default_burst,3,post_attack,39,312,9,1517,3
"імпульсний, типовий",overnight_v5/pub_default_burst,3,post_attack,40,313,9,1426,4
"імпульсний, типовий",overnight_v5/pub_default_burst,3,post_attack,40,314,9,1340,3
"імпульсний, типовий",overnight_v5/pub_default_burst,3,post_attack,40,315,9,1260,2
"імпульсний, типовий",overnight_v5/pub_default_burst,3,post_attack,40,316,9,1184,4
"імпульсний, типовий",overnight_v5/pub_default_burst,3,post_attack,40,317,9,1113,2
"імпульсний, типовий",overnight_v5/pub_default_burst,3,post_attack,40,318,9,1046,1
"імпульсний, типовий",overnight_v5/pub_default_burst,3,post_attack,40,319,9,983,2
"імпульсний, типовий",overnight_v5/pub_default_burst,3,post_attack,40,320,9,0,2
"імпульсний, типовий",overnight_v5/pub_default_burst,3,post_attack,41,321,9,0,4
"імпульсний, типовий",overnight_v5/pub_default_burst,3,post_attack,41,322,9,0,2
"імпульсний, типовий",overnight_v5/pub_default_burst,3,post_attack,41,323,9,0,4
"імпульсний, типовий",overnight_v5/pub_default_burst,3,post_attack,41,324,9,0,3
"імпульсний, типовий",overnight_v5/pub_default_burst,3,post_attack,41,325,9,0,2
"імпульсний, типовий",overnight_v5/pub_default_burst,3,post_attack,41,326,9,0,4
"імпульсний, типовий",overnight_v5/pub_default_burst,3,post_attack,41,327,9,0,2
"імпульсний, типовий",overnight_v5/pub_default_burst,3,post_attack,41,328,9,0,3
"імпульсний, типовий",overnight_v5/pub_default_burst,3,post_attack,42,329,9,0,4
"імпульсний, типовий",overnight_v5/pub_default_burst,3,post_attack,42,330,9,0,4
"імпульсний, типовий",overnight_v5/pub_default_burst,3,post_attack,42,331,9,0,1
"імпульсний, типовий",overnight_v5/pub_default_burst,3,post_attack,42,332,9,0,4
"імпульсний, типовий",overnight_v5/pub_default_burst,3,post_attack,42,333,9,0,2
"імпульсний, типовий",overnight_v5/pub_default_burst,3,post_attack,42,334,9,0,2
"імпульсний, типовий",overnight_v5/pub_default_burst,3,post_attack,42,335,9,0,3
"імпульсний, типовий",overnight_v5/pub_default_burst,3,post_attack,42,336,9,0,5
"імпульсний, типовий",overnight_v5/pub_default_burst,3,post_attack,43,337,9,0,2
"імпульсний, типовий",overnight_v5/pub_default_burst,3,post_attack,43,338,9,0,2
"імпульсний, типовий",overnight_v5/pub_default_burst,3,post_attack,43,339,9,0,3
"імпульсний, типовий",overnight_v5/pub_default_burst,3,post_attack,43,340,9,0,4
"імпульсний, типовий",overnight_v5/pub_default_burst,3,post_attack,43,341,9,0,3
"імпульсний, типовий",overnight_v5/pub_default_burst,3,post_attack,43,342,9,0,3
"імпульсний, типовий",overnight_v5/pub_default_burst,3,post_attack,43,343,9,0,1
"імпульсний, типовий",overnight_v5/pub_default_burst,3,post_attack,43,344,9,0,4
"імпульсний, типовий",overnight_v5/pub_default_burst,3,post_attack,44,345,9,0,2
"імпульсний, типовий",overnight_v5/pub_default_burst,3,post_attack,44,346,9,0,3
"імпульсний, типовий",overnight_v5/pub_default_burst,3,post_attack,44,347,9,0,3
"імпульсний, типовий",overnight_v5/pub_default_burst,3,post_attack,44,348,9,0,1
"імпульсний, типовий",overnight_v5/pub_default_burst,3,post_attack,44,349,9,0,5
"імпульсний, типовий",overnight_v5/pub_default_burst,3,post_attack,44,350,9,0,4
"імпульсний, типовий",overnight_v5/pub_default_burst,3,post_attack,44,351,9,0,5
"імпульсний, типовий",overnight_v5/pub_default_burst,3,post_attack,44,352,9,0,2
"імпульсний, типовий",overnight_v5/pub_default_burst,3,post_attack,45,353,9,0,3
"імпульсний, типовий",overnight_v5/pub_default_burst,3,post_attack,45,354,9,0,4
"імпульсний, типовий",overnight_v5/pub_default_burst,3,post_attack,45,355,9,0,4
"імпульсний, типовий",overnight_v5/pub_default_burst,3,post_attack,45,356,9,0,4
"імпульсний, типовий",overnight_v5/pub_default_burst,3,post_attack,45,357,9,0,2
"імпульсний, типовий",overnight_v5/pub_default_burst,3,post_attack,45,358,9,0,3
"імпульсний, типовий",overnight_v5/pub_default_burst,3,post_attack,45,359,9,0,2
"імпульсний, типовий",overnight_v5/pub_default_burst,3,post_attack,45,360,9,0,4
"імпульсний, типовий",overnight_v5/pub_default_burst,3,post_attack,46,361,9,0,3
"імпульсний, типовий",overnight_v5/pub_default_burst,3,post_attack,46,362,9,0,2
"імпульсний, типовий",overnight_v5/pub_default_burst,3,post_attack,46,363,9,0,4
"імпульсний, типовий",overnight_v5/pub_default_burst,3,post_attack,46,364,9,0,3
"імпульсний, типовий",overnight_v5/pub_default_burst,3,post_attack,46,365,9,0,3
"імпульсний, типовий",overnight_v5/pub_default_burst,3,post_attack,46,366,9,0,4
"імпульсний, типовий",overnight_v5/pub_default_burst,3,post_attack,46,367,9,0,4
"імпульсний, типовий",overnight_v5/pub_default_burst,3,post_attack,46,368,9,0,4
"імпульсний, типовий",overnight_v5/pub_default_burst,3,post_attack,47,369,9,0,3
"імпульсний, типовий",overnight_v5/pub_default_burst,3,post_attack,47,370,9,0,1
"імпульсний, типовий",overnight_v5/pub_default_burst,3,post_attack,47,371,9,0,0
"імпульсний, типовий",overnight_v5/pub_default_burst,3,post_attack,47,372,9,0,3
"імпульсний, типовий",overnight_v5/pub_default_burst,3,post_attack,47,373,9,0,3
"імпульсний, типовий",overnight_v5/pub_default_burst,3,post_attack,47,374,9,0,3
"імпульсний, типовий",overnight_v5/pub_default_burst,3,post_attack,47,375,9,0,2
"імпульсний, типовий",overnight_v5/pub_default_burst,3,post_attack,47,376,9,0,3
"імпульсний, типовий",overnight_v5/pub_default_burst,3,post_attack,48,377,9,0,1
"імпульсний, типовий",overnight_v5/pub_default_burst,3,post_attack,48,378,9,0,4
"імпульсний, типовий",overnight_v5/pub_default_burst,3,post_attack,48,379,9,0,4
"імпульсний, типовий",overnight_v5/pub_default_burst,3,post_attack,48,380,9,0,3
"імпульсний, типовий",overnight_v5/pub_default_burst,3,post_attack,48,381,9,0,5
"імпульсний, типовий",overnight_v5/pub_default_burst,3,post_attack,48,382,9,0,2
"імпульсний, типовий",overnight_v5/pub_default_burst,3,post_attack,48,383,9,0,2
"імпульсний, типовий",overnight_v5/pub_default_burst,3,post_attack,48,384,9,0,4
"імпульсний, типовий",overnight_v5/pub_default_burst,3,post_attack,49,385,9,0,2
"імпульсний, типовий",overnight_v5/pub_default_burst,3,post_attack,49,386,9,0,3
"імпульсний, типовий",overnight_v5/pub_default_burst,3,post_attack,49,387,9,0,4
"імпульсний, типовий",overnight_v5/pub_default_burst,3,post_attack,49,388,9,0,2
"імпульсний, типовий",overnight_v5/pub_default_burst,3,post_attack,49,389,9,0,2
"імпульсний, типовий",overnight_v5/pub_default_burst,3,post_attack,49,390,9,0,3
"імпульсний, типовий",overnight_v5/pub_default_burst,3,post_attack,49,391,9,0,3
"імпульсний, типовий",overnight_v5/pub_default_burst,3,post_attack,49,392,9,0,3
"імпульсний, типовий",overnight_v5/pub_default_burst,3,post_attack,50,393,9,0,4
"імпульсний, типовий",overnight_v5/pub_default_burst,3,post_attack,50,394,9,0,3
"імпульсний, типовий",overnight_v5/pub_default_burst,3,post_attack,50,395,9,0,4
"імпульсний, типовий",overnight_v5/pub_default_burst,3,post_attack,50,396,9,0,5
"імпульсний, типовий",overnight_v5/pub_default_burst,3,post_attack,50,397,9,0,4
"імпульсний, типовий",overnight_v5/pub_default_burst,3,post_attack,50,398,9,0,2
"імпульсний, типовий",overnight_v5/pub_default_burst,3,post_attack,50,399,9,0,4
"імпульсний, типовий",overnight_v5/pub_default_burst,3,post_attack,50,400,9,0,1
"імпульсний, налаштований",overnight_v5/pub_tuned_burst,1,post_attack,21,161,9,380504,3
"імпульсний, налаштований",overnight_v5/pub_tuned_burst,1,post_attack,21,162,9,464214,2
"імпульсний, налаштований",overnight_v5/pub_tuned_burst,1,post_attack,21,163,9,482631,4
"імпульсний, налаштований",overnight_v5/pub_tuned_burst,1,post_attack,21,164,9,486682,0
"імпульсний, налаштований",overnight_v5/pub_tuned_burst,1,post_attack,21,165,9,487574,5
"імпульсний, налаштований",overnight_v5/pub_tuned_burst,1,post_attack,21,166,9,487770,2
"імпульсний, налаштований",overnight_v5/pub_tuned_burst,1,post_attack,21,167,9,487813,3
"імпульсний, налаштований",overnight_v5/pub_tuned_burst,1,post_attack,21,168,9,487822,3
"імпульсний, налаштований",overnight_v5/pub_tuned_burst,1,post_attack,22,169,9,487824,2
"імпульсний, налаштований",overnight_v5/pub_tuned_burst,1,post_attack,22,170,9,487825,2
"імпульсний, налаштований",overnight_v5/pub_tuned_burst,1,post_attack,22,171,9,487825,0
"імпульсний, налаштований",overnight_v5/pub_tuned_burst,1,post_attack,22,172,9,487825,5
"імпульсний, налаштований",overnight_v5/pub_tuned_burst,1,post_attack,22,173,9,487825,5
"імпульсний, налаштований",overnight_v5/pub_tuned_burst,1,post_attack,22,174,9,487825,3
"імпульсний, налаштований",overnight_v5/pub_tuned_burst,1,post_attack,22,175,9,487825,2
"імпульсний, налаштований",overnight_v5/pub_tuned_burst,1,post_attack,22,176,9,487825,3
"імпульсний, налаштований",overnight_v5/pub_tuned_burst,1,post_attack,23,177,9,487255,3
"імпульсний, налаштований",overnight_v5/pub_tuned_burst,1,post_attack,23,178,9,485913,1
"імпульсний, налаштований",overnight_v5/pub_tuned_burst,1,post_attack,23,179,9,483865,4
"імпульсний, налаштований",overnight_v5/pub_tuned_burst,1,post_attack,23,180,9,481172,2
"імпульсний, налаштований",overnight_v5/pub_tuned_burst,1,post_attack,23,181,9,477893,2
"імпульсний, налаштований",overnight_v5/pub_tuned_burst,1,post_attack,23,182,9,474080,1
"імпульсний, налаштований",overnight_v5/pub_tuned_burst,1,post_attack,23,183,9,469784,1
"імпульсний, налаштований",overnight_v5/pub_tuned_burst,1,post_attack,23,184,9,465052,2
"імпульсний, налаштований",overnight_v5/pub_tuned_burst,1,post_attack,24,185,9,459927,2
"імпульсний, налаштований",overnight_v5/pub_tuned_burst,1,post_attack,24,186,9,454449,3
"імпульсний, налаштований",overnight_v5/pub_tuned_burst,1,post_attack,24,187,9,448655,3
"імпульсний, налаштований",overnight_v5/pub_tuned_burst,1,post_attack,24,188,9,442581,1
"імпульсний, налаштований",overnight_v5/pub_tuned_burst,1,post_attack,24,189,9,436255,2
"імпульсний, налаштований",overnight_v5/pub_tuned_burst,1,post_attack,24,190,9,429708,2
"імпульсний, налаштований",overnight_v5/pub_tuned_burst,1,post_attack,24,191,9,422968,3
"імпульсний, налаштований",overnight_v5/pub_tuned_burst,1,post_attack,24,192,9,416061,1
"імпульсний, налаштований",overnight_v5/pub_tuned_burst,1,post_attack,25,193,9,409011,3
"імпульсний, налаштований",overnight_v5/pub_tuned_burst,1,post_attack,25,194,9,401840,3
"імпульсний, налаштований",overnight_v5/pub_tuned_burst,1,post_attack,25,195,9,394572,2
"імпульсний, налаштований",overnight_v5/pub_tuned_burst,1,post_attack,25,196,9,387225,1
"імпульсний, налаштований",overnight_v5/pub_tuned_burst,1,post_attack,25,197,9,379818,2
"імпульсний, налаштований",overnight_v5/pub_tuned_burst,1,post_attack,25,198,9,372366,4
"імпульсний, налаштований",overnight_v5/pub_tuned_burst,1,post_attack,25,199,9,364884,2
"імпульсний, налаштований",overnight_v5/pub_tuned_burst,1,post_attack,25,200,9,357385,2
"імпульсний, налаштований",overnight_v5/pub_tuned_burst,1,post_attack,26,201,9,349882,2
"імпульсний, налаштований",overnight_v5/pub_tuned_burst,1,post_attack,26,202,9,342387,2
"імпульсний, налаштований",overnight_v5/pub_tuned_burst,1,post_attack,26,203,9,334910,4
"імпульсний, налаштований",overnight_v5/pub_tuned_burst,1,post_attack,26,204,9,327460,3
"імпульсний, налаштований",overnight_v5/pub_tuned_burst,1,post_attack,26,205,9,320047,2
"імпульсний, налаштований",overnight_v5/pub_tuned_burst,1,post_attack,26,206,9,312678,4
"імпульсний, налаштований",overnight_v5/pub_tuned_burst,1,post_attack,26,207,9,305360,3
"імпульсний, налаштований",overnight_v5/pub_tuned_burst,1,post_attack,26,208,9,298100,4
"імпульсний, налаштований",overnight_v5/pub_tuned_burst,1,post_attack,27,209,9,290904,3
"імпульсний, налаштований",overnight_v5/pub_tuned_burst,1,post_attack,27,210,9,283778,3
"імпульсний, налаштований",overnight_v5/pub_tuned_burst,1,post_attack,27,211,9,276726,4
"імпульсний, налаштований",overnight_v5/pub_tuned_burst,1,post_attack,27,212,9,269752,4
"імпульсний, налаштований",overnight_v5/pub_tuned_burst,1,post_attack,27,213,9,262860,3
"імпульсний, налаштований",overnight_v5/pub_tuned_burst,1,post_attack,27,214,9,256054,3
"імпульсний, налаштований",overnight_v5/pub_tuned_burst,1,post_attack,27,215,9,249337,2
"імпульсний, налаштований",overnight_v5/pub_tuned_burst,1,post_attack,27,216,9,242711,3
"імпульсний, налаштований",overnight_v5/pub_tuned_burst,1,post_attack,28,217,9,236178,2
"імпульсний, налаштований",overnight_v5/pub_tuned_burst,1,post_attack,28,218,9,229740,4
"імпульсний, налаштований",overnight_v5/pub_tuned_burst,1,post_attack,28,219,9,223399,1
"імпульсний, налаштований",overnight_v5/pub_tuned_burst,1,post_attack,28,220,9,217156,3
"імпульсний, налаштований",overnight_v5/pub_tuned_burst,1,post_attack,28,221,9,211013,3
"імпульсний, налаштований",overnight_v5/pub_tuned_burst,1,post_attack,28,222,9,204970,2
"імпульсний, налаштований",overnight_v5/pub_tuned_burst,1,post_attack,28,223,9,199027,1
"імпульсний, налаштований",overnight_v5/pub_tuned_burst,1,post_attack,28,224,9,193186,4
"імпульсний, налаштований",overnight_v5/pub_tuned_burst,1,post_attack,29,225,9,187446,2
"імпульсний, налаштований",overnight_v5/pub_tuned_burst,1,post_attack,29,226,9,181807,2
"імпульсний, налаштований",overnight_v5/pub_tuned_burst,1,post_attack,29,227,9,176270,3
"імпульсний, налаштований",overnight_v5/pub_tuned_burst,1,post_attack,29,228,9,170834,3
"імпульсний, налаштований",overnight_v5/pub_tuned_burst,1,post_attack,29,229,9,165499,4
"імпульсний, налаштований",overnight_v5/pub_tuned_burst,1,post_attack,29,230,9,160264,3
"імпульсний, налаштований",overnight_v5/pub_tuned_burst,1,post_attack,29,231,9,155129,2
"імпульсний, налаштований",overnight_v5/pub_tuned_burst,1,post_attack,29,232,9,150093,5
"імпульсний, налаштований",overnight_v5/pub_tuned_burst,1,post_attack,30,233,9,145155,3
"імпульсний, налаштований",overnight_v5/pub_tuned_burst,1,post_attack,30,234,9,140314,3
"імпульсний, налаштований",overnight_v5/pub_tuned_burst,1,post_attack,30,235,9,135570,3
"імпульсний, налаштований",overnight_v5/pub_tuned_burst,1,post_attack,30,236,9,130921,3
"імпульсний, налаштований",overnight_v5/pub_tuned_burst,1,post_attack,30,237,9,126367,4
"імпульсний, налаштований",overnight_v5/pub_tuned_burst,1,post_attack,30,238,9,121906,3
"імпульсний, налаштований",overnight_v5/pub_tuned_burst,1,post_attack,30,239,9,117537,2
"імпульсний, налаштований",overnight_v5/pub_tuned_burst,1,post_attack,30,240,9,113259,2
"імпульсний, налаштований",overnight_v5/pub_tuned_burst,1,post_attack,31,241,9,109071,2
"імпульсний, налаштований",overnight_v5/pub_tuned_burst,1,post_attack,31,242,9,104971,4
"імпульсний, налаштований",overnight_v5/pub_tuned_burst,1,post_attack,31,243,9,100958,3
"імпульсний, налаштований",overnight_v5/pub_tuned_burst,1,post_attack,31,244,9,97031,1
"імпульсний, налаштований",overnight_v5/pub_tuned_burst,1,post_attack,31,245,9,93189,3
"імпульсний, налаштований",overnight_v5/pub_tuned_burst,1,post_attack,31,246,9,89430,1
"імпульсний, налаштований",overnight_v5/pub_tuned_burst,1,post_attack,31,247,9,85753,4
"імпульсний, налаштований",overnight_v5/pub_tuned_burst,1,post_attack,31,248,9,82156,2
"імпульсний, налаштований",overnight_v5/pub_tuned_burst,1,post_attack,32,249,9,78638,3
"імпульсний, налаштований",overnight_v5/pub_tuned_burst,1,post_attack,32,250,9,75198,4
"імпульсний, налаштований",overnight_v5/pub_tuned_burst,1,post_attack,32,251,9,71834,4
"імпульсний, налаштований",overnight_v5/pub_tuned_burst,1,post_attack,32,252,9,68545,3
"імпульсний, налаштований",overnight_v5/pub_tuned_burst,1,post_attack,32,253,9,65330,0
"імпульсний, налаштований",overnight_v5/pub_tuned_burst,1,post_attack,32,254,9,62187,1
"імпульсний, налаштований",overnight_v5/pub_tuned_burst,1,post_attack,32,255,9,59115,4
"імпульсний, налаштований",overnight_v5/pub_tuned_burst,1,post_attack,32,256,9,56113,0
"імпульсний, налаштований",overnight_v5/pub_tuned_burst,1,post_attack,33,257,9,53179,3
"імпульсний, налаштований",overnight_v5/pub_tuned_burst,1,post_attack,33,258,9,50312,5
"імпульсний, налаштований",overnight_v5/pub_tuned_burst,1,post_attack,33,259,9,47510,4
"імпульсний, налаштований",overnight_v5/pub_tuned_burst,1,post_attack,33,260,9,44773,6
"імпульсний, налаштований",overnight_v5/pub_tuned_burst,1,post_attack,33,261,9,42098,2
"імпульсний, налаштований",overnight_v5/pub_tuned_burst,1,post_attack,33,262,9,39572,3
"імпульсний, налаштований",overnight_v5/pub_tuned_burst,1,post_attack,33,263,9,37198,3
"імпульсний, налаштований",overnight_v5/pub_tuned_burst,1,post_attack,33,264,9,34966,2
"імпульсний, налаштований",overnight_v5/pub_tuned_burst,1,post_attack,34,265,9,32868,3
"імпульсний, налаштований",overnight_v5/pub_tuned_burst,1,post_attack,34,266,9,30896,1
"імпульсний, налаштований",overnight_v5/pub_tuned_burst,1,post_attack,34,267,9,29042,0
"імпульсний, налаштований",overnight_v5/pub_tuned_burst,1,post_attack,34,268,9,27299,1
"імпульсний, налаштований",overnight_v5/pub_tuned_burst,1,post_attack,34,269,9,25661,3
"імпульсний, налаштований",overnight_v5/pub_tuned_burst,1,post_attack,34,270,9,24121,3
"імпульсний, налаштований",overnight_v5/pub_tuned_burst,1,post_attack,34,271,9,22674,3
"імпульсний, налаштований",overnight_v5/pub_tuned_burst,1,post_attack,34,272,9,21314,2
"імпульсний, налаштований",overnight_v5/pub_tuned_burst,1,post_attack,35,273,9,20035,1
"імпульсний, налаштований",overnight_v5/pub_tuned_burst,1,post_attack,35,274,9,18833,2
"імпульсний, налаштований",overnight_v5/pub_tuned_burst,1,post_attack,35,275,9,17703,2
"імпульсний, налаштований",overnight_v5/pub_tuned_burst,1,post_attack,35,276,9,16641,3
"імпульсний, налаштований",overnight_v5/pub_tuned_burst,1,post_attack,35,277,9,15643,3
"імпульсний, налаштований",overnight_v5/pub_tuned_burst,1,post_attack,35,278,9,14704,2
"імпульсний, налаштований",overnight_v5/pub_tuned_burst,1,post_attack,35,279,9,13822,3
"імпульсний, налаштований",overnight_v5/pub_tuned_burst,1,post_attack,35,280,9,12993,3
"імпульсний, налаштований",overnight_v5/pub_tuned_burst,1,post_attack,36,281,9,12213,3
"імпульсний, налаштований",overnight_v5/pub_tuned_burst,1,post_attack,36,282,9,11480,3
"імпульсний, налаштований",overnight_v5/pub_tuned_burst,1,post_attack,36,283,9,10791,3
"імпульсний, налаштований",overnight_v5/pub_tuned_burst,1,post_attack,36,284,9,10144,3
"імпульсний, налаштований",overnight_v5/pub_tuned_burst,1,post_attack,36,285,9,9535,3
"імпульсний, налаштований",overnight_v5/pub_tuned_burst,1,post_attack,36,286,9,8963,1
"імпульсний, налаштований",overnight_v5/pub_tuned_burst,1,post_attack,36,287,9,8425,4
"імпульсний, налаштований",overnight_v5/pub_tuned_burst,1,post_attack,36,288,9,7919,3
"імпульсний, налаштований",overnight_v5/pub_tuned_burst,1,post_attack,37,289,9,7444,4
"імпульсний, налаштований",overnight_v5/pub_tuned_burst,1,post_attack,37,290,9,6997,1
"імпульсний, налаштований",overnight_v5/pub_tuned_burst,1,post_attack,37,291,9,6577,4
"імпульсний, налаштований",overnight_v5/pub_tuned_burst,1,post_attack,37,292,9,6182,3
"імпульсний, налаштований",overnight_v5/pub_tuned_burst,1,post_attack,37,293,9,5811,1
"імпульсний, налаштований",overnight_v5/pub_tuned_burst,1,post_attack,37,294,9,5462,2
"імпульсний, налаштований",overnight_v5/pub_tuned_burst,1,post_attack,37,295,9,5134,2
"імпульсний, налаштований",overnight_v5/pub_tuned_burst,1,post_attack,37,296,9,4826,2
"імпульсний, налаштований",overnight_v5/pub_tuned_burst,1,post_attack,38,297,9,4536,5
"імпульсний, налаштований",overnight_v5/pub_tuned_burst,1,post_attack,38,298,9,4264,2
"імпульсний, налаштований",overnight_v5/pub_tuned_burst,1,post_attack,38,299,9,4008,3
"імпульсний, налаштований",overnight_v5/pub_tuned_burst,1,post_attack,38,300,9,3768,2
"імпульсний, налаштований",overnight_v5/pub_tuned_burst,1,post_attack,38,301,9,3542,4
"імпульсний, налаштований",overnight_v5/pub_tuned_burst,1,post_attack,38,302,9,3329,5
"імпульсний, налаштований",overnight_v5/pub_tuned_burst,1,post_attack,38,303,9,3129,5
"імпульсний, налаштований",overnight_v5/pub_tuned_burst,1,post_attack,38,304,9,2941,4
"імпульсний, налаштований",overnight_v5/pub_tuned_burst,1,post_attack,39,305,9,2765,5
"імпульсний, налаштований",overnight_v5/pub_tuned_burst,1,post_attack,39,306,9,2599,4
"імпульсний, налаштований",overnight_v5/pub_tuned_burst,1,post_attack,39,307,9,2443,3
"імпульсний, налаштований",overnight_v5/pub_tuned_burst,1,post_attack,39,308,9,2296,5
"імпульсний, налаштований",overnight_v5/pub_tuned_burst,1,post_attack,39,309,9,2158,3
"імпульсний, налаштований",overnight_v5/pub_tuned_burst,1,post_attack,39,310,9,2029,1
"імпульсний, налаштований",overnight_v5/pub_tuned_burst,1,post_attack,39,311,9,1907,4
"імпульсний, налаштований",overnight_v5/pub_tuned_burst,1,post_attack,39,312,9,1793,4
"імпульсний, налаштований",overnight_v5/pub_tuned_burst,1,post_attack,40,313,9,1685,3
"імпульсний, налаштований",overnight_v5/pub_tuned_burst,1,post_attack,40,314,9,1584,4
"імпульсний, налаштований",overnight_v5/pub_tuned_burst,1,post_attack,40,315,9,1489,3
"імпульсний, налаштований",overnight_v5/pub_tuned_burst,1,post_attack,40,316,9,1400,3
"імпульсний, налаштований",overnight_v5/pub_tuned_burst,1,post_attack,40,317,9,1316,1
"імпульсний, налаштований",overnight_v5/pub_tuned_burst,1,post_attack,40,318,9,1237,2
"імпульсний, налаштований",overnight_v5/pub_tuned_burst,1,post_attack,40,319,9,1163,5
"імпульсний, налаштований",overnight_v5/pub_tuned_burst,1,post_attack,40,320,9,1093,3
"імпульсний, налаштований",overnight_v5/pub_tuned_burst,1,post_attack,41,321,9,1027,3
"імпульсний, налаштований",overnight_v5/pub_tuned_burst,1,post_attack,41,322,9,965,3
"імпульсний, налаштований",overnight_v5/pub_tuned_burst,1,post_attack,41,323,9,0,3
"імпульсний, налаштований",overnight_v5/pub_tuned_burst,1,post_attack,41,324,9,0,5
"імпульсний, налаштований",overnight_v5/pub_tuned_burst,1,post_attack,41,325,9,0,4
"імпульсний, налаштований",overnight_v5/pub_tuned_burst,1,post_attack,41,326,9,0,1
"імпульсний, налаштований",overnight_v5/pub_tuned_burst,1,post_attack,41,327,9,0,3
"імпульсний, налаштований",overnight_v5/pub_tuned_burst,1,post_attack,41,328,9,0,3
"імпульсний, налаштований",overnight_v5/pub_tuned_burst,1,post_attack,42,329,9,0,3
"імпульсний, налаштований",overnight_v5/pub_tuned_burst,1,post_attack,42,330,9,0,3
"імпульсний, налаштований",overnight_v5/pub_tuned_burst,1,post_attack,42,331,9,0,3
"імпульсний, налаштований",overnight_v5/pub_tuned_burst,1,post_attack,42,332,9,0,2
"імпульсний, налаштований",overnight_v5/pub_tuned_burst,1,post_attack,42,333,9,0,3
"імпульсний, налаштований",overnight_v5/pub_tuned_burst,1,post_attack,42,334,9,0,2
"імпульсний, налаштований",overnight_v5/pub_tuned_burst,1,post_attack,42,335,9,0,3
"імпульсний, налаштований",overnight_v5/pub_tuned_burst,1,post_attack,42,336,9,0,3
"імпульсний, налаштований",overnight_v5/pub_tuned_burst,1,post_attack,43,337,9,0,4
"імпульсний, налаштований",overnight_v5/pub_tuned_burst,1,post_attack,43,338,9,0,3
"імпульсний, налаштований",overnight_v5/pub_tuned_burst,1,post_attack,43,339,9,0,2
"імпульсний, налаштований",overnight_v5/pub_tuned_burst,1,post_attack,43,340,9,0,3
"імпульсний, налаштований",overnight_v5/pub_tuned_burst,1,post_attack,43,341,9,0,2
"імпульсний, налаштований",overnight_v5/pub_tuned_burst,1,post_attack,43,342,9,0,2
"імпульсний, налаштований",overnight_v5/pub_tuned_burst,1,post_attack,43,343,9,0,2
"імпульсний, налаштований",overnight_v5/pub_tuned_burst,1,post_attack,43,344,9,0,0
"імпульсний, налаштований",overnight_v5/pub_tuned_burst,1,post_attack,44,345,9,0,4
"імпульсний, налаштований",overnight_v5/pub_tuned_burst,1,post_attack,44,346,9,0,2
"імпульсний, налаштований",overnight_v5/pub_tuned_burst,1,post_attack,44,347,9,0,3
"імпульсний, налаштований",overnight_v5/pub_tuned_burst,1,post_attack,44,348,9,0,3
"імпульсний, налаштований",overnight_v5/pub_tuned_burst,1,post_attack,44,349,9,0,3
"імпульсний, налаштований",overnight_v5/pub_tuned_burst,1,post_attack,44,350,9,0,2
"імпульсний, налаштований",overnight_v5/pub_tuned_burst,1,post_attack,44,351,9,0,4
"імпульсний, налаштований",overnight_v5/pub_tuned_burst,1,post_attack,44,352,9,0,2
"імпульсний, налаштований",overnight_v5/pub_tuned_burst,1,post_attack,45,353,9,0,4
"імпульсний, налаштований",overnight_v5/pub_tuned_burst,1,post_attack,45,354,9,0,3
"імпульсний, налаштований",overnight_v5/pub_tuned_burst,1,post_attack,45,355,9,0,3
"імпульсний, налаштований",overnight_v5/pub_tuned_burst,1,post_attack,45,356,9,0,4
"імпульсний, налаштований",overnight_v5/pub_tuned_burst,1,post_attack,45,357,9,0,4
"імпульсний, налаштований",overnight_v5/pub_tuned_burst,1,post_attack,45,358,9,0,3
"імпульсний, налаштований",overnight_v5/pub_tuned_burst,1,post_attack,45,359,9,0,3
"імпульсний, налаштований",overnight_v5/pub_tuned_burst,1,post_attack,45,360,9,0,2
"імпульсний, налаштований",overnight_v5/pub_tuned_burst,1,post_attack,46,361,9,0,4
"імпульсний, налаштований",overnight_v5/pub_tuned_burst,1,post_attack,46,362,9,0,5
"імпульсний, налаштований",overnight_v5/pub_tuned_burst,1,post_attack,46,363,9,0,3
"імпульсний, налаштований",overnight_v5/pub_tuned_burst,1,post_attack,46,364,9,0,4
"імпульсний, налаштований",overnight_v5/pub_tuned_burst,1,post_attack,46,365,9,0,4
"імпульсний, налаштований",overnight_v5/pub_tuned_burst,1,post_attack,46,366,9,0,2
"імпульсний, налаштований",overnight_v5/pub_tuned_burst,1,post_attack,46,367,9,0,3
"імпульсний, налаштований",overnight_v5/pub_tuned_burst,1,post_attack,46,368,9,0,2
"імпульсний, налаштований",overnight_v5/pub_tuned_burst,1,post_attack,47,369,9,0,3
"імпульсний, налаштований",overnight_v5/pub_tuned_burst,1,post_attack,47,370,9,0,4
"імпульсний, налаштований",overnight_v5/pub_tuned_burst,1,post_attack,47,371,9,0,4
"імпульсний, налаштований",overnight_v5/pub_tuned_burst,1,post_attack,47,372,9,0,2
"імпульсний, налаштований",overnight_v5/pub_tuned_burst,1,post_attack,47,373,9,0,3
"імпульсний, налаштований",overnight_v5/pub_tuned_burst,1,post_attack,47,374,9,0,3
"імпульсний, налаштований",overnight_v5/pub_tuned_burst,1,post_attack,47,375,9,0,3
"імпульсний, налаштований",overnight_v5/pub_tuned_burst,1,post_attack,47,376,9,0,2
"імпульсний, налаштований",overnight_v5/pub_tuned_burst,1,post_attack,48,377,9,0,3
"імпульсний, налаштований",overnight_v5/pub_tuned_burst,1,post_attack,48,378,9,0,3
"імпульсний, налаштований",overnight_v5/pub_tuned_burst,1,post_attack,48,379,9,0,3
"імпульсний, налаштований",overnight_v5/pub_tuned_burst,1,post_attack,48,380,9,0,5
"імпульсний, налаштований",overnight_v5/pub_tuned_burst,1,post_attack,48,381,9,0,3
"імпульсний, налаштований",overnight_v5/pub_tuned_burst,1,post_attack,48,382,9,0,3
"імпульсний, налаштований",overnight_v5/pub_tuned_burst,1,post_attack,48,383,9,0,1
"імпульсний, налаштований",overnight_v5/pub_tuned_burst,1,post_attack,48,384,9,0,4
"імпульсний, налаштований",overnight_v5/pub_tuned_burst,1,post_attack,49,385,9,0,3
"імпульсний, налаштований",overnight_v5/pub_tuned_burst,1,post_attack,49,386,9,0,5
"імпульсний, налаштований",overnight_v5/pub_tuned_burst,1,post_attack,49,387,9,0,2
"імпульсний, налаштований",overnight_v5/pub_tuned_burst,1,post_attack,49,388,9,0,4
"імпульсний, налаштований",overnight_v5/pub_tuned_burst,1,post_attack,49,389,9,0,2
"імпульсний, налаштований",overnight_v5/pub_tuned_burst,1,post_attack,49,390,9,0,2
"імпульсний, налаштований",overnight_v5/pub_tuned_burst,1,post_attack,49,391,9,0,4
"імпульсний, налаштований",overnight_v5/pub_tuned_burst,1,post_attack,49,392,9,0,3
"імпульсний, налаштований",overnight_v5/pub_tuned_burst,1,post_attack,50,393,9,0,3
"імпульсний, налаштований",overnight_v5/pub_tuned_burst,1,post_attack,50,394,9,0,3
"імпульсний, налаштований",overnight_v5/pub_tuned_burst,1,post_attack,50,395,9,0,0
"імпульсний, налаштований",overnight_v5/pub_tuned_burst,1,post_attack,50,396,9,0,3
"імпульсний, налаштований",overnight_v5/pub_tuned_burst,1,post_attack,50,397,9,0,3
"імпульсний, налаштований",overnight_v5/pub_tuned_burst,1,post_attack,50,398,9,0,3
"імпульсний, налаштований",overnight_v5/pub_tuned_burst,1,post_attack,50,399,9,0,2
"імпульсний, налаштований",overnight_v5/pub_tuned_burst,1,post_attack,50,400,9,0,2
"імпульсний, налаштований",overnight_v5/pub_tuned_burst,2,post_attack,21,161,9,380504,1
"імпульсний, налаштований",overnight_v5/pub_tuned_burst,2,post_attack,21,162,9,464214,3
"імпульсний, налаштований",overnight_v5/pub_tuned_burst,2,post_attack,21,163,9,482631,2
"імпульсний, налаштований",overnight_v5/pub_tuned_burst,2,post_attack,21,164,9,486682,2
"імпульсний, налаштований",overnight_v5/pub_tuned_burst,2,post_attack,21,165,9,487574,3
"імпульсний, налаштований",overnight_v5/pub_tuned_burst,2,post_attack,21,166,9,487770,2
"імпульсний, налаштований",overnight_v5/pub_tuned_burst,2,post_attack,21,167,9,487813,3
"імпульсний, налаштований",overnight_v5/pub_tuned_burst,2,post_attack,21,168,9,487822,2
"імпульсний, налаштований",overnight_v5/pub_tuned_burst,2,post_attack,22,169,9,487824,4
"імпульсний, налаштований",overnight_v5/pub_tuned_burst,2,post_attack,22,170,9,487825,2
"імпульсний, налаштований",overnight_v5/pub_tuned_burst,2,post_attack,22,171,9,487825,3
"імпульсний, налаштований",overnight_v5/pub_tuned_burst,2,post_attack,22,172,9,487825,1
"імпульсний, налаштований",overnight_v5/pub_tuned_burst,2,post_attack,22,173,9,487825,1
"імпульсний, налаштований",overnight_v5/pub_tuned_burst,2,post_attack,22,174,9,487825,4
"імпульсний, налаштований",overnight_v5/pub_tuned_burst,2,post_attack,22,175,9,487825,2
"імпульсний, налаштований",overnight_v5/pub_tuned_burst,2,post_attack,22,176,9,487825,2
"імпульсний, налаштований",overnight_v5/pub_tuned_burst,2,post_attack,23,177,9,487244,2
"імпульсний, налаштований",overnight_v5/pub_tuned_burst,2,post_attack,23,178,9,485891,2
"імпульсний, налаштований",overnight_v5/pub_tuned_burst,2,post_attack,23,179,9,483833,3
"імпульсний, налаштований",overnight_v5/pub_tuned_burst,2,post_attack,23,180,9,481132,3
"імпульсний, налаштований",overnight_v5/pub_tuned_burst,2,post_attack,23,181,9,477845,4
"імпульсний, налаштований",overnight_v5/pub_tuned_burst,2,post_attack,23,182,9,474025,2
"імпульсний, налаштований",overnight_v5/pub_tuned_burst,2,post_attack,23,183,9,469723,4
"імпульсний, налаштований",overnight_v5/pub_tuned_burst,2,post_attack,23,184,9,464985,3
"імпульсний, налаштований",overnight_v5/pub_tuned_burst,2,post_attack,24,185,9,459854,3
"імпульсний, налаштований",overnight_v5/pub_tuned_burst,2,post_attack,24,186,9,454371,2
"імпульсний, налаштований",overnight_v5/pub_tuned_burst,2,post_attack,24,187,9,448573,2
"імпульсний, налаштований",overnight_v5/pub_tuned_burst,2,post_attack,24,188,9,442495,3
"імпульсний, налаштований",overnight_v5/pub_tuned_burst,2,post_attack,24,189,9,436166,2
"імпульсний, налаштований",overnight_v5/pub_tuned_burst,2,post_attack,24,190,9,429616,2
"імпульсний, налаштований",overnight_v5/pub_tuned_burst,2,post_attack,24,191,9,422873,3
"імпульсний, налаштований",overnight_v5/pub_tuned_burst,2,post_attack,24,192,9,415964,3
"імпульсний, налаштований",overnight_v5/pub_tuned_burst,2,post_attack,25,193,9,408912,2
"імпульсний, налаштований",overnight_v5/pub_tuned_burst,2,post_attack,25,194,9,401739,2
"імпульсний, налаштований",overnight_v5/pub_tuned_burst,2,post_attack,25,195,9,394469,4
"імпульсний, налаштований",overnight_v5/pub_tuned_burst,2,post_attack,25,196,9,387121,2
"імпульсний, налаштований",overnight_v5/pub_tuned_burst,2,post_attack,25,197,9,379713,2
"імпульсний, налаштований",overnight_v5/pub_tuned_burst,2,post_attack,25,198,9,372260,3
"імпульсний, налаштований",overnight_v5/pub_tuned_burst,2,post_attack,25,199,9,364777,2
"імпульсний, налаштований",overnight_v5/pub_tuned_burst,2,post_attack,25,200,9,357278,3
"імпульсний, налаштований",overnight_v5/pub_tuned_burst,2,post_attack,26,201,9,349775,1
"імпульсний, налаштований",overnight_v5/pub_tuned_burst,2,post_attack,26,202,9,342280,3
"імпульсний, налаштований",overnight_v5/pub_tuned_burst,2,post_attack,26,203,9,334803,4
"імпульсний, налаштований",overnight_v5/pub_tuned_burst,2,post_attack,26,204,9,327354,3
"імпульсний, налаштований",overnight_v5/pub_tuned_burst,2,post_attack,26,205,9,319941,2
"імпульсний, налаштований",overnight_v5/pub_tuned_burst,2,post_attack,26,206,9,312573,2
"імпульсний, налаштований",overnight_v5/pub_tuned_burst,2,post_attack,26,207,9,305256,1
"імпульсний, налаштований",overnight_v5/pub_tuned_burst,2,post_attack,26,208,9,297997,3
"імпульсний, налаштований",overnight_v5/pub_tuned_burst,2,post_attack,27,209,9,290802,1
"імпульсний, налаштований",overnight_v5/pub_tuned_burst,2,post_attack,27,210,9,283677,3
"імпульсний, налаштований",overnight_v5/pub_tuned_burst,2,post_attack,27,211,9,276626,4
"імпульсний, налаштований",overnight_v5/pub_tuned_burst,2,post_attack,27,212,9,269653,2
"імпульсний, налаштований",overnight_v5/pub_tuned_burst,2,post_attack,27,213,9,262763,3
"імпульсний, налаштований",overnight_v5/pub_tuned_burst,2,post_attack,27,214,9,255958,3
"імпульсний, налаштований",overnight_v5/pub_tuned_burst,2,post_attack,27,215,9,249242,4
"імпульсний, налаштований",overnight_v5/pub_tuned_burst,2,post_attack,27,216,9,242617,2
"імпульсний, налаштований",overnight_v5/pub_tuned_burst,2,post_attack,28,217,9,236085,2
"імпульсний, налаштований",overnight_v5/pub_tuned_burst,2,post_attack,28,218,9,229649,5
"імпульсний, налаштований",overnight_v5/pub_tuned_burst,2,post_attack,28,219,9,223309,3
"імпульсний, налаштований",overnight_v5/pub_tuned_burst,2,post_attack,28,220,9,217068,2
"імпульсний, налаштований",overnight_v5/pub_tuned_burst,2,post_attack,28,221,9,210926,3
"імпульсний, налаштований",overnight_v5/pub_tuned_burst,2,post_attack,28,222,9,204884,3
"імпульсний, налаштований",overnight_v5/pub_tuned_burst,2,post_attack,28,223,9,198943,3
"імпульсний, налаштований",overnight_v5/pub_tuned_burst,2,post_attack,28,224,9,193103,3
"імпульсний, налаштований",overnight_v5/pub_tuned_burst,2,post_attack,29,225,9,187364,3
"імпульсний, налаштований",overnight_v5/pub_tuned_burst,2,post_attack,29,226,9,181727,2
"імпульсний, налаштований",overnight_v5/pub_tuned_burst,2,post_attack,29,227,9,176191,3
"імпульсний, налаштований",overnight_v5/pub_tuned_burst,2,post_attack,29,228,9,170756,3
"імпульсний, налаштований",overnight_v5/pub_tuned_burst,2,post_attack,29,229,9,165422,4
"імпульсний, налаштований",overnight_v5/pub_tuned_burst,2,post_attack,29,230,9,160188,2
"імпульсний, налаштований",overnight_v5/pub_tuned_burst,2,post_attack,29,231,9,155054,3
"імпульсний, налаштований",overnight_v5/pub_tuned_burst,2,post_attack,29,232,9,150019,4
"імпульсний, налаштований",overnight_v5/pub_tuned_burst,2,post_attack,30,233,9,145082,4
"імпульсний, налаштований",overnight_v5/pub_tuned_burst,2,post_attack,30,234,9,140243,4
"імпульсний, налаштований",overnight_v5/pub_tuned_burst,2,post_attack,30,235,9,135500,4
"імпульсний, налаштований",overnight_v5/pub_tuned_burst,2,post_attack,30,236,9,130853,3
"імпульсний, налаштований",overnight_v5/pub_tuned_burst,2,post_attack,30,237,9,126300,4
"імпульсний, налаштований",overnight_v5/pub_tuned_burst,2,post_attack,30,238,9,121840,2
"імпульсний, налаштований",overnight_v5/pub_tuned_burst,2,post_attack,30,239,9,117472,3
"імпульсний, налаштований",overnight_v5/pub_tuned_burst,2,post_attack,30,240,9,113195,2
"імпульсний, налаштований",overnight_v5/pub_tuned_burst,2,post_attack,31,241,9,109008,2
"імпульсний, налаштований",overnight_v5/pub_tuned_burst,2,post_attack,31,242,9,104910,5
"імпульсний, налаштований",overnight_v5/pub_tuned_burst,2,post_attack,31,243,9,100899,5
"імпульсний, налаштований",overnight_v5/pub_tuned_burst,2,post_attack,31,244,9,96973,2
"імпульсний, налаштований",overnight_v5/pub_tuned_burst,2,post_attack,31,245,9,93132,4
"імпульсний, налаштований",overnight_v5/pub_tuned_burst,2,post_attack,31,246,9,89374,4
"імпульсний, налаштований",overnight_v5/pub_tuned_burst,2,post_attack,31,247,9,85698,1
"імпульсний, налаштований",overnight_v5/pub_tuned_burst,2,post_attack,31,248,9,82102,4
"імпульсний, налаштований",overnight_v5/pub_tuned_burst,2,post_attack,32,249,9,78585,3
"імпульсний, налаштований",overnight_v5/pub_tuned_burst,2,post_attack,32,250,9,75146,4
"імпульсний, налаштований",overnight_v5/pub_tuned_burst,2,post_attack,32,251,9,71784,3
"імпульсний, налаштований",overnight_v5/pub_tuned_burst,2,post_attack,32,252,9,68496,3
"імпульсний, налаштований",overnight_v5/pub_tuned_burst,2,post_attack,32,253,9,65282,2
"імпульсний, налаштований",overnight_v5/pub_tuned_burst,2,post_attack,32,254,9,62140,4
"імпульсний, налаштований",overnight_v5/pub_tuned_burst,2,post_attack,32,255,9,59069,3
"імпульсний, налаштований",overnight_v5/pub_tuned_burst,2,post_attack,32,256,9,56068,3
"імпульсний, налаштований",overnight_v5/pub_tuned_burst,2,post_attack,33,257,9,53135,1
"імпульсний, налаштований",overnight_v5/pub_tuned_burst,2,post_attack,33,258,9,50269,3
"імпульсний, налаштований",overnight_v5/pub_tuned_burst,2,post_attack,33,259,9,47468,2
"імпульсний, налаштований",overnight_v5/pub_tuned_burst,2,post_attack,33,260,9,44732,2
"імпульсний, налаштований",overnight_v5/pub_tuned_burst,2,post_attack,33,261,9,42059,3
"імпульсний, налаштований",overnight_v5/pub_tuned_burst,2,post_attack,33,262,9,39535,3
"імпульсний, налаштований",overnight_v5/pub_tuned_burst,2,post_attack,33,263,9,37163,4
"імпульсний, налаштований",overnight_v5/pub_tuned_burst,2,post_attack,33,264,9,34933,4
"імпульсний, налаштований",overnight_v5/pub_tuned_burst,2,post_attack,34,265,9,32837,2
"імпульсний, налаштований",overnight_v5/pub_tuned_burst,2,post_attack,34,266,9,30867,2
"імпульсний, налаштований",overnight_v5/pub_tuned_burst,2,post_attack,34,267,9,29015,1
"імпульсний, налаштований",overnight_v5/pub_tuned_burst,2,post_attack,34,268,9,27274,1
"імпульсний, налаштований",overnight_v5/pub_tuned_burst,2,post_attack,34,269,9,25638,3
"імпульсний, налаштований",overnight_v5/pub_tuned_burst,2,post_attack,34,270,9,24100,4
"імпульсний, налаштований",overnight_v5/pub_tuned_burst,2,post_attack,34,271,9,22654,2
"імпульсний, налаштований",overnight_v5/pub_tuned_burst,2,post_attack,34,272,9,21295,2
"імпульсний, налаштований",overnight_v5/pub_tuned_burst,2,post_attack,35,273,9,20017,0
"імпульсний, налаштований",overnight_v5/pub_tuned_burst,2,post_attack,35,274,9,18816,2
"імпульсний, налаштований",overnight_v5/pub_tuned_burst,2,post_attack,35,275,9,17687,3
"імпульсний, налаштований",overnight_v5/pub_tuned_burst,2,post_attack,35,276,9,16626,4
"імпульсний, налаштований",overnight_v5/pub_tuned_burst,2,post_attack,35,277,9,15628,1
"імпульсний, налаштований",overnight_v5/pub_tuned_burst,2,post_attack,35,278,9,14690,2
"імпульсний, налаштований",overnight_v5/pub_tuned_burst,2,post_attack,35,279,9,13809,3
"імпульсний, налаштований",overnight_v5/pub_tuned_burst,2,post_attack,35,280,9,12980,3
"імпульсний, налаштований",overnight_v5/pub_tuned_burst,2,post_attack,36,281,9,12201,4
"імпульсний, налаштований",overnight_v5/pub_tuned_burst,2,post_attack,36,282,9,11469,4
"імпульсний, налаштований",overnight_v5/pub_tuned_burst,2,post_attack,36,283,9,10781,3
"імпульсний, налаштований",overnight_v5/pub_tuned_burst,2,post_attack,36,284,9,10134,4
"імпульсний, налаштований",overnight_v5/pub_tuned_burst,2,post_attack,36,285,9,9526,4
"імпульсний, налаштований",overnight_v5/pub_tuned_burst,2,post_attack,36,286,9,8954,4
"імпульсний, налаштований",overnight_v5/pub_tuned_burst,2,post_attack,36,287,9,8417,4
"імпульсний, налаштований",overnight_v5/pub_tuned_burst,2,post_attack,36,288,9,7912,4
"імпульсний, налаштований",overnight_v5/pub_tuned_burst,2,post_attack,37,289,9,7437,2
"імпульсний, налаштований",overnight_v5/pub_tuned_burst,2,post_attack,37,290,9,6991,3
"імпульсний, налаштований",overnight_v5/pub_tuned_burst,2,post_attack,37,291,9,6572,4
"імпульсний, налаштований",overnight_v5/pub_tuned_burst,2,post_attack,37,292,9,6178,2
"імпульсний, налаштований",overnight_v5/pub_tuned_burst,2,post_attack,37,293,9,5807,2
"імпульсний, налаштований",overnight_v5/pub_tuned_burst,2,post_attack,37,294,9,5459,3
"імпульсний, налаштований",overnight_v5/pub_tuned_burst,2,post_attack,37,295,9,5131,4
"імпульсний, налаштований",overnight_v5/pub_tuned_burst,2,post_attack,37,296,9,4823,3
"імпульсний, налаштований",overnight_v5/pub_tuned_burst,2,post_attack,38,297,9,4534,2
"імпульсний, налаштований",overnight_v5/pub_tuned_burst,2,post_attack,38,298,9,4262,3
"імпульсний, налаштований",overnight_v5/pub_tuned_burst,2,post_attack,38,299,9,4006,2
"імпульсний, налаштований",overnight_v5/pub_tuned_burst,2,post_attack,38,300,9,3766,4
"імпульсний, налаштований",overnight_v5/pub_tuned_burst,2,post_attack,38,301,9,3540,2
"імпульсний, налаштований",overnight_v5/pub_tuned_burst,2,post_attack,38,302,9,3328,4
"імпульсний, налаштований",overnight_v5/pub_tuned_burst,2,post_attack,38,303,9,3128,2
"імпульсний, налаштований",overnight_v5/pub_tuned_burst,2,post_attack,38,304,9,2940,3
"імпульсний, налаштований",overnight_v5/pub_tuned_burst,2,post_attack,39,305,9,2764,1
"імпульсний, налаштований",overnight_v5/pub_tuned_burst,2,post_attack,39,306,9,2598,3
"імпульсний, налаштований",overnight_v5/pub_tuned_burst,2,post_attack,39,307,9,2442,3
"імпульсний, налаштований",overnight_v5/pub_tuned_burst,2,post_attack,39,308,9,2295,3
"імпульсний, налаштований",overnight_v5/pub_tuned_burst,2,post_attack,39,309,9,2157,3
"імпульсний, налаштований",overnight_v5/pub_tuned_burst,2,post_attack,39,310,9,2028,3
"імпульсний, налаштований",overnight_v5/pub_tuned_burst,2,post_attack,39,311,9,1906,2
"імпульсний, налаштований",overnight_v5/pub_tuned_burst,2,post_attack,39,312,9,1792,4
"імпульсний, налаштований",overnight_v5/pub_tuned_burst,2,post_attack,40,313,9,1684,3
"імпульсний, налаштований",overnight_v5/pub_tuned_burst,2,post_attack,40,314,9,1583,4
"імпульсний, налаштований",overnight_v5/pub_tuned_burst,2,post_attack,40,315,9,1488,4
"імпульсний, налаштований",overnight_v5/pub_tuned_burst,2,post_attack,40,316,9,1399,2
"імпульсний, налаштований",overnight_v5/pub_tuned_burst,2,post_attack,40,317,9,1315,4
"імпульсний, налаштований",overnight_v5/pub_tuned_burst,2,post_attack,40,318,9,1236,3
"імпульсний, налаштований",overnight_v5/pub_tuned_burst,2,post_attack,40,319,9,1162,1
"імпульсний, налаштований",overnight_v5/pub_tuned_burst,2,post_attack,40,320,9,1092,3
"імпульсний, налаштований",overnight_v5/pub_tuned_burst,2,post_attack,41,321,9,1026,3
"імпульсний, налаштований",overnight_v5/pub_tuned_burst,2,post_attack,41,322,9,964,2
"імпульсний, налаштований",overnight_v5/pub_tuned_burst,2,post_attack,41,323,9,0,3
"імпульсний, налаштований",overnight_v5/pub_tuned_burst,2,post_attack,41,324,9,0,2
"імпульсний, налаштований",overnight_v5/pub_tuned_burst,2,post_attack,41,325,9,0,3
"імпульсний, налаштований",overnight_v5/pub_tuned_burst,2,post_attack,41,326,9,0,5
"імпульсний, налаштований",overnight_v5/pub_tuned_burst,2,post_attack,41,327,9,0,4
"імпульсний, налаштований",overnight_v5/pub_tuned_burst,2,post_attack,41,328,9,0,6
"імпульсний, налаштований",overnight_v5/pub_tuned_burst,2,post_attack,42,329,9,0,3
"імпульсний, налаштований",overnight_v5/pub_tuned_burst,2,post_attack,42,330,9,0,4
"імпульсний, налаштований",overnight_v5/pub_tuned_burst,2,post_attack,42,331,9,0,5
"імпульсний, налаштований",overnight_v5/pub_tuned_burst,2,post_attack,42,332,9,0,1
"імпульсний, налаштований",overnight_v5/pub_tuned_burst,2,post_attack,42,333,9,0,2
"імпульсний, налаштований",overnight_v5/pub_tuned_burst,2,post_attack,42,334,9,0,3
"імпульсний, налаштований",overnight_v5/pub_tuned_burst,2,post_attack,42,335,9,0,5
"імпульсний, налаштований",overnight_v5/pub_tuned_burst,2,post_attack,42,336,9,0,3
"імпульсний, налаштований",overnight_v5/pub_tuned_burst,2,post_attack,43,337,9,0,3
"імпульсний, налаштований",overnight_v5/pub_tuned_burst,2,post_attack,43,338,9,0,3
"імпульсний, налаштований",overnight_v5/pub_tuned_burst,2,post_attack,43,339,9,0,1
"імпульсний, налаштований",overnight_v5/pub_tuned_burst,2,post_attack,43,340,9,0,2
"імпульсний, налаштований",overnight_v5/pub_tuned_burst,2,post_attack,43,341,9,0,4
"імпульсний, налаштований",overnight_v5/pub_tuned_burst,2,post_attack,43,342,9,0,3
"імпульсний, налаштований",overnight_v5/pub_tuned_burst,2,post_attack,43,343,9,0,5
"імпульсний, налаштований",overnight_v5/pub_tuned_burst,2,post_attack,43,344,9,0,2
"імпульсний, налаштований",overnight_v5/pub_tuned_burst,2,post_attack,44,345,9,0,2
"імпульсний, налаштований",overnight_v5/pub_tuned_burst,2,post_attack,44,346,9,0,5
"імпульсний, налаштований",overnight_v5/pub_tuned_burst,2,post_attack,44,347,9,0,2
"імпульсний, налаштований",overnight_v5/pub_tuned_burst,2,post_attack,44,348,9,0,3
"імпульсний, налаштований",overnight_v5/pub_tuned_burst,2,post_attack,44,349,9,0,3
"імпульсний, налаштований",overnight_v5/pub_tuned_burst,2,post_attack,44,350,9,0,1
"імпульсний, налаштований",overnight_v5/pub_tuned_burst,2,post_attack,44,351,9,0,2
"імпульсний, налаштований",overnight_v5/pub_tuned_burst,2,post_attack,44,352,9,0,3
"імпульсний, налаштований",overnight_v5/pub_tuned_burst,2,post_attack,45,353,9,0,3
"імпульсний, налаштований",overnight_v5/pub_tuned_burst,2,post_attack,45,354,9,0,4
"імпульсний, налаштований",overnight_v5/pub_tuned_burst,2,post_attack,45,355,9,0,3
"імпульсний, налаштований",overnight_v5/pub_tuned_burst,2,post_attack,45,356,9,0,4
"імпульсний, налаштований",overnight_v5/pub_tuned_burst,2,post_attack,45,357,9,0,4
"імпульсний, налаштований",overnight_v5/pub_tuned_burst,2,post_attack,45,358,9,0,1
"імпульсний, налаштований",overnight_v5/pub_tuned_burst,2,post_attack,45,359,9,0,4
"імпульсний, налаштований",overnight_v5/pub_tuned_burst,2,post_attack,45,360,9,0,4
"імпульсний, налаштований",overnight_v5/pub_tuned_burst,2,post_attack,46,361,9,0,3
"імпульсний, налаштований",overnight_v5/pub_tuned_burst,2,post_attack,46,362,9,0,3
"імпульсний, налаштований",overnight_v5/pub_tuned_burst,2,post_attack,46,363,9,0,4
"імпульсний, налаштований",overnight_v5/pub_tuned_burst,2,post_attack,46,364,9,0,4
"імпульсний, налаштований",overnight_v5/pub_tuned_burst,2,post_attack,46,365,9,0,4
"імпульсний, налаштований",overnight_v5/pub_tuned_burst,2,post_attack,46,366,9,0,2
"імпульсний, налаштований",overnight_v5/pub_tuned_burst,2,post_attack,46,367,9,0,4
"імпульсний, налаштований",overnight_v5/pub_tuned_burst,2,post_attack,46,368,9,0,4
"імпульсний, налаштований",overnight_v5/pub_tuned_burst,2,post_attack,47,369,9,0,3
"імпульсний, налаштований",overnight_v5/pub_tuned_burst,2,post_attack,47,370,9,0,4
"імпульсний, налаштований",overnight_v5/pub_tuned_burst,2,post_attack,47,371,9,0,1
"імпульсний, налаштований",overnight_v5/pub_tuned_burst,2,post_attack,47,372,9,0,3
"імпульсний, налаштований",overnight_v5/pub_tuned_burst,2,post_attack,47,373,9,0,1
"імпульсний, налаштований",overnight_v5/pub_tuned_burst,2,post_attack,47,374,9,0,2
"імпульсний, налаштований",overnight_v5/pub_tuned_burst,2,post_attack,47,375,9,0,4
"імпульсний, налаштований",overnight_v5/pub_tuned_burst,2,post_attack,47,376,9,0,3
"імпульсний, налаштований",overnight_v5/pub_tuned_burst,2,post_attack,48,377,9,0,2
"імпульсний, налаштований",overnight_v5/pub_tuned_burst,2,post_attack,48,378,9,0,2
"імпульсний, налаштований",overnight_v5/pub_tuned_burst,2,post_attack,48,379,9,0,2
"імпульсний, налаштований",overnight_v5/pub_tuned_burst,2,post_attack,48,380,9,0,1
"імпульсний, налаштований",overnight_v5/pub_tuned_burst,2,post_attack,48,381,9,0,5
"імпульсний, налаштований",overnight_v5/pub_tuned_burst,2,post_attack,48,382,9,0,2
"імпульсний, налаштований",overnight_v5/pub_tuned_burst,2,post_attack,48,383,9,0,3
"імпульсний, налаштований",overnight_v5/pub_tuned_burst,2,post_attack,48,384,9,0,4
"імпульсний, налаштований",overnight_v5/pub_tuned_burst,2,post_attack,49,385,9,0,3
"імпульсний, налаштований",overnight_v5/pub_tuned_burst,2,post_attack,49,386,9,0,5
"імпульсний, налаштований",overnight_v5/pub_tuned_burst,2,post_attack,49,387,9,0,3
"імпульсний, налаштований",overnight_v5/pub_tuned_burst,2,post_attack,49,388,9,0,1
"імпульсний, налаштований",overnight_v5/pub_tuned_burst,2,post_attack,49,389,9,0,2
"імпульсний, налаштований",overnight_v5/pub_tuned_burst,2,post_attack,49,390,9,0,4
"імпульсний, налаштований",overnight_v5/pub_tuned_burst,2,post_attack,49,391,9,0,3
"імпульсний, налаштований",overnight_v5/pub_tuned_burst,2,post_attack,49,392,9,0,4
"імпульсний, налаштований",overnight_v5/pub_tuned_burst,2,post_attack,50,393,9,0,4
"імпульсний, налаштований",overnight_v5/pub_tuned_burst,2,post_attack,50,394,9,0,2
"імпульсний, налаштований",overnight_v5/pub_tuned_burst,2,post_attack,50,395,9,0,4
"імпульсний, налаштований",overnight_v5/pub_tuned_burst,2,post_attack,50,396,9,0,3
"імпульсний, налаштований",overnight_v5/pub_tuned_burst,2,post_attack,50,397,9,0,5
"імпульсний, налаштований",overnight_v5/pub_tuned_burst,2,post_attack,50,398,9,0,4
"імпульсний, налаштований",overnight_v5/pub_tuned_burst,2,post_attack,50,399,9,0,4
"імпульсний, налаштований",overnight_v5/pub_tuned_burst,2,post_attack,50,400,9,0,2
"імпульсний, налаштований",overnight_v5/pub_tuned_burst,3,post_attack,21,161,9,380504,2
"імпульсний, налаштований",overnight_v5/pub_tuned_burst,3,post_attack,21,162,9,464214,2
"імпульсний, налаштований",overnight_v5/pub_tuned_burst,3,post_attack,21,163,9,482631,3
"імпульсний, налаштований",overnight_v5/pub_tuned_burst,3,post_attack,21,164,9,486682,2
"імпульсний, налаштований",overnight_v5/pub_tuned_burst,3,post_attack,21,165,9,487574,2
"імпульсний, налаштований",overnight_v5/pub_tuned_burst,3,post_attack,21,166,9,487770,5
"імпульсний, налаштований",overnight_v5/pub_tuned_burst,3,post_attack,21,167,9,487813,2
"імпульсний, налаштований",overnight_v5/pub_tuned_burst,3,post_attack,21,168,9,487822,3
"імпульсний, налаштований",overnight_v5/pub_tuned_burst,3,post_attack,22,169,9,487824,3
"імпульсний, налаштований",overnight_v5/pub_tuned_burst,3,post_attack,22,170,9,487825,2
"імпульсний, налаштований",overnight_v5/pub_tuned_burst,3,post_attack,22,171,9,487825,3
"імпульсний, налаштований",overnight_v5/pub_tuned_burst,3,post_attack,22,172,9,487825,0
"імпульсний, налаштований",overnight_v5/pub_tuned_burst,3,post_attack,22,173,9,487825,3
"імпульсний, налаштований",overnight_v5/pub_tuned_burst,3,post_attack,22,174,9,487825,3
"імпульсний, налаштований",overnight_v5/pub_tuned_burst,3,post_attack,22,175,9,487825,5
"імпульсний, налаштований",overnight_v5/pub_tuned_burst,3,post_attack,22,176,9,487825,2
"імпульсний, налаштований",overnight_v5/pub_tuned_burst,3,post_attack,23,177,9,487255,3
"імпульсний, налаштований",overnight_v5/pub_tuned_burst,3,post_attack,23,178,9,485913,3
"імпульсний, налаштований",overnight_v5/pub_tuned_burst,3,post_attack,23,179,9,483865,3
"імпульсний, налаштований",overnight_v5/pub_tuned_burst,3,post_attack,23,180,9,481172,3
"імпульсний, налаштований",overnight_v5/pub_tuned_burst,3,post_attack,23,181,9,477893,1
"імпульсний, налаштований",overnight_v5/pub_tuned_burst,3,post_attack,23,182,9,474080,3
"імпульсний, налаштований",overnight_v5/pub_tuned_burst,3,post_attack,23,183,9,469784,2
"імпульсний, налаштований",overnight_v5/pub_tuned_burst,3,post_attack,23,184,9,465052,4
"імпульсний, налаштований",overnight_v5/pub_tuned_burst,3,post_attack,24,185,9,459927,2
"імпульсний, налаштований",overnight_v5/pub_tuned_burst,3,post_attack,24,186,9,454449,4
"імпульсний, налаштований",overnight_v5/pub_tuned_burst,3,post_attack,24,187,9,448655,3
"імпульсний, налаштований",overnight_v5/pub_tuned_burst,3,post_attack,24,188,9,442581,3
"імпульсний, налаштований",overnight_v5/pub_tuned_burst,3,post_attack,24,189,9,436255,3
"імпульсний, налаштований",overnight_v5/pub_tuned_burst,3,post_attack,24,190,9,429708,1
"імпульсний, налаштований",overnight_v5/pub_tuned_burst,3,post_attack,24,191,9,422968,2
"імпульсний, налаштований",overnight_v5/pub_tuned_burst,3,post_attack,24,192,9,416061,3
"імпульсний, налаштований",overnight_v5/pub_tuned_burst,3,post_attack,25,193,9,409011,1
"імпульсний, налаштований",overnight_v5/pub_tuned_burst,3,post_attack,25,194,9,401840,2
"імпульсний, налаштований",overnight_v5/pub_tuned_burst,3,post_attack,25,195,9,394572,2
"імпульсний, налаштований",overnight_v5/pub_tuned_burst,3,post_attack,25,196,9,387225,4
"імпульсний, налаштований",overnight_v5/pub_tuned_burst,3,post_attack,25,197,9,379818,4
"імпульсний, налаштований",overnight_v5/pub_tuned_burst,3,post_attack,25,198,9,372366,2
"імпульсний, налаштований",overnight_v5/pub_tuned_burst,3,post_attack,25,199,9,364884,3
"імпульсний, налаштований",overnight_v5/pub_tuned_burst,3,post_attack,25,200,9,357385,4
"імпульсний, налаштований",overnight_v5/pub_tuned_burst,3,post_attack,26,201,9,349882,4
"імпульсний, налаштований",overnight_v5/pub_tuned_burst,3,post_attack,26,202,9,342387,3
"імпульсний, налаштований",overnight_v5/pub_tuned_burst,3,post_attack,26,203,9,334910,4
"імпульсний, налаштований",overnight_v5/pub_tuned_burst,3,post_attack,26,204,9,327460,2
"імпульсний, налаштований",overnight_v5/pub_tuned_burst,3,post_attack,26,205,9,320047,2
"імпульсний, налаштований",overnight_v5/pub_tuned_burst,3,post_attack,26,206,9,312678,3
"імпульсний, налаштований",overnight_v5/pub_tuned_burst,3,post_attack,26,207,9,305360,4
"імпульсний, налаштований",overnight_v5/pub_tuned_burst,3,post_attack,26,208,9,298100,4
"імпульсний, налаштований",overnight_v5/pub_tuned_burst,3,post_attack,27,209,9,290904,4
"імпульсний, налаштований",overnight_v5/pub_tuned_burst,3,post_attack,27,210,9,283778,2
"імпульсний, налаштований",overnight_v5/pub_tuned_burst,3,post_attack,27,211,9,276726,3
"імпульсний, налаштований",overnight_v5/pub_tuned_burst,3,post_attack,27,212,9,269752,2
"імпульсний, налаштований",overnight_v5/pub_tuned_burst,3,post_attack,27,213,9,262860,2
"імпульсний, налаштований",overnight_v5/pub_tuned_burst,3,post_attack,27,214,9,256054,4
"імпульсний, налаштований",overnight_v5/pub_tuned_burst,3,post_attack,27,215,9,249337,4
"імпульсний, налаштований",overnight_v5/pub_tuned_burst,3,post_attack,27,216,9,242711,3
"імпульсний, налаштований",overnight_v5/pub_tuned_burst,3,post_attack,28,217,9,236178,4
"імпульсний, налаштований",overnight_v5/pub_tuned_burst,3,post_attack,28,218,9,229740,3
"імпульсний, налаштований",overnight_v5/pub_tuned_burst,3,post_attack,28,219,9,223399,5
"імпульсний, налаштований",overnight_v5/pub_tuned_burst,3,post_attack,28,220,9,217156,3
"імпульсний, налаштований",overnight_v5/pub_tuned_burst,3,post_attack,28,221,9,211013,4
"імпульсний, налаштований",overnight_v5/pub_tuned_burst,3,post_attack,28,222,9,204970,3
"імпульсний, налаштований",overnight_v5/pub_tuned_burst,3,post_attack,28,223,9,199027,5
"імпульсний, налаштований",overnight_v5/pub_tuned_burst,3,post_attack,28,224,9,193186,3
"імпульсний, налаштований",overnight_v5/pub_tuned_burst,3,post_attack,29,225,9,187446,5
"імпульсний, налаштований",overnight_v5/pub_tuned_burst,3,post_attack,29,226,9,181807,3
"імпульсний, налаштований",overnight_v5/pub_tuned_burst,3,post_attack,29,227,9,176270,3
"імпульсний, налаштований",overnight_v5/pub_tuned_burst,3,post_attack,29,228,9,170834,2
"імпульсний, налаштований",overnight_v5/pub_tuned_burst,3,post_attack,29,229,9,165499,3
"імпульсний, налаштований",overnight_v5/pub_tuned_burst,3,post_attack,29,230,9,160264,3
"імпульсний, налаштований",overnight_v5/pub_tuned_burst,3,post_attack,29,231,9,155129,1
"імпульсний, налаштований",overnight_v5/pub_tuned_burst,3,post_attack,29,232,9,150093,4
"імпульсний, налаштований",overnight_v5/pub_tuned_burst,3,post_attack,30,233,9,145155,2
"імпульсний, налаштований",overnight_v5/pub_tuned_burst,3,post_attack,30,234,9,140314,3
"імпульсний, налаштований",overnight_v5/pub_tuned_burst,3,post_attack,30,235,9,135570,3
"імпульсний, налаштований",overnight_v5/pub_tuned_burst,3,post_attack,30,236,9,130921,2
"імпульсний, налаштований",overnight_v5/pub_tuned_burst,3,post_attack,30,237,9,126367,3
"імпульсний, налаштований",overnight_v5/pub_tuned_burst,3,post_attack,30,238,9,121906,0
"імпульсний, налаштований",overnight_v5/pub_tuned_burst,3,post_attack,30,239,9,117537,4
"імпульсний, налаштований",overnight_v5/pub_tuned_burst,3,post_attack,30,240,9,113259,4
"імпульсний, налаштований",overnight_v5/pub_tuned_burst,3,post_attack,31,241,9,109071,2
"імпульсний, налаштований",overnight_v5/pub_tuned_burst,3,post_attack,31,242,9,104971,4
"імпульсний, налаштований",overnight_v5/pub_tuned_burst,3,post_attack,31,243,9,100958,3
"імпульсний, налаштований",overnight_v5/pub_tuned_burst,3,post_attack,31,244,9,97031,2
"імпульсний, налаштований",overnight_v5/pub_tuned_burst,3,post_attack,31,245,9,93189,4
"імпульсний, налаштований",overnight_v5/pub_tuned_burst,3,post_attack,31,246,9,89430,3
"імпульсний, налаштований",overnight_v5/pub_tuned_burst,3,post_attack,31,247,9,85753,2
"імпульсний, налаштований",overnight_v5/pub_tuned_burst,3,post_attack,31,248,9,82156,3
"імпульсний, налаштований",overnight_v5/pub_tuned_burst,3,post_attack,32,249,9,78638,5
"імпульсний, налаштований",overnight_v5/pub_tuned_burst,3,post_attack,32,250,9,75198,2
"імпульсний, налаштований",overnight_v5/pub_tuned_burst,3,post_attack,32,251,9,71834,3
"імпульсний, налаштований",overnight_v5/pub_tuned_burst,3,post_attack,32,252,9,68545,2
"імпульсний, налаштований",overnight_v5/pub_tuned_burst,3,post_attack,32,253,9,65330,3
"імпульсний, налаштований",overnight_v5/pub_tuned_burst,3,post_attack,32,254,9,62187,2
"імпульсний, налаштований",overnight_v5/pub_tuned_burst,3,post_attack,32,255,9,59115,3
"імпульсний, налаштований",overnight_v5/pub_tuned_burst,3,post_attack,32,256,9,56113,1
"імпульсний, налаштований",overnight_v5/pub_tuned_burst,3,post_attack,33,257,9,53179,2
"імпульсний, налаштований",overnight_v5/pub_tuned_burst,3,post_attack,33,258,9,50312,3
"імпульсний, налаштований",overnight_v5/pub_tuned_burst,3,post_attack,33,259,9,47510,3
"імпульсний, налаштований",overnight_v5/pub_tuned_burst,3,post_attack,33,260,9,44773,4
"імпульсний, налаштований",overnight_v5/pub_tuned_burst,3,post_attack,33,261,9,42098,3
"імпульсний, налаштований",overnight_v5/pub_tuned_burst,3,post_attack,33,262,9,39572,2
"імпульсний, налаштований",overnight_v5/pub_tuned_burst,3,post_attack,33,263,9,37198,3
"імпульсний, налаштований",overnight_v5/pub_tuned_burst,3,post_attack,33,264,9,34966,3
"імпульсний, налаштований",overnight_v5/pub_tuned_burst,3,post_attack,34,265,9,32868,4
"імпульсний, налаштований",overnight_v5/pub_tuned_burst,3,post_attack,34,266,9,30896,4
"імпульсний, налаштований",overnight_v5/pub_tuned_burst,3,post_attack,34,267,9,29042,3
"імпульсний, налаштований",overnight_v5/pub_tuned_burst,3,post_attack,34,268,9,27299,2
"імпульсний, налаштований",overnight_v5/pub_tuned_burst,3,post_attack,34,269,9,25661,3
"імпульсний, налаштований",overnight_v5/pub_tuned_burst,3,post_attack,34,270,9,24121,1
"імпульсний, налаштований",overnight_v5/pub_tuned_burst,3,post_attack,34,271,9,22674,4
"імпульсний, налаштований",overnight_v5/pub_tuned_burst,3,post_attack,34,272,9,21314,3
"імпульсний, налаштований",overnight_v5/pub_tuned_burst,3,post_attack,35,273,9,20035,4
"імпульсний, налаштований",overnight_v5/pub_tuned_burst,3,post_attack,35,274,9,18833,5
"імпульсний, налаштований",overnight_v5/pub_tuned_burst,3,post_attack,35,275,9,17703,3
"імпульсний, налаштований",overnight_v5/pub_tuned_burst,3,post_attack,35,276,9,16641,2
"імпульсний, налаштований",overnight_v5/pub_tuned_burst,3,post_attack,35,277,9,15643,4
"імпульсний, налаштований",overnight_v5/pub_tuned_burst,3,post_attack,35,278,9,14704,3
"імпульсний, налаштований",overnight_v5/pub_tuned_burst,3,post_attack,35,279,9,13822,2
"імпульсний, налаштований",overnight_v5/pub_tuned_burst,3,post_attack,35,280,9,12993,4
"імпульсний, налаштований",overnight_v5/pub_tuned_burst,3,post_attack,36,281,9,12213,3
"імпульсний, налаштований",overnight_v5/pub_tuned_burst,3,post_attack,36,282,9,11480,3
"імпульсний, налаштований",overnight_v5/pub_tuned_burst,3,post_attack,36,283,9,10791,4
"імпульсний, налаштований",overnight_v5/pub_tuned_burst,3,post_attack,36,284,9,10144,2
"імпульсний, налаштований",overnight_v5/pub_tuned_burst,3,post_attack,36,285,9,9535,2
"імпульсний, налаштований",overnight_v5/pub_tuned_burst,3,post_attack,36,286,9,8963,2
"імпульсний, налаштований",overnight_v5/pub_tuned_burst,3,post_attack,36,287,9,8425,5
"імпульсний, налаштований",overnight_v5/pub_tuned_burst,3,post_attack,36,288,9,7919,3
"імпульсний, налаштований",overnight_v5/pub_tuned_burst,3,post_attack,37,289,9,7444,3
"імпульсний, налаштований",overnight_v5/pub_tuned_burst,3,post_attack,37,290,9,6997,2
"імпульсний, налаштований",overnight_v5/pub_tuned_burst,3,post_attack,37,291,9,6577,4
"імпульсний, налаштований",overnight_v5/pub_tuned_burst,3,post_attack,37,292,9,6182,2
"імпульсний, налаштований",overnight_v5/pub_tuned_burst,3,post_attack,37,293,9,5811,3
"імпульсний, налаштований",overnight_v5/pub_tuned_burst,3,post_attack,37,294,9,5462,3
"імпульсний, налаштований",overnight_v5/pub_tuned_burst,3,post_attack,37,295,9,5134,3
"імпульсний, налаштований",overnight_v5/pub_tuned_burst,3,post_attack,37,296,9,4826,3
"імпульсний, налаштований",overnight_v5/pub_tuned_burst,3,post_attack,38,297,9,4536,3
"імпульсний, налаштований",overnight_v5/pub_tuned_burst,3,post_attack,38,298,9,4264,4
"імпульсний, налаштований",overnight_v5/pub_tuned_burst,3,post_attack,38,299,9,4008,3
"імпульсний, налаштований",overnight_v5/pub_tuned_burst,3,post_attack,38,300,9,3768,1
"імпульсний, налаштований",overnight_v5/pub_tuned_burst,3,post_attack,38,301,9,3542,4
"імпульсний, налаштований",overnight_v5/pub_tuned_burst,3,post_attack,38,302,9,3329,5
"імпульсний, налаштований",overnight_v5/pub_tuned_burst,3,post_attack,38,303,9,3129,3
"імпульсний, налаштований",overnight_v5/pub_tuned_burst,3,post_attack,38,304,9,2941,3
"імпульсний, налаштований",overnight_v5/pub_tuned_burst,3,post_attack,39,305,9,2765,2
"імпульсний, налаштований",overnight_v5/pub_tuned_burst,3,post_attack,39,306,9,2599,2
"імпульсний, налаштований",overnight_v5/pub_tuned_burst,3,post_attack,39,307,9,2443,4
"імпульсний, налаштований",overnight_v5/pub_tuned_burst,3,post_attack,39,308,9,2296,4
"імпульсний, налаштований",overnight_v5/pub_tuned_burst,3,post_attack,39,309,9,2158,3
"імпульсний, налаштований",overnight_v5/pub_tuned_burst,3,post_attack,39,310,9,2029,5
"імпульсний, налаштований",overnight_v5/pub_tuned_burst,3,post_attack,39,311,9,1907,3
"імпульсний, налаштований",overnight_v5/pub_tuned_burst,3,post_attack,39,312,9,1793,2
"імпульсний, налаштований",overnight_v5/pub_tuned_burst,3,post_attack,40,313,9,1685,2
"імпульсний, налаштований",overnight_v5/pub_tuned_burst,3,post_attack,40,314,9,1584,3
"імпульсний, налаштований",overnight_v5/pub_tuned_burst,3,post_attack,40,315,9,1489,3
"імпульсний, налаштований",overnight_v5/pub_tuned_burst,3,post_attack,40,316,9,1400,2
"імпульсний, налаштований",overnight_v5/pub_tuned_burst,3,post_attack,40,317,9,1316,2
"імпульсний, налаштований",overnight_v5/pub_tuned_burst,3,post_attack,40,318,9,1237,3
"імпульсний, налаштований",overnight_v5/pub_tuned_burst,3,post_attack,40,319,9,1163,3
"імпульсний, налаштований",overnight_v5/pub_tuned_burst,3,post_attack,40,320,9,1093,3
"імпульсний, налаштований",overnight_v5/pub_tuned_burst,3,post_attack,41,321,9,1027,2
"імпульсний, налаштований",overnight_v5/pub_tuned_burst,3,post_attack,41,322,9,965,5
"імпульсний, налаштований",overnight_v5/pub_tuned_burst,3,post_attack,41,323,9,0,3
"імпульсний, налаштований",overnight_v5/pub_tuned_burst,3,post_attack,41,324,9,0,4
"імпульсний, налаштований",overnight_v5/pub_tuned_burst,3,post_attack,41,325,9,0,3
"імпульсний, налаштований",overnight_v5/pub_tuned_burst,3,post_attack,41,326,9,0,3
"імпульсний, налаштований",overnight_v5/pub_tuned_burst,3,post_attack,41,327,9,0,2
"імпульсний, налаштований",overnight_v5/pub_tuned_burst,3,post_attack,41,328,9,0,3
"імпульсний, налаштований",overnight_v5/pub_tuned_burst,3,post_attack,42,329,9,0,3
"імпульсний, налаштований",overnight_v5/pub_tuned_burst,3,post_attack,42,330,9,0,2
"імпульсний, налаштований",overnight_v5/pub_tuned_burst,3,post_attack,42,331,9,0,5
"імпульсний, налаштований",overnight_v5/pub_tuned_burst,3,post_attack,42,332,9,0,3
"імпульсний, налаштований",overnight_v5/pub_tuned_burst,3,post_attack,42,333,9,0,3
"імпульсний, налаштований",overnight_v5/pub_tuned_burst,3,post_attack,42,334,9,0,2
"імпульсний, налаштований",overnight_v5/pub_tuned_burst,3,post_attack,42,335,9,0,4
"імпульсний, налаштований",overnight_v5/pub_tuned_burst,3,post_attack,42,336,9,0,2
"імпульсний, налаштований",overnight_v5/pub_tuned_burst,3,post_attack,43,337,9,0,4
"імпульсний, налаштований",overnight_v5/pub_tuned_burst,3,post_attack,43,338,9,0,2
"імпульсний, налаштований",overnight_v5/pub_tuned_burst,3,post_attack,43,339,9,0,4
"імпульсний, налаштований",overnight_v5/pub_tuned_burst,3,post_attack,43,340,9,0,4
"імпульсний, налаштований",overnight_v5/pub_tuned_burst,3,post_attack,43,341,9,0,2
"імпульсний, налаштований",overnight_v5/pub_tuned_burst,3,post_attack,43,342,9,0,2
"імпульсний, налаштований",overnight_v5/pub_tuned_burst,3,post_attack,43,343,9,0,3
"імпульсний, налаштований",overnight_v5/pub_tuned_burst,3,post_attack,43,344,9,0,3
"імпульсний, налаштований",overnight_v5/pub_tuned_burst,3,post_attack,44,345,9,0,4
"імпульсний, налаштований",overnight_v5/pub_tuned_burst,3,post_attack,44,346,9,0,3
"імпульсний, налаштований",overnight_v5/pub_tuned_burst,3,post_attack,44,347,9,0,4
"імпульсний, налаштований",overnight_v5/pub_tuned_burst,3,post_attack,44,348,9,0,4
"імпульсний, налаштований",overnight_v5/pub_tuned_burst,3,post_attack,44,349,9,0,4
"імпульсний, налаштований",overnight_v5/pub_tuned_burst,3,post_attack,44,350,9,0,3
"імпульсний, налаштований",overnight_v5/pub_tuned_burst,3,post_attack,44,351,9,0,2
"імпульсний, налаштований",overnight_v5/pub_tuned_burst,3,post_attack,44,352,9,0,3
"імпульсний, налаштований",overnight_v5/pub_tuned_burst,3,post_attack,45,353,9,0,2
"імпульсний, налаштований",overnight_v5/pub_tuned_burst,3,post_attack,45,354,9,0,3
"імпульсний, налаштований",overnight_v5/pub_tuned_burst,3,post_attack,45,355,9,0,1
"імпульсний, налаштований",overnight_v5/pub_tuned_burst,3,post_attack,45,356,9,0,5
"імпульсний, налаштований",overnight_v5/pub_tuned_burst,3,post_attack,45,357,9,0,3
"імпульсний, налаштований",overnight_v5/pub_tuned_burst,3,post_attack,45,358,9,0,4
"імпульсний, налаштований",overnight_v5/pub_tuned_burst,3,post_attack,45,359,9,0,3
"імпульсний, налаштований",overnight_v5/pub_tuned_burst,3,post_attack,45,360,9,0,4
"імпульсний, налаштований",overnight_v5/pub_tuned_burst,3,post_attack,46,361,9,0,3
"імпульсний, налаштований",overnight_v5/pub_tuned_burst,3,post_attack,46,362,9,0,5
"імпульсний, налаштований",overnight_v5/pub_tuned_burst,3,post_attack,46,363,9,0,3
"імпульсний, налаштований",overnight_v5/pub_tuned_burst,3,post_attack,46,364,9,0,5
"імпульсний, налаштований",overnight_v5/pub_tuned_burst,3,post_attack,46,365,9,0,4
"імпульсний, налаштований",overnight_v5/pub_tuned_burst,3,post_attack,46,366,9,0,3
"імпульсний, налаштований",overnight_v5/pub_tuned_burst,3,post_attack,46,367,9,0,3
"імпульсний, налаштований",overnight_v5/pub_tuned_burst,3,post_attack,46,368,9,0,1
"імпульсний, налаштований",overnight_v5/pub_tuned_burst,3,post_attack,47,369,9,0,2
"імпульсний, налаштований",overnight_v5/pub_tuned_burst,3,post_attack,47,370,9,0,3
"імпульсний, налаштований",overnight_v5/pub_tuned_burst,3,post_attack,47,371,9,0,5
"імпульсний, налаштований",overnight_v5/pub_tuned_burst,3,post_attack,47,372,9,0,2
"імпульсний, налаштований",overnight_v5/pub_tuned_burst,3,post_attack,47,373,9,0,5
"імпульсний, налаштований",overnight_v5/pub_tuned_burst,3,post_attack,47,374,9,0,3
"імпульсний, налаштований",overnight_v5/pub_tuned_burst,3,post_attack,47,375,9,0,3
"імпульсний, налаштований",overnight_v5/pub_tuned_burst,3,post_attack,47,376,9,0,4
"імпульсний, налаштований",overnight_v5/pub_tuned_burst,3,post_attack,48,377,9,0,3
"імпульсний, налаштований",overnight_v5/pub_tuned_burst,3,post_attack,48,378,9,0,3
"імпульсний, налаштований",overnight_v5/pub_tuned_burst,3,post_attack,48,379,9,0,3
"імпульсний, налаштований",overnight_v5/pub_tuned_burst,3,post_attack,48,380,9,0,2
"імпульсний, налаштований",overnight_v5/pub_tuned_burst,3,post_attack,48,381,9,0,3
"імпульсний, налаштований",overnight_v5/pub_tuned_burst,3,post_attack,48,382,9,0,3
"імпульсний, налаштований",overnight_v5/pub_tuned_burst,3,post_attack,48,383,9,0,1
"імпульсний, налаштований",overnight_v5/pub_tuned_burst,3,post_attack,48,384,9,0,2
"імпульсний, налаштований",overnight_v5/pub_tuned_burst,3,post_attack,49,385,9,0,1
"імпульсний, налаштований",overnight_v5/pub_tuned_burst,3,post_attack,49,386,9,0,4
"імпульсний, налаштований",overnight_v5/pub_tuned_burst,3,post_attack,49,387,9,0,2
"імпульсний, налаштований",overnight_v5/pub_tuned_burst,3,post_attack,49,388,9,0,1
"імпульсний, налаштований",overnight_v5/pub_tuned_burst,3,post_attack,49,389,9,0,2
"імпульсний, налаштований",overnight_v5/pub_tuned_burst,3,post_attack,49,390,9,0,3
"імпульсний, налаштований",overnight_v5/pub_tuned_burst,3,post_attack,49,391,9,0,3
"імпульсний, налаштований",overnight_v5/pub_tuned_burst,3,post_attack,49,392,9,0,3
"імпульсний, налаштований",overnight_v5/pub_tuned_burst,3,post_attack,50,393,9,0,3
"імпульсний, налаштований",overnight_v5/pub_tuned_burst,3,post_attack,50,394,9,0,3
"імпульсний, налаштований",overnight_v5/pub_tuned_burst,3,post_attack,50,395,9,0,2
"імпульсний, налаштований",overnight_v5/pub_tuned_burst,3,post_attack,50,396,9,0,4
"імпульсний, налаштований",overnight_v5/pub_tuned_burst,3,post_attack,50,397,9,0,3
"імпульсний, налаштований",overnight_v5/pub_tuned_burst,3,post_attack,50,398,9,0,3
"імпульсний, налаштований",overnight_v5/pub_tuned_burst,3,post_attack,50,399,9,0,2
"імпульсний, налаштований",overnight_v5/pub_tuned_burst,3,post_attack,50,400,9,0,2
"імпульсний, налаштований + a_down",overnight_v5/pub_alphadown02_lammax065_burst,1,post_attack,21,161,9,380504,4
"імпульсний, налаштований + a_down",overnight_v5/pub_alphadown02_lammax065_burst,1,post_attack,21,162,9,464214,3
"імпульсний, налаштований + a_down",overnight_v5/pub_alphadown02_lammax065_burst,1,post_attack,21,163,9,482631,4
"імпульсний, налаштований + a_down",overnight_v5/pub_alphadown02_lammax065_burst,1,post_attack,21,164,9,486682,2
"імпульсний, налаштований + a_down",overnight_v5/pub_alphadown02_lammax065_burst,1,post_attack,21,165,9,487574,2
"імпульсний, налаштований + a_down",overnight_v5/pub_alphadown02_lammax065_burst,1,post_attack,21,166,9,487770,2
"імпульсний, налаштований + a_down",overnight_v5/pub_alphadown02_lammax065_burst,1,post_attack,21,167,9,487813,3
"імпульсний, налаштований + a_down",overnight_v5/pub_alphadown02_lammax065_burst,1,post_attack,21,168,9,487822,5
"імпульсний, налаштований + a_down",overnight_v5/pub_alphadown02_lammax065_burst,1,post_attack,22,169,9,487824,1
"імпульсний, налаштований + a_down",overnight_v5/pub_alphadown02_lammax065_burst,1,post_attack,22,170,9,487825,2
"імпульсний, налаштований + a_down",overnight_v5/pub_alphadown02_lammax065_burst,1,post_attack,22,171,9,487825,1
"імпульсний, налаштований + a_down",overnight_v5/pub_alphadown02_lammax065_burst,1,post_attack,22,172,9,487825,3
"імпульсний, налаштований + a_down",overnight_v5/pub_alphadown02_lammax065_burst,1,post_attack,22,173,9,487825,1
"імпульсний, налаштований + a_down",overnight_v5/pub_alphadown02_lammax065_burst,1,post_attack,22,174,9,487825,3
"імпульсний, налаштований + a_down",overnight_v5/pub_alphadown02_lammax065_burst,1,post_attack,22,175,9,487825,3
"імпульсний, налаштований + a_down",overnight_v5/pub_alphadown02_lammax065_burst,1,post_attack,22,176,9,487825,4
"імпульсний, налаштований + a_down",overnight_v5/pub_alphadown02_lammax065_burst,1,post_attack,23,177,9,487635,3
"імпульсний, налаштований + a_down",overnight_v5/pub_alphadown02_lammax065_burst,1,post_attack,23,178,9,487180,2
"імпульсний, налаштований + a_down",overnight_v5/pub_alphadown02_lammax065_burst,1,post_attack,23,179,9,486472,3
"імпульсний, налаштований + a_down",overnight_v5/pub_alphadown02_lammax065_burst,1,post_attack,23,180,9,485522,2
"імпульсний, налаштований + a_down",overnight_v5/pub_alphadown02_lammax065_burst,1,post_attack,23,181,9,484342,3
"імпульсний, налаштований + a_down",overnight_v5/pub_alphadown02_lammax065_burst,1,post_attack,23,182,9,482942,2
"імпульсний, налаштований + a_down",overnight_v5/pub_alphadown02_lammax065_burst,1,post_attack,23,183,9,481333,2
"імпульсний, налаштований + a_down",overnight_v5/pub_alphadown02_lammax065_burst,1,post_attack,23,184,9,479525,1
"імпульсний, налаштований + a_down",overnight_v5/pub_alphadown02_lammax065_burst,1,post_attack,24,185,9,477527,2
"імпульсний, налаштований + a_down",overnight_v5/pub_alphadown02_lammax065_burst,1,post_attack,24,186,9,475349,2
"імпульсний, налаштований + a_down",overnight_v5/pub_alphadown02_lammax065_burst,1,post_attack,24,187,9,473000,1
"імпульсний, налаштований + a_down",overnight_v5/pub_alphadown02_lammax065_burst,1,post_attack,24,188,9,470488,2
"імпульсний, налаштований + a_down",overnight_v5/pub_alphadown02_lammax065_burst,1,post_attack,24,189,9,467821,3
"імпульсний, налаштований + a_down",overnight_v5/pub_alphadown02_lammax065_burst,1,post_attack,24,190,9,465007,4
"імпульсний, налаштований + a_down",overnight_v5/pub_alphadown02_lammax065_burst,1,post_attack,24,191,9,462054,4
"імпульсний, налаштований + a_down",overnight_v5/pub_alphadown02_lammax065_burst,1,post_attack,24,192,9,458970,4
"імпульсний, налаштований + a_down",overnight_v5/pub_alphadown02_lammax065_burst,1,post_attack,25,193,9,455762,3
"імпульсний, налаштований + a_down",overnight_v5/pub_alphadown02_lammax065_burst,1,post_attack,25,194,9,452437,3
"імпульсний, налаштований + a_down",overnight_v5/pub_alphadown02_lammax065_burst,1,post_attack,25,195,9,449002,3
"імпульсний, налаштований + a_down",overnight_v5/pub_alphadown02_lammax065_burst,1,post_attack,25,196,9,445465,2
"імпульсний, налаштований + a_down",overnight_v5/pub_alphadown02_lammax065_burst,1,post_attack,25,197,9,441831,4
"імпульсний, налаштований + a_down",overnight_v5/pub_alphadown02_lammax065_burst,1,post_attack,25,198,9,438107,3
"імпульсний, налаштований + a_down",overnight_v5/pub_alphadown02_lammax065_burst,1,post_attack,25,199,9,434298,1
"імпульсний, налаштований + a_down",overnight_v5/pub_alphadown02_lammax065_burst,1,post_attack,25,200,9,430410,3
"імпульсний, налаштований + a_down",overnight_v5/pub_alphadown02_lammax065_burst,1,post_attack,26,201,9,426449,4
"імпульсний, налаштований + a_down",overnight_v5/pub_alphadown02_lammax065_burst,1,post_attack,26,202,9,422419,3
"імпульсний, налаштований + a_down",overnight_v5/pub_alphadown02_lammax065_burst,1,post_attack,26,203,9,418326,2
"імпульсний, налаштований + a_down",overnight_v5/pub_alphadown02_lammax065_burst,1,post_attack,26,204,9,414174,2
"імпульсний, налаштований + a_down",overnight_v5/pub_alphadown02_lammax065_burst,1,post_attack,26,205,9,409969,3
"імпульсний, налаштований + a_down",overnight_v5/pub_alphadown02_lammax065_burst,1,post_attack,26,206,9,405714,3
"імпульсний, налаштований + a_down",overnight_v5/pub_alphadown02_lammax065_burst,1,post_attack,26,207,9,401414,1
"імпульсний, налаштований + a_down",overnight_v5/pub_alphadown02_lammax065_burst,1,post_attack,26,208,9,397073,2
"імпульсний, налаштований + a_down",overnight_v5/pub_alphadown02_lammax065_burst,1,post_attack,27,209,9,392695,3
"імпульсний, налаштований + a_down",overnight_v5/pub_alphadown02_lammax065_burst,1,post_attack,27,210,9,388284,3
"імпульсний, налаштований + a_down",overnight_v5/pub_alphadown02_lammax065_burst,1,post_attack,27,211,9,383843,3
"імпульсний, налаштований + a_down",overnight_v5/pub_alphadown02_lammax065_burst,1,post_attack,27,212,9,379376,4
"імпульсний, налаштований + a_down",overnight_v5/pub_alphadown02_lammax065_burst,1,post_attack,27,213,9,374886,1
"імпульсний, налаштований + a_down",overnight_v5/pub_alphadown02_lammax065_burst,1,post_attack,27,214,9,370377,3
"імпульсний, налаштований + a_down",overnight_v5/pub_alphadown02_lammax065_burst,1,post_attack,27,215,9,365851,4
"імпульсний, налаштований + a_down",overnight_v5/pub_alphadown02_lammax065_burst,1,post_attack,27,216,9,361312,5
"імпульсний, налаштований + a_down",overnight_v5/pub_alphadown02_lammax065_burst,1,post_attack,28,217,9,356762,4
"імпульсний, налаштований + a_down",overnight_v5/pub_alphadown02_lammax065_burst,1,post_attack,28,218,9,352204,3
"імпульсний, налаштований + a_down",overnight_v5/pub_alphadown02_lammax065_burst,1,post_attack,28,219,9,347641,4
"імпульсний, налаштований + a_down",overnight_v5/pub_alphadown02_lammax065_burst,1,post_attack,28,220,9,343075,3
"імпульсний, налаштований + a_down",overnight_v5/pub_alphadown02_lammax065_burst,1,post_attack,28,221,9,338509,2
"імпульсний, налаштований + a_down",overnight_v5/pub_alphadown02_lammax065_burst,1,post_attack,28,222,9,333945,4
"імпульсний, налаштований + a_down",overnight_v5/pub_alphadown02_lammax065_burst,1,post_attack,28,223,9,329385,2
"імпульсний, налаштований + a_down",overnight_v5/pub_alphadown02_lammax065_burst,1,post_attack,28,224,9,324831,3
"імпульсний, налаштований + a_down",overnight_v5/pub_alphadown02_lammax065_burst,1,post_attack,29,225,9,320285,3
"імпульсний, налаштований + a_down",overnight_v5/pub_alphadown02_lammax065_burst,1,post_attack,29,226,9,315749,5
"імпульсний, налаштований + a_down",overnight_v5/pub_alphadown02_lammax065_burst,1,post_attack,29,227,9,311224,3
"імпульсний, налаштований + a_down",overnight_v5/pub_alphadown02_lammax065_burst,1,post_attack,29,228,9,306713,2
"імпульсний, налаштований + a_down",overnight_v5/pub_alphadown02_lammax065_burst,1,post_attack,29,229,9,302217,3
"імпульсний, налаштований + a_down",overnight_v5/pub_alphadown02_lammax065_burst,1,post_attack,29,230,9,297738,3
"імпульсний, налаштований + a_down",overnight_v5/pub_alphadown02_lammax065_burst,1,post_attack,29,231,9,293277,2
"імпульсний, налаштований + a_down",overnight_v5/pub_alphadown02_lammax065_burst,1,post_attack,29,232,9,288835,2
"імпульсний, налаштований + a_down",overnight_v5/pub_alphadown02_lammax065_burst,1,post_attack,30,233,9,284414,3
"імпульсний, налаштований + a_down",overnight_v5/pub_alphadown02_lammax065_burst,1,post_attack,30,234,9,280015,3
"імпульсний, налаштований + a_down",overnight_v5/pub_alphadown02_lammax065_burst,1,post_attack,30,235,9,275640,1
"імпульсний, налаштований + a_down",overnight_v5/pub_alphadown02_lammax065_burst,1,post_attack,30,236,9,271289,4
"імпульсний, налаштований + a_down",overnight_v5/pub_alphadown02_lammax065_burst,1,post_attack,30,237,9,266963,5
"імпульсний, налаштований + a_down",overnight_v5/pub_alphadown02_lammax065_burst,1,post_attack,30,238,9,262664,4
"імпульсний, налаштований + a_down",overnight_v5/pub_alphadown02_lammax065_burst,1,post_attack,30,239,9,258392,2
"імпульсний, налаштований + a_down",overnight_v5/pub_alphadown02_lammax065_burst,1,post_attack,30,240,9,254149,2
"імпульсний, налаштований + a_down",overnight_v5/pub_alphadown02_lammax065_burst,1,post_attack,31,241,9,249935,2
"імпульсний, налаштований + a_down",overnight_v5/pub_alphadown02_lammax065_burst,1,post_attack,31,242,9,245751,5
"імпульсний, налаштований + a_down",overnight_v5/pub_alphadown02_lammax065_burst,1,post_attack,31,243,9,241598,3
"імпульсний, налаштований + a_down",overnight_v5/pub_alphadown02_lammax065_burst,1,post_attack,31,244,9,237476,3
"імпульсний, налаштований + a_down",overnight_v5/pub_alphadown02_lammax065_burst,1,post_attack,31,245,9,233386,3
"імпульсний, налаштований + a_down",overnight_v5/pub_alphadown02_lammax065_burst,1,post_attack,31,246,9,229329,2
"імпульсний, налаштований + a_down",overnight_v5/pub_alphadown02_lammax065_burst,1,post_attack,31,247,9,225305,2
"імпульсний, налаштований + a_down",overnight_v5/pub_alphadown02_lammax065_burst,1,post_attack,31,248,9,221315,5
"імпульсний, налаштований + a_down",overnight_v5/pub_alphadown02_lammax065_burst,1,post_attack,32,249,9,217359,3
"імпульсний, налаштований + a_down",overnight_v5/pub_alphadown02_lammax065_burst,1,post_attack,32,250,9,213438,4
"імпульсний, налаштований + a_down",overnight_v5/pub_alphadown02_lammax065_burst,1,post_attack,32,251,9,209552,4
"імпульсний, налаштований + a_down",overnight_v5/pub_alphadown02_lammax065_burst,1,post_attack,32,252,9,205701,4
"імпульсний, налаштований + a_down",overnight_v5/pub_alphadown02_lammax065_burst,1,post_attack,32,253,9,201886,3
"імпульсний, налаштований + a_down",overnight_v5/pub_alphadown02_lammax065_burst,1,post_attack,32,254,9,198107,2
"імпульсний, налаштований + a_down",overnight_v5/pub_alphadown02_lammax065_burst,1,post_attack,32,255,9,194365,4
"імпульсний, налаштований + a_down",overnight_v5/pub_alphadown02_lammax065_burst,1,post_attack,32,256,9,190659,3
"імпульсний, налаштований + a_down",overnight_v5/pub_alphadown02_lammax065_burst,1,post_attack,33,257,9,186990,3
"імпульсний, налаштований + a_down",overnight_v5/pub_alphadown02_lammax065_burst,1,post_attack,33,258,9,183358,3
"імпульсний, налаштований + a_down",overnight_v5/pub_alphadown02_lammax065_burst,1,post_attack,33,259,9,179763,4
"імпульсний, налаштований + a_down",overnight_v5/pub_alphadown02_lammax065_burst,1,post_attack,33,260,9,176205,4
"імпульсний, налаштований + a_down",overnight_v5/pub_alphadown02_lammax065_burst,1,post_attack,33,261,9,172685,4
"імпульсний, налаштований + a_down",overnight_v5/pub_alphadown02_lammax065_burst,1,post_attack,33,262,9,169231,3
"імпульсний, налаштований + a_down",overnight_v5/pub_alphadown02_lammax065_burst,1,post_attack,33,263,9,165846,2
"імпульсний, налаштований + a_down",overnight_v5/pub_alphadown02_lammax065_burst,1,post_attack,33,264,9,162529,3
"імпульсний, налаштований + a_down",overnight_v5/pub_alphadown02_lammax065_burst,1,post_attack,34,265,9,159278,2
"імпульсний, налаштований + a_down",overnight_v5/pub_alphadown02_lammax065_burst,1,post_attack,34,266,9,156092,4
"імпульсний, налаштований + a_down",overnight_v5/pub_alphadown02_lammax065_burst,1,post_attack,34,267,9,152970,3
"імпульсний, налаштований + a_down",overnight_v5/pub_alphadown02_lammax065_burst,1,post_attack,34,268,9,149911,2
"імпульсний, налаштований + a_down",overnight_v5/pub_alphadown02_lammax065_burst,1,post_attack,34,269,9,146913,2
"імпульсний, налаштований + a_down",overnight_v5/pub_alphadown02_lammax065_burst,1,post_attack,34,270,9,143975,3
"імпульсний, налаштований + a_down",overnight_v5/pub_alphadown02_lammax065_burst,1,post_attack,34,271,9,141095,2
"імпульсний, налаштований + a_down",overnight_v5/pub_alphadown02_lammax065_burst,1,post_attack,34,272,9,138273,3
"імпульсний, налаштований + a_down",overnight_v5/pub_alphadown02_lammax065_burst,1,post_attack,35,273,9,135508,3
"імпульсний, налаштований + a_down",overnight_v5/pub_alphadown02_lammax065_burst,1,post_attack,35,274,9,132798,2
"імпульсний, налаштований + a_down",overnight_v5/pub_alphadown02_lammax065_burst,1,post_attack,35,275,9,130142,2
"імпульсний, налаштований + a_down",overnight_v5/pub_alphadown02_lammax065_burst,1,post_attack,35,276,9,127539,3
"імпульсний, налаштований + a_down",overnight_v5/pub_alphadown02_lammax065_burst,1,post_attack,35,277,9,124988,4
"імпульсний, налаштований + a_down",overnight_v5/pub_alphadown02_lammax065_burst,1,post_attack,35,278,9,122488,2
"імпульсний, налаштований + a_down",overnight_v5/pub_alphadown02_lammax065_burst,1,post_attack,35,279,9,120038,4
"імпульсний, налаштований + a_down",overnight_v5/pub_alphadown02_lammax065_burst,1,post_attack,35,280,9,117637,3
"імпульсний, налаштований + a_down",overnight_v5/pub_alphadown02_lammax065_burst,1,post_attack,36,281,9,115284,2
"імпульсний, налаштований + a_down",overnight_v5/pub_alphadown02_lammax065_burst,1,post_attack,36,282,9,112978,4
"імпульсний, налаштований + a_down",overnight_v5/pub_alphadown02_lammax065_burst,1,post_attack,36,283,9,110718,3
"імпульсний, налаштований + a_down",overnight_v5/pub_alphadown02_lammax065_burst,1,post_attack,36,284,9,108504,2
"імпульсний, налаштований + a_down",overnight_v5/pub_alphadown02_lammax065_burst,1,post_attack,36,285,9,106334,3
"імпульсний, налаштований + a_down",overnight_v5/pub_alphadown02_lammax065_burst,1,post_attack,36,286,9,104207,3
"імпульсний, налаштований + a_down",overnight_v5/pub_alphadown02_lammax065_burst,1,post_attack,36,287,9,102123,3
"імпульсний, налаштований + a_down",overnight_v5/pub_alphadown02_lammax065_burst,1,post_attack,36,288,9,100081,4
"імпульсний, налаштований + a_down",overnight_v5/pub_alphadown02_lammax065_burst,1,post_attack,37,289,9,98079,2
"імпульсний, налаштований + a_down",overnight_v5/pub_alphadown02_lammax065_burst,1,post_attack,37,290,9,96117,4
"імпульсний, налаштований + a_down",overnight_v5/pub_alphadown02_lammax065_burst,1,post_attack,37,291,9,94195,2
"імпульсний, налаштований + a_down",overnight_v5/pub_alphadown02_lammax065_burst,1,post_attack,37,292,9,92311,5
"імпульсний, налаштований + a_down",overnight_v5/pub_alphadown02_lammax065_burst,1,post_attack,37,293,9,90465,4
"імпульсний, налаштований + a_down",overnight_v5/pub_alphadown02_lammax065_burst,1,post_attack,37,294,9,88656,2
"імпульсний, налаштований + a_down",overnight_v5/pub_alphadown02_lammax065_burst,1,post_attack,37,295,9,86883,2
"імпульсний, налаштований + a_down",overnight_v5/pub_alphadown02_lammax065_burst,1,post_attack,37,296,9,85145,2
"імпульсний, налаштований + a_down",overnight_v5/pub_alphadown02_lammax065_burst,1,post_attack,38,297,9,83442,4
"імпульсний, налаштований + a_down",overnight_v5/pub_alphadown02_lammax065_burst,1,post_attack,38,298,9,81773,3
"імпульсний, налаштований + a_down",overnight_v5/pub_alphadown02_lammax065_burst,1,post_attack,38,299,9,80138,3
"імпульсний, налаштований + a_down",overnight_v5/pub_alphadown02_lammax065_burst,1,post_attack,38,300,9,78535,3
"імпульсний, налаштований + a_down",overnight_v5/pub_alphadown02_lammax065_burst,1,post_attack,38,301,9,76964,5
"імпульсний, налаштований + a_down",overnight_v5/pub_alphadown02_lammax065_burst,1,post_attack,38,302,9,75425,4
"імпульсний, налаштований + a_down",overnight_v5/pub_alphadown02_lammax065_burst,1,post_attack,38,303,9,73917,3
"імпульсний, налаштований + a_down",overnight_v5/pub_alphadown02_lammax065_burst,1,post_attack,38,304,9,72439,4
"імпульсний, налаштований + a_down",overnight_v5/pub_alphadown02_lammax065_burst,1,post_attack,39,305,9,70990,3
"імпульсний, налаштований + a_down",overnight_v5/pub_alphadown02_lammax065_burst,1,post_attack,39,306,9,69570,4
"імпульсний, налаштований + a_down",overnight_v5/pub_alphadown02_lammax065_burst,1,post_attack,39,307,9,68179,3
"імпульсний, налаштований + a_down",overnight_v5/pub_alphadown02_lammax065_burst,1,post_attack,39,308,9,66815,4
"імпульсний, налаштований + a_down",overnight_v5/pub_alphadown02_lammax065_burst,1,post_attack,39,309,9,65479,2
"імпульсний, налаштований + a_down",overnight_v5/pub_alphadown02_lammax065_burst,1,post_attack,39,310,9,64169,4
"імпульсний, налаштований + a_down",overnight_v5/pub_alphadown02_lammax065_burst,1,post_attack,39,311,9,62886,3
"імпульсний, налаштований + a_down",overnight_v5/pub_alphadown02_lammax065_burst,1,post_attack,39,312,9,61628,2
"імпульсний, налаштований + a_down",overnight_v5/pub_alphadown02_lammax065_burst,1,post_attack,40,313,9,60395,3
"імпульсний, налаштований + a_down",overnight_v5/pub_alphadown02_lammax065_burst,1,post_attack,40,314,9,59187,3
"імпульсний, налаштований + a_down",overnight_v5/pub_alphadown02_lammax065_burst,1,post_attack,40,315,9,58003,2
"імпульсний, налаштований + a_down",overnight_v5/pub_alphadown02_lammax065_burst,1,post_attack,40,316,9,56843,4
"імпульсний, налаштований + a_down",overnight_v5/pub_alphadown02_lammax065_burst,1,post_attack,40,317,9,55706,4
"імпульсний, налаштований + a_down",overnight_v5/pub_alphadown02_lammax065_burst,1,post_attack,40,318,9,54592,5
"імпульсний, налаштований + a_down",overnight_v5/pub_alphadown02_lammax065_burst,1,post_attack,40,319,9,53500,4
"імпульсний, налаштований + a_down",overnight_v5/pub_alphadown02_lammax065_burst,1,post_attack,40,320,9,52430,2
"імпульсний, налаштований + a_down",overnight_v5/pub_alphadown02_lammax065_burst,1,post_attack,41,321,9,51381,2
"імпульсний, налаштований + a_down",overnight_v5/pub_alphadown02_lammax065_burst,1,post_attack,41,322,9,50353,2
"імпульсний, налаштований + a_down",overnight_v5/pub_alphadown02_lammax065_burst,1,post_attack,41,323,9,49346,4
"імпульсний, налаштований + a_down",overnight_v5/pub_alphadown02_lammax065_burst,1,post_attack,41,324,9,48359,5
"імпульсний, налаштований + a_down",overnight_v5/pub_alphadown02_lammax065_burst,1,post_attack,41,325,9,47392,4
"імпульсний, налаштований + a_down",overnight_v5/pub_alphadown02_lammax065_burst,1,post_attack,41,326,9,46444,5
"імпульсний, налаштований + a_down",overnight_v5/pub_alphadown02_lammax065_burst,1,post_attack,41,327,9,45515,3
"імпульсний, налаштований + a_down",overnight_v5/pub_alphadown02_lammax065_burst,1,post_attack,41,328,9,44605,3
"імпульсний, налаштований + a_down",overnight_v5/pub_alphadown02_lammax065_burst,1,post_attack,42,329,9,43713,4
"імпульсний, налаштований + a_down",overnight_v5/pub_alphadown02_lammax065_burst,1,post_attack,42,330,9,42839,2
"імпульсний, налаштований + a_down",overnight_v5/pub_alphadown02_lammax065_burst,1,post_attack,42,331,9,41982,3
"імпульсний, налаштований + a_down",overnight_v5/pub_alphadown02_lammax065_burst,1,post_attack,42,332,9,41142,3
"імпульсний, налаштований + a_down",overnight_v5/pub_alphadown02_lammax065_burst,1,post_attack,42,333,9,40319,2
"імпульсний, налаштований + a_down",overnight_v5/pub_alphadown02_lammax065_burst,1,post_attack,42,334,9,39513,3
"імпульсний, налаштований + a_down",overnight_v5/pub_alphadown02_lammax065_burst,1,post_attack,42,335,9,38723,3
"імпульсний, налаштований + a_down",overnight_v5/pub_alphadown02_lammax065_burst,1,post_attack,42,336,9,37949,3
"імпульсний, налаштований + a_down",overnight_v5/pub_alphadown02_lammax065_burst,1,post_attack,43,337,9,37190,3
"імпульсний, налаштований + a_down",overnight_v5/pub_alphadown02_lammax065_burst,1,post_attack,43,338,9,36446,4
"імпульсний, налаштований + a_down",overnight_v5/pub_alphadown02_lammax065_burst,1,post_attack,43,339,9,35717,4
"імпульсний, налаштований + a_down",overnight_v5/pub_alphadown02_lammax065_burst,1,post_attack,43,340,9,35003,4
"імпульсний, налаштований + a_down",overnight_v5/pub_alphadown02_lammax065_burst,1,post_attack,43,341,9,34303,3
"імпульсний, налаштований + a_down",overnight_v5/pub_alphadown02_lammax065_burst,1,post_attack,43,342,9,33617,2
"імпульсний, налаштований + a_down",overnight_v5/pub_alphadown02_lammax065_burst,1,post_attack,43,343,9,32945,2
"імпульсний, налаштований + a_down",overnight_v5/pub_alphadown02_lammax065_burst,1,post_attack,43,344,9,32286,4
"імпульсний, налаштований + a_down",overnight_v5/pub_alphadown02_lammax065_burst,1,post_attack,44,345,9,31640,2
"імпульсний, налаштований + a_down",overnight_v5/pub_alphadown02_lammax065_burst,1,post_attack,44,346,9,31007,3
"імпульсний, налаштований + a_down",overnight_v5/pub_alphadown02_lammax065_burst,1,post_attack,44,347,9,30387,2
"імпульсний, налаштований + a_down",overnight_v5/pub_alphadown02_lammax065_burst,1,post_attack,44,348,9,29779,3
"імпульсний, налаштований + a_down",overnight_v5/pub_alphadown02_lammax065_burst,1,post_attack,44,349,9,29183,2
"імпульсний, налаштований + a_down",overnight_v5/pub_alphadown02_lammax065_burst,1,post_attack,44,350,9,28599,5
"імпульсний, налаштований + a_down",overnight_v5/pub_alphadown02_lammax065_burst,1,post_attack,44,351,9,28027,3
"імпульсний, налаштований + a_down",overnight_v5/pub_alphadown02_lammax065_burst,1,post_attack,44,352,9,27466,2
"імпульсний, налаштований + a_down",overnight_v5/pub_alphadown02_lammax065_burst,1,post_attack,45,353,9,26917,3
"імпульсний, налаштований + a_down",overnight_v5/pub_alphadown02_lammax065_burst,1,post_attack,45,354,9,26379,3
"імпульсний, налаштований + a_down",overnight_v5/pub_alphadown02_lammax065_burst,1,post_attack,45,355,9,25851,4
"імпульсний, налаштований + a_down",overnight_v5/pub_alphadown02_lammax065_burst,1,post_attack,45,356,9,25334,3
"імпульсний, налаштований + a_down",overnight_v5/pub_alphadown02_lammax065_burst,1,post_attack,45,357,9,24827,3
"імпульсний, налаштований + a_down",overnight_v5/pub_alphadown02_lammax065_burst,1,post_attack,45,358,9,24330,5
"імпульсний, налаштований + a_down",overnight_v5/pub_alphadown02_lammax065_burst,1,post_attack,45,359,9,23843,3
"імпульсний, налаштований + a_down",overnight_v5/pub_alphadown02_lammax065_burst,1,post_attack,45,360,9,23366,4
"імпульсний, налаштований + a_down",overnight_v5/pub_alphadown02_lammax065_burst,1,post_attack,46,361,9,22899,4
"імпульсний, налаштований + a_down",overnight_v5/pub_alphadown02_lammax065_burst,1,post_attack,46,362,9,22441,3
"імпульсний, налаштований + a_down",overnight_v5/pub_alphadown02_lammax065_burst,1,post_attack,46,363,9,21992,2
"імпульсний, налаштований + a_down",overnight_v5/pub_alphadown02_lammax065_burst,1,post_attack,46,364,9,21552,3
"імпульсний, налаштований + a_down",overnight_v5/pub_alphadown02_lammax065_burst,1,post_attack,46,365,9,21121,4
"імпульсний, налаштований + a_down",overnight_v5/pub_alphadown02_lammax065_burst,1,post_attack,46,366,9,20699,3
"імпульсний, налаштований + a_down",overnight_v5/pub_alphadown02_lammax065_burst,1,post_attack,46,367,9,20285,3
"імпульсний, налаштований + a_down",overnight_v5/pub_alphadown02_lammax065_burst,1,post_attack,46,368,9,19879,5
"імпульсний, налаштований + a_down",overnight_v5/pub_alphadown02_lammax065_burst,1,post_attack,47,369,9,19481,3
"імпульсний, налаштований + a_down",overnight_v5/pub_alphadown02_lammax065_burst,1,post_attack,47,370,9,19091,4
"імпульсний, налаштований + a_down",overnight_v5/pub_alphadown02_lammax065_burst,1,post_attack,47,371,9,18709,2
"імпульсний, налаштований + a_down",overnight_v5/pub_alphadown02_lammax065_burst,1,post_attack,47,372,9,18335,3
"імпульсний, налаштований + a_down",overnight_v5/pub_alphadown02_lammax065_burst,1,post_attack,47,373,9,17968,2
"імпульсний, налаштований + a_down",overnight_v5/pub_alphadown02_lammax065_burst,1,post_attack,47,374,9,17609,1
"імпульсний, налаштований + a_down",overnight_v5/pub_alphadown02_lammax065_burst,1,post_attack,47,375,9,17257,3
"імпульсний, налаштований + a_down",overnight_v5/pub_alphadown02_lammax065_burst,1,post_attack,47,376,9,16912,3
"імпульсний, налаштований + a_down",overnight_v5/pub_alphadown02_lammax065_burst,1,post_attack,48,377,9,16574,2
"імпульсний, налаштований + a_down",overnight_v5/pub_alphadown02_lammax065_burst,1,post_attack,48,378,9,16243,3
"імпульсний, налаштований + a_down",overnight_v5/pub_alphadown02_lammax065_burst,1,post_attack,48,379,9,15918,2
"імпульсний, налаштований + a_down",overnight_v5/pub_alphadown02_lammax065_burst,1,post_attack,48,380,9,15600,3
"імпульсний, налаштований + a_down",overnight_v5/pub_alphadown02_lammax065_burst,1,post_attack,48,381,9,15288,1
"імпульсний, налаштований + a_down",overnight_v5/pub_alphadown02_lammax065_burst,1,post_attack,48,382,9,14982,2
"імпульсний, налаштований + a_down",overnight_v5/pub_alphadown02_lammax065_burst,1,post_attack,48,383,9,14682,2
"імпульсний, налаштований + a_down",overnight_v5/pub_alphadown02_lammax065_burst,1,post_attack,48,384,9,14388,3
"імпульсний, налаштований + a_down",overnight_v5/pub_alphadown02_lammax065_burst,1,post_attack,49,385,9,14100,3
"імпульсний, налаштований + a_down",overnight_v5/pub_alphadown02_lammax065_burst,1,post_attack,49,386,9,13818,2
"імпульсний, налаштований + a_down",overnight_v5/pub_alphadown02_lammax065_burst,1,post_attack,49,387,9,13542,3
"імпульсний, налаштований + a_down",overnight_v5/pub_alphadown02_lammax065_burst,1,post_attack,49,388,9,13271,1
"імпульсний, налаштований + a_down",overnight_v5/pub_alphadown02_lammax065_burst,1,post_attack,49,389,9,13006,3
"імпульсний, налаштований + a_down",overnight_v5/pub_alphadown02_lammax065_burst,1,post_attack,49,390,9,12746,1
"імпульсний, налаштований + a_down",overnight_v5/pub_alphadown02_lammax065_burst,1,post_attack,49,391,9,12491,3
"імпульсний, налаштований + a_down",overnight_v5/pub_alphadown02_lammax065_burst,1,post_attack,49,392,9,12241,3
"імпульсний, налаштований + a_down",overnight_v5/pub_alphadown02_lammax065_burst,1,post_attack,50,393,9,11996,2
"імпульсний, налаштований + a_down",overnight_v5/pub_alphadown02_lammax065_burst,1,post_attack,50,394,9,11756,2
"імпульсний, налаштований + a_down",overnight_v5/pub_alphadown02_lammax065_burst,1,post_attack,50,395,9,11521,2
"імпульсний, налаштований + a_down",overnight_v5/pub_alphadown02_lammax065_burst,1,post_attack,50,396,9,11291,2
"імпульсний, налаштований + a_down",overnight_v5/pub_alphadown02_lammax065_burst,1,post_attack,50,397,9,11065,4
"імпульсний, налаштований + a_down",overnight_v5/pub_alphadown02_lammax065_burst,1,post_attack,50,398,9,10844,2
"імпульсний, налаштований + a_down",overnight_v5/pub_alphadown02_lammax065_burst,1,post_attack,50,399,9,10627,1
"імпульсний, налаштований + a_down",overnight_v5/pub_alphadown02_lammax065_burst,1,post_attack,50,400,9,10414,4
"імпульсний, налаштований + a_down",overnight_v5/pub_alphadown02_lammax065_burst,2,post_attack,21,161,9,380504,3
"імпульсний, налаштований + a_down",overnight_v5/pub_alphadown02_lammax065_burst,2,post_attack,21,162,9,464214,4
"імпульсний, налаштований + a_down",overnight_v5/pub_alphadown02_lammax065_burst,2,post_attack,21,163,9,482631,1
"імпульсний, налаштований + a_down",overnight_v5/pub_alphadown02_lammax065_burst,2,post_attack,21,164,9,486682,2
"імпульсний, налаштований + a_down",overnight_v5/pub_alphadown02_lammax065_burst,2,post_attack,21,165,9,487574,3
"імпульсний, налаштований + a_down",overnight_v5/pub_alphadown02_lammax065_burst,2,post_attack,21,166,9,487770,2
"імпульсний, налаштований + a_down",overnight_v5/pub_alphadown02_lammax065_burst,2,post_attack,21,167,9,487813,2
"імпульсний, налаштований + a_down",overnight_v5/pub_alphadown02_lammax065_burst,2,post_attack,21,168,9,487822,4
"імпульсний, налаштований + a_down",overnight_v5/pub_alphadown02_lammax065_burst,2,post_attack,22,169,9,487824,1
"імпульсний, налаштований + a_down",overnight_v5/pub_alphadown02_lammax065_burst,2,post_attack,22,170,9,487825,2
"імпульсний, налаштований + a_down",overnight_v5/pub_alphadown02_lammax065_burst,2,post_attack,22,171,9,487825,3
"імпульсний, налаштований + a_down",overnight_v5/pub_alphadown02_lammax065_burst,2,post_attack,22,172,9,487825,4
"імпульсний, налаштований + a_down",overnight_v5/pub_alphadown02_lammax065_burst,2,post_attack,22,173,9,487825,2
"імпульсний, налаштований + a_down",overnight_v5/pub_alphadown02_lammax065_burst,2,post_attack,22,174,9,487825,2
"імпульсний, налаштований + a_down",overnight_v5/pub_alphadown02_lammax065_burst,2,post_attack,22,175,9,487825,4
"імпульсний, налаштований + a_down",overnight_v5/pub_alphadown02_lammax065_burst,2,post_attack,22,176,9,487825,1
"імпульсний, налаштований + a_down",overnight_v5/pub_alphadown02_lammax065_burst,2,post_attack,23,177,9,487635,2
"імпульсний, налаштований + a_down",overnight_v5/pub_alphadown02_lammax065_burst,2,post_attack,23,178,9,487180,3
"імпульсний, налаштований + a_down",overnight_v5/pub_alphadown02_lammax065_burst,2,post_attack,23,179,9,486472,4
"імпульсний, налаштований + a_down",overnight_v5/pub_alphadown02_lammax065_burst,2,post_attack,23,180,9,485522,2
"імпульсний, налаштований + a_down",overnight_v5/pub_alphadown02_lammax065_burst,2,post_attack,23,181,9,484342,3
"імпульсний, налаштований + a_down",overnight_v5/pub_alphadown02_lammax065_burst,2,post_attack,23,182,9,482942,0
"імпульсний, налаштований + a_down",overnight_v5/pub_alphadown02_lammax065_burst,2,post_attack,23,183,9,481333,3
"імпульсний, налаштований + a_down",overnight_v5/pub_alphadown02_lammax065_burst,2,post_attack,23,184,9,479525,1
"імпульсний, налаштований + a_down",overnight_v5/pub_alphadown02_lammax065_burst,2,post_attack,24,185,9,477527,1
"імпульсний, налаштований + a_down",overnight_v5/pub_alphadown02_lammax065_burst,2,post_attack,24,186,9,475349,5
"імпульсний, налаштований + a_down",overnight_v5/pub_alphadown02_lammax065_burst,2,post_attack,24,187,9,473000,3
"імпульсний, налаштований + a_down",overnight_v5/pub_alphadown02_lammax065_burst,2,post_attack,24,188,9,470488,2
"імпульсний, налаштований + a_down",overnight_v5/pub_alphadown02_lammax065_burst,2,post_attack,24,189,9,467821,3
"імпульсний, налаштований + a_down",overnight_v5/pub_alphadown02_lammax065_burst,2,post_attack,24,190,9,465007,3
"імпульсний, налаштований + a_down",overnight_v5/pub_alphadown02_lammax065_burst,2,post_attack,24,191,9,462054,3
"імпульсний, налаштований + a_down",overnight_v5/pub_alphadown02_lammax065_burst,2,post_attack,24,192,9,458970,2
"імпульсний, налаштований + a_down",overnight_v5/pub_alphadown02_lammax065_burst,2,post_attack,25,193,9,455762,3
"імпульсний, налаштований + a_down",overnight_v5/pub_alphadown02_lammax065_burst,2,post_attack,25,194,9,452437,2
"імпульсний, налаштований + a_down",overnight_v5/pub_alphadown02_lammax065_burst,2,post_attack,25,195,9,449002,5
"імпульсний, налаштований + a_down",overnight_v5/pub_alphadown02_lammax065_burst,2,post_attack,25,196,9,445465,3
"імпульсний, налаштований + a_down",overnight_v5/pub_alphadown02_lammax065_burst,2,post_attack,25,197,9,441831,2
"імпульсний, налаштований + a_down",overnight_v5/pub_alphadown02_lammax065_burst,2,post_attack,25,198,9,438107,2
"імпульсний, налаштований + a_down",overnight_v5/pub_alphadown02_lammax065_burst,2,post_attack,25,199,9,434298,2
"імпульсний, налаштований + a_down",overnight_v5/pub_alphadown02_lammax065_burst,2,post_attack,25,200,9,430410,3
"імпульсний, налаштований + a_down",overnight_v5/pub_alphadown02_lammax065_burst,2,post_attack,26,201,9,426449,2
"імпульсний, налаштований + a_down",overnight_v5/pub_alphadown02_lammax065_burst,2,post_attack,26,202,9,422419,2
"імпульсний, налаштований + a_down",overnight_v5/pub_alphadown02_lammax065_burst,2,post_attack,26,203,9,418326,2
"імпульсний, налаштований + a_down",overnight_v5/pub_alphadown02_lammax065_burst,2,post_attack,26,204,9,414174,3
"імпульсний, налаштований + a_down",overnight_v5/pub_alphadown02_lammax065_burst,2,post_attack,26,205,9,409969,3
"імпульсний, налаштований + a_down",overnight_v5/pub_alphadown02_lammax065_burst,2,post_attack,26,206,9,405714,4
"імпульсний, налаштований + a_down",overnight_v5/pub_alphadown02_lammax065_burst,2,post_attack,26,207,9,401414,3
"імпульсний, налаштований + a_down",overnight_v5/pub_alphadown02_lammax065_burst,2,post_attack,26,208,9,397073,3
"імпульсний, налаштований + a_down",overnight_v5/pub_alphadown02_lammax065_burst,2,post_attack,27,209,9,392695,1
"імпульсний, налаштований + a_down",overnight_v5/pub_alphadown02_lammax065_burst,2,post_attack,27,210,9,388284,2
"імпульсний, налаштований + a_down",overnight_v5/pub_alphadown02_lammax065_burst,2,post_attack,27,211,9,383843,1
"імпульсний, налаштований + a_down",overnight_v5/pub_alphadown02_lammax065_burst,2,post_attack,27,212,9,379376,3
"імпульсний, налаштований + a_down",overnight_v5/pub_alphadown02_lammax065_burst,2,post_attack,27,213,9,374886,3
"імпульсний, налаштований + a_down",overnight_v5/pub_alphadown02_lammax065_burst,2,post_attack,27,214,9,370377,3
"імпульсний, налаштований + a_down",overnight_v5/pub_alphadown02_lammax065_burst,2,post_attack,27,215,9,365851,4
"імпульсний, налаштований + a_down",overnight_v5/pub_alphadown02_lammax065_burst,2,post_attack,27,216,9,361312,3
"імпульсний, налаштований + a_down",overnight_v5/pub_alphadown02_lammax065_burst,2,post_attack,28,217,9,356762,2
"імпульсний, налаштований + a_down",overnight_v5/pub_alphadown02_lammax065_burst,2,post_attack,28,218,9,352204,2
"імпульсний, налаштований + a_down",overnight_v5/pub_alphadown02_lammax065_burst,2,post_attack,28,219,9,347641,2
"імпульсний, налаштований + a_down",overnight_v5/pub_alphadown02_lammax065_burst,2,post_attack,28,220,9,343075,4
"імпульсний, налаштований + a_down",overnight_v5/pub_alphadown02_lammax065_burst,2,post_attack,28,221,9,338509,2
"імпульсний, налаштований + a_down",overnight_v5/pub_alphadown02_lammax065_burst,2,post_attack,28,222,9,333945,1
"імпульсний, налаштований + a_down",overnight_v5/pub_alphadown02_lammax065_burst,2,post_attack,28,223,9,329385,3
"імпульсний, налаштований + a_down",overnight_v5/pub_alphadown02_lammax065_burst,2,post_attack,28,224,9,324831,1
"імпульсний, налаштований + a_down",overnight_v5/pub_alphadown02_lammax065_burst,2,post_attack,29,225,9,320285,3
"імпульсний, налаштований + a_down",overnight_v5/pub_alphadown02_lammax065_burst,2,post_attack,29,226,9,315749,1
"імпульсний, налаштований + a_down",overnight_v5/pub_alphadown02_lammax065_burst,2,post_attack,29,227,9,311224,3
"імпульсний, налаштований + a_down",overnight_v5/pub_alphadown02_lammax065_burst,2,post_attack,29,228,9,306713,3
"імпульсний, налаштований + a_down",overnight_v5/pub_alphadown02_lammax065_burst,2,post_attack,29,229,9,302217,3
"імпульсний, налаштований + a_down",overnight_v5/pub_alphadown02_lammax065_burst,2,post_attack,29,230,9,297738,2
"імпульсний, налаштований + a_down",overnight_v5/pub_alphadown02_lammax065_burst,2,post_attack,29,231,9,293277,3
"імпульсний, налаштований + a_down",overnight_v5/pub_alphadown02_lammax065_burst,2,post_attack,29,232,9,288835,3
"імпульсний, налаштований + a_down",overnight_v5/pub_alphadown02_lammax065_burst,2,post_attack,30,233,9,284414,3
"імпульсний, налаштований + a_down",overnight_v5/pub_alphadown02_lammax065_burst,2,post_attack,30,234,9,280015,4
"імпульсний, налаштований + a_down",overnight_v5/pub_alphadown02_lammax065_burst,2,post_attack,30,235,9,275640,3
"імпульсний, налаштований + a_down",overnight_v5/pub_alphadown02_lammax065_burst,2,post_attack,30,236,9,271289,2
"імпульсний, налаштований + a_down",overnight_v5/pub_alphadown02_lammax065_burst,2,post_attack,30,237,9,266963,4
"імпульсний, налаштований + a_down",overnight_v5/pub_alphadown02_lammax065_burst,2,post_attack,30,238,9,262664,4
"імпульсний, налаштований + a_down",overnight_v5/pub_alphadown02_lammax065_burst,2,post_attack,30,239,9,258392,2
"імпульсний, налаштований + a_down",overnight_v5/pub_alphadown02_lammax065_burst,2,post_attack,30,240,9,254149,1
"імпульсний, налаштований + a_down",overnight_v5/pub_alphadown02_lammax065_burst,2,post_attack,31,241,9,249935,3
"імпульсний, налаштований + a_down",overnight_v5/pub_alphadown02_lammax065_burst,2,post_attack,31,242,9,245751,2
"імпульсний, налаштований + a_down",overnight_v5/pub_alphadown02_lammax065_burst,2,post_attack,31,243,9,241598,3
"імпульсний, налаштований + a_down",overnight_v5/pub_alphadown02_lammax065_burst,2,post_attack,31,244,9,237476,4
"імпульсний, налаштований + a_down",overnight_v5/pub_alphadown02_lammax065_burst,2,post_attack,31,245,9,233386,4
"імпульсний, налаштований + a_down",overnight_v5/pub_alphadown02_lammax065_burst,2,post_attack,31,246,9,229329,4
"імпульсний, налаштований + a_down",overnight_v5/pub_alphadown02_lammax065_burst,2,post_attack,31,247,9,225305,5
"імпульсний, налаштований + a_down",overnight_v5/pub_alphadown02_lammax065_burst,2,post_attack,31,248,9,221315,3
"імпульсний, налаштований + a_down",overnight_v5/pub_alphadown02_lammax065_burst,2,post_attack,32,249,9,217359,2
"імпульсний, налаштований + a_down",overnight_v5/pub_alphadown02_lammax065_burst,2,post_attack,32,250,9,213438,5
"імпульсний, налаштований + a_down",overnight_v5/pub_alphadown02_lammax065_burst,2,post_attack,32,251,9,209552,2
"імпульсний, налаштований + a_down",overnight_v5/pub_alphadown02_lammax065_burst,2,post_attack,32,252,9,205701,1
"імпульсний, налаштований + a_down",overnight_v5/pub_alphadown02_lammax065_burst,2,post_attack,32,253,9,201886,2
"імпульсний, налаштований + a_down",overnight_v5/pub_alphadown02_lammax065_burst,2,post_attack,32,254,9,198107,3
"імпульсний, налаштований + a_down",overnight_v5/pub_alphadown02_lammax065_burst,2,post_attack,32,255,9,194365,2
"імпульсний, налаштований + a_down",overnight_v5/pub_alphadown02_lammax065_burst,2,post_attack,32,256,9,190659,3
"імпульсний, налаштований + a_down",overnight_v5/pub_alphadown02_lammax065_burst,2,post_attack,33,257,9,186990,3
"імпульсний, налаштований + a_down",overnight_v5/pub_alphadown02_lammax065_burst,2,post_attack,33,258,9,183358,3
"імпульсний, налаштований + a_down",overnight_v5/pub_alphadown02_lammax065_burst,2,post_attack,33,259,9,179763,2
"імпульсний, налаштований + a_down",overnight_v5/pub_alphadown02_lammax065_burst,2,post_attack,33,260,9,176205,1
"імпульсний, налаштований + a_down",overnight_v5/pub_alphadown02_lammax065_burst,2,post_attack,33,261,9,172685,3
"імпульсний, налаштований + a_down",overnight_v5/pub_alphadown02_lammax065_burst,2,post_attack,33,262,9,169231,4
"імпульсний, налаштований + a_down",overnight_v5/pub_alphadown02_lammax065_burst,2,post_attack,33,263,9,165846,3
"імпульсний, налаштований + a_down",overnight_v5/pub_alphadown02_lammax065_burst,2,post_attack,33,264,9,162529,3
"імпульсний, налаштований + a_down",overnight_v5/pub_alphadown02_lammax065_burst,2,post_attack,34,265,9,159278,3
"імпульсний, налаштований + a_down",overnight_v5/pub_alphadown02_lammax065_burst,2,post_attack,34,266,9,156092,3
"імпульсний, налаштований + a_down",overnight_v5/pub_alphadown02_lammax065_burst,2,post_attack,34,267,9,152970,3
"імпульсний, налаштований + a_down",overnight_v5/pub_alphadown02_lammax065_burst,2,post_attack,34,268,9,149911,2
"імпульсний, налаштований + a_down",overnight_v5/pub_alphadown02_lammax065_burst,2,post_attack,34,269,9,146913,3
"імпульсний, налаштований + a_down",overnight_v5/pub_alphadown02_lammax065_burst,2,post_attack,34,270,9,143975,4
"імпульсний, налаштований + a_down",overnight_v5/pub_alphadown02_lammax065_burst,2,post_attack,34,271,9,141095,3
"імпульсний, налаштований + a_down",overnight_v5/pub_alphadown02_lammax065_burst,2,post_attack,34,272,9,138273,3
"імпульсний, налаштований + a_down",overnight_v5/pub_alphadown02_lammax065_burst,2,post_attack,35,273,9,135508,2
"імпульсний, налаштований + a_down",overnight_v5/pub_alphadown02_lammax065_burst,2,post_attack,35,274,9,132798,2
"імпульсний, налаштований + a_down",overnight_v5/pub_alphadown02_lammax065_burst,2,post_attack,35,275,9,130142,3
"імпульсний, налаштований + a_down",overnight_v5/pub_alphadown02_lammax065_burst,2,post_attack,35,276,9,127539,3
"імпульсний, налаштований + a_down",overnight_v5/pub_alphadown02_lammax065_burst,2,post_attack,35,277,9,124988,5
"імпульсний, налаштований + a_down",overnight_v5/pub_alphadown02_lammax065_burst,2,post_attack,35,278,9,122488,2
"імпульсний, налаштований + a_down",overnight_v5/pub_alphadown02_lammax065_burst,2,post_attack,35,279,9,120038,3
"імпульсний, налаштований + a_down",overnight_v5/pub_alphadown02_lammax065_burst,2,post_attack,35,280,9,117637,2
"імпульсний, налаштований + a_down",overnight_v5/pub_alphadown02_lammax065_burst,2,post_attack,36,281,9,115284,3
"імпульсний, налаштований + a_down",overnight_v5/pub_alphadown02_lammax065_burst,2,post_attack,36,282,9,112978,3
"імпульсний, налаштований + a_down",overnight_v5/pub_alphadown02_lammax065_burst,2,post_attack,36,283,9,110718,4
"імпульсний, налаштований + a_down",overnight_v5/pub_alphadown02_lammax065_burst,2,post_attack,36,284,9,108504,4
"імпульсний, налаштований + a_down",overnight_v5/pub_alphadown02_lammax065_burst,2,post_attack,36,285,9,106334,3
"імпульсний, налаштований + a_down",overnight_v5/pub_alphadown02_lammax065_burst,2,post_attack,36,286,9,104207,3
"імпульсний, налаштований + a_down",overnight_v5/pub_alphadown02_lammax065_burst,2,post_attack,36,287,9,102123,3
"імпульсний, налаштований + a_down",overnight_v5/pub_alphadown02_lammax065_burst,2,post_attack,36,288,9,100081,2
"імпульсний, налаштований + a_down",overnight_v5/pub_alphadown02_lammax065_burst,2,post_attack,37,289,9,98079,5
"імпульсний, налаштований + a_down",overnight_v5/pub_alphadown02_lammax065_burst,2,post_attack,37,290,9,96117,4
"імпульсний, налаштований + a_down",overnight_v5/pub_alphadown02_lammax065_burst,2,post_attack,37,291,9,94195,3
"імпульсний, налаштований + a_down",overnight_v5/pub_alphadown02_lammax065_burst,2,post_attack,37,292,9,92311,3
"імпульсний, налаштований + a_down",overnight_v5/pub_alphadown02_lammax065_burst,2,post_attack,37,293,9,90465,3
"імпульсний, налаштований + a_down",overnight_v5/pub_alphadown02_lammax065_burst,2,post_attack,37,294,9,88656,3
"імпульсний, налаштований + a_down",overnight_v5/pub_alphadown02_lammax065_burst,2,post_attack,37,295,9,86883,5
"імпульсний, налаштований + a_down",overnight_v5/pub_alphadown02_lammax065_burst,2,post_attack,37,296,9,85145,4
"імпульсний, налаштований + a_down",overnight_v5/pub_alphadown02_lammax065_burst,2,post_attack,38,297,9,83442,3
"імпульсний, налаштований + a_down",overnight_v5/pub_alphadown02_lammax065_burst,2,post_attack,38,298,9,81773,2
"імпульсний, налаштований + a_down",overnight_v5/pub_alphadown02_lammax065_burst,2,post_attack,38,299,9,80138,1
"імпульсний, налаштований + a_down",overnight_v5/pub_alphadown02_lammax065_burst,2,post_attack,38,300,9,78535,4
"імпульсний, налаштований + a_down",overnight_v5/pub_alphadown02_lammax065_burst,2,post_attack,38,301,9,76964,4
"імпульсний, налаштований + a_down",overnight_v5/pub_alphadown02_lammax065_burst,2,post_attack,38,302,9,75425,4
"імпульсний, налаштований + a_down",overnight_v5/pub_alphadown02_lammax065_burst,2,post_attack,38,303,9,73917,2
"імпульсний, налаштований + a_down",overnight_v5/pub_alphadown02_lammax065_burst,2,post_attack,38,304,9,72439,2
"імпульсний, налаштований + a_down",overnight_v5/pub_alphadown02_lammax065_burst,2,post_attack,39,305,9,70990,4
"імпульсний, налаштований + a_down",overnight_v5/pub_alphadown02_lammax065_burst,2,post_attack,39,306,9,69570,3
"імпульсний, налаштований + a_down",overnight_v5/pub_alphadown02_lammax065_burst,2,post_attack,39,307,9,68179,3
"імпульсний, налаштований + a_down",overnight_v5/pub_alphadown02_lammax065_burst,2,post_attack,39,308,9,66815,3
"імпульсний, налаштований + a_down",overnight_v5/pub_alphadown02_lammax065_burst,2,post_attack,39,309,9,65479,2
"імпульсний, налаштований + a_down",overnight_v5/pub_alphadown02_lammax065_burst,2,post_attack,39,310,9,64169,2
"імпульсний, налаштований + a_down",overnight_v5/pub_alphadown02_lammax065_burst,2,post_attack,39,311,9,62886,3
"імпульсний, налаштований + a_down",overnight_v5/pub_alphadown02_lammax065_burst,2,post_attack,39,312,9,61628,1
"імпульсний, налаштований + a_down",overnight_v5/pub_alphadown02_lammax065_burst,2,post_attack,40,313,9,60395,3
"імпульсний, налаштований + a_down",overnight_v5/pub_alphadown02_lammax065_burst,2,post_attack,40,314,9,59187,4
"імпульсний, налаштований + a_down",overnight_v5/pub_alphadown02_lammax065_burst,2,post_attack,40,315,9,58003,4
"імпульсний, налаштований + a_down",overnight_v5/pub_alphadown02_lammax065_burst,2,post_attack,40,316,9,56843,5
"імпульсний, налаштований + a_down",overnight_v5/pub_alphadown02_lammax065_burst,2,post_attack,40,317,9,55706,3
"імпульсний, налаштований + a_down",overnight_v5/pub_alphadown02_lammax065_burst,2,post_attack,40,318,9,54592,3
"імпульсний, налаштований + a_down",overnight_v5/pub_alphadown02_lammax065_burst,2,post_attack,40,319,9,53500,2
"імпульсний, налаштований + a_down",overnight_v5/pub_alphadown02_lammax065_burst,2,post_attack,40,320,9,52430,3
"імпульсний, налаштований + a_down",overnight_v5/pub_alphadown02_lammax065_burst,2,post_attack,41,321,9,51381,3
"імпульсний, налаштований + a_down",overnight_v5/pub_alphadown02_lammax065_burst,2,post_attack,41,322,9,50353,4
"імпульсний, налаштований + a_down",overnight_v5/pub_alphadown02_lammax065_burst,2,post_attack,41,323,9,49346,3
"імпульсний, налаштований + a_down",overnight_v5/pub_alphadown02_lammax065_burst,2,post_attack,41,324,9,48359,4
"імпульсний, налаштований + a_down",overnight_v5/pub_alphadown02_lammax065_burst,2,post_attack,41,325,9,47392,3
"імпульсний, налаштований + a_down",overnight_v5/pub_alphadown02_lammax065_burst,2,post_attack,41,326,9,46444,3
"імпульсний, налаштований + a_down",overnight_v5/pub_alphadown02_lammax065_burst,2,post_attack,41,327,9,45515,2
"імпульсний, налаштований + a_down",overnight_v5/pub_alphadown02_lammax065_burst,2,post_attack,41,328,9,44605,3
"імпульсний, налаштований + a_down",overnight_v5/pub_alphadown02_lammax065_burst,2,post_attack,42,329,9,43713,4
"імпульсний, налаштований + a_down",overnight_v5/pub_alphadown02_lammax065_burst,2,post_attack,42,330,9,42839,1
"імпульсний, налаштований + a_down",overnight_v5/pub_alphadown02_lammax065_burst,2,post_attack,42,331,9,41982,4
"імпульсний, налаштований + a_down",overnight_v5/pub_alphadown02_lammax065_burst,2,post_attack,42,332,9,41142,4
"імпульсний, налаштований + a_down",overnight_v5/pub_alphadown02_lammax065_burst,2,post_attack,42,333,9,40319,2
"імпульсний, налаштований + a_down",overnight_v5/pub_alphadown02_lammax065_burst,2,post_attack,42,334,9,39513,2
"імпульсний, налаштований + a_down",overnight_v5/pub_alphadown02_lammax065_burst,2,post_attack,42,335,9,38723,3
"імпульсний, налаштований + a_down",overnight_v5/pub_alphadown02_lammax065_burst,2,post_attack,42,336,9,37949,3
"імпульсний, налаштований + a_down",overnight_v5/pub_alphadown02_lammax065_burst,2,post_attack,43,337,9,37190,4
"імпульсний, налаштований + a_down",overnight_v5/pub_alphadown02_lammax065_burst,2,post_attack,43,338,9,36446,2
"імпульсний, налаштований + a_down",overnight_v5/pub_alphadown02_lammax065_burst,2,post_attack,43,339,9,35717,3
"імпульсний, налаштований + a_down",overnight_v5/pub_alphadown02_lammax065_burst,2,post_attack,43,340,9,35003,2
"імпульсний, налаштований + a_down",overnight_v5/pub_alphadown02_lammax065_burst,2,post_attack,43,341,9,34303,3
"імпульсний, налаштований + a_down",overnight_v5/pub_alphadown02_lammax065_burst,2,post_attack,43,342,9,33617,3
"імпульсний, налаштований + a_down",overnight_v5/pub_alphadown02_lammax065_burst,2,post_attack,43,343,9,32945,2
"імпульсний, налаштований + a_down",overnight_v5/pub_alphadown02_lammax065_burst,2,post_attack,43,344,9,32286,2
"імпульсний, налаштований + a_down",overnight_v5/pub_alphadown02_lammax065_burst,2,post_attack,44,345,9,31640,2
"імпульсний, налаштований + a_down",overnight_v5/pub_alphadown02_lammax065_burst,2,post_attack,44,346,9,31007,3
"імпульсний, налаштований + a_down",overnight_v5/pub_alphadown02_lammax065_burst,2,post_attack,44,347,9,30387,0
"імпульсний, налаштований + a_down",overnight_v5/pub_alphadown02_lammax065_burst,2,post_attack,44,348,9,29779,2
"імпульсний, налаштований + a_down",overnight_v5/pub_alphadown02_lammax065_burst,2,post_attack,44,349,9,29183,4
"імпульсний, налаштований + a_down",overnight_v5/pub_alphadown02_lammax065_burst,2,post_attack,44,350,9,28599,3
"імпульсний, налаштований + a_down",overnight_v5/pub_alphadown02_lammax065_burst,2,post_attack,44,351,9,28027,3
"імпульсний, налаштований + a_down",overnight_v5/pub_alphadown02_lammax065_burst,2,post_attack,44,352,9,27466,2
"імпульсний, налаштований + a_down",overnight_v5/pub_alphadown02_lammax065_burst,2,post_attack,45,353,9,26917,5
"імпульсний, налаштований + a_down",overnight_v5/pub_alphadown02_lammax065_burst,2,post_attack,45,354,9,26379,3
"імпульсний, налаштований + a_down",overnight_v5/pub_alphadown02_lammax065_burst,2,post_attack,45,355,9,25851,2
"імпульсний, налаштований + a_down",overnight_v5/pub_alphadown02_lammax065_burst,2,post_attack,45,356,9,25334,2
"імпульсний, налаштований + a_down",overnight_v5/pub_alphadown02_lammax065_burst,2,post_attack,45,357,9,24827,2
"імпульсний, налаштований + a_down",overnight_v5/pub_alphadown02_lammax065_burst,2,post_attack,45,358,9,24330,2
"імпульсний, налаштований + a_down",overnight_v5/pub_alphadown02_lammax065_burst,2,post_attack,45,359,9,23843,1
"імпульсний, налаштований + a_down",overnight_v5/pub_alphadown02_lammax065_burst,2,post_attack,45,360,9,23366,3
"імпульсний, налаштований + a_down",overnight_v5/pub_alphadown02_lammax065_burst,2,post_attack,46,361,9,22899,3
"імпульсний, налаштований + a_down",overnight_v5/pub_alphadown02_lammax065_burst,2,post_attack,46,362,9,22441,3
"імпульсний, налаштований + a_down",overnight_v5/pub_alphadown02_lammax065_burst,2,post_attack,46,363,9,21992,3
"імпульсний, налаштований + a_down",overnight_v5/pub_alphadown02_lammax065_burst,2,post_attack,46,364,9,21552,1
"імпульсний, налаштований + a_down",overnight_v5/pub_alphadown02_lammax065_burst,2,post_attack,46,365,9,21121,2
"імпульсний, налаштований + a_down",overnight_v5/pub_alphadown02_lammax065_burst,2,post_attack,46,366,9,20699,3
"імпульсний, налаштований + a_down",overnight_v5/pub_alphadown02_lammax065_burst,2,post_attack,46,367,9,20285,2
"імпульсний, налаштований + a_down",overnight_v5/pub_alphadown02_lammax065_burst,2,post_attack,46,368,9,19879,3
"імпульсний, налаштований + a_down",overnight_v5/pub_alphadown02_lammax065_burst,2,post_attack,47,369,9,19481,2
"імпульсний, налаштований + a_down",overnight_v5/pub_alphadown02_lammax065_burst,2,post_attack,47,370,9,19091,4
"імпульсний, налаштований + a_down",overnight_v5/pub_alphadown02_lammax065_burst,2,post_attack,47,371,9,18709,3
"імпульсний, налаштований + a_down",overnight_v5/pub_alphadown02_lammax065_burst,2,post_attack,47,372,9,18335,2
"імпульсний, налаштований + a_down",overnight_v5/pub_alphadown02_lammax065_burst,2,post_attack,47,373,9,17968,4
"імпульсний, налаштований + a_down",overnight_v5/pub_alphadown02_lammax065_burst,2,post_attack,47,374,9,17609,3
"імпульсний, налаштований + a_down",overnight_v5/pub_alphadown02_lammax065_burst,2,post_attack,47,375,9,17257,3
"імпульсний, налаштований + a_down",overnight_v5/pub_alphadown02_lammax065_burst,2,post_attack,47,376,9,16912,4
"імпульсний, налаштований + a_down",overnight_v5/pub_alphadown02_lammax065_burst,2,post_attack,48,377,9,16574,2
"імпульсний, налаштований + a_down",overnight_v5/pub_alphadown02_lammax065_burst,2,post_attack,48,378,9,16243,1
"імпульсний, налаштований + a_down",overnight_v5/pub_alphadown02_lammax065_burst,2,post_attack,48,379,9,15918,3
"імпульсний, налаштований + a_down",overnight_v5/pub_alphadown02_lammax065_burst,2,post_attack,48,380,9,15600,2
"імпульсний, налаштований + a_down",overnight_v5/pub_alphadown02_lammax065_burst,2,post_attack,48,381,9,15288,3
"імпульсний, налаштований + a_down",overnight_v5/pub_alphadown02_lammax065_burst,2,post_attack,48,382,9,14982,5
"імпульсний, налаштований + a_down",overnight_v5/pub_alphadown02_lammax065_burst,2,post_attack,48,383,9,14682,4
"імпульсний, налаштований + a_down",overnight_v5/pub_alphadown02_lammax065_burst,2,post_attack,48,384,9,14388,3
"імпульсний, налаштований + a_down",overnight_v5/pub_alphadown02_lammax065_burst,2,post_attack,49,385,9,14100,4
"імпульсний, налаштований + a_down",overnight_v5/pub_alphadown02_lammax065_burst,2,post_attack,49,386,9,13818,3
"імпульсний, налаштований + a_down",overnight_v5/pub_alphadown02_lammax065_burst,2,post_attack,49,387,9,13542,5
"імпульсний, налаштований + a_down",overnight_v5/pub_alphadown02_lammax065_burst,2,post_attack,49,388,9,13271,2
"імпульсний, налаштований + a_down",overnight_v5/pub_alphadown02_lammax065_burst,2,post_attack,49,389,9,13006,3
"імпульсний, налаштований + a_down",overnight_v5/pub_alphadown02_lammax065_burst,2,post_attack,49,390,9,12746,3
"імпульсний, налаштований + a_down",overnight_v5/pub_alphadown02_lammax065_burst,2,post_attack,49,391,9,12491,1
"імпульсний, налаштований + a_down",overnight_v5/pub_alphadown02_lammax065_burst,2,post_attack,49,392,9,12241,1
"імпульсний, налаштований + a_down",overnight_v5/pub_alphadown02_lammax065_burst,2,post_attack,50,393,9,11996,4
"імпульсний, налаштований + a_down",overnight_v5/pub_alphadown02_lammax065_burst,2,post_attack,50,394,9,11756,3
"імпульсний, налаштований + a_down",overnight_v5/pub_alphadown02_lammax065_burst,2,post_attack,50,395,9,11521,3
"імпульсний, налаштований + a_down",overnight_v5/pub_alphadown02_lammax065_burst,2,post_attack,50,396,9,11291,3
"імпульсний, налаштований + a_down",overnight_v5/pub_alphadown02_lammax065_burst,2,post_attack,50,397,9,11065,4
"імпульсний, налаштований + a_down",overnight_v5/pub_alphadown02_lammax065_burst,2,post_attack,50,398,9,10844,3
"імпульсний, налаштований + a_down",overnight_v5/pub_alphadown02_lammax065_burst,2,post_attack,50,399,9,10627,4
"імпульсний, налаштований + a_down",overnight_v5/pub_alphadown02_lammax065_burst,2,post_attack,50,400,9,10414,1
"імпульсний, налаштований + a_down",overnight_v5/pub_alphadown02_lammax065_burst,3,post_attack,21,161,9,380504,1
"імпульсний, налаштований + a_down",overnight_v5/pub_alphadown02_lammax065_burst,3,post_attack,21,162,9,464214,4
"імпульсний, налаштований + a_down",overnight_v5/pub_alphadown02_lammax065_burst,3,post_attack,21,163,9,482631,1
"імпульсний, налаштований + a_down",overnight_v5/pub_alphadown02_lammax065_burst,3,post_attack,21,164,9,486682,3
"імпульсний, налаштований + a_down",overnight_v5/pub_alphadown02_lammax065_burst,3,post_attack,21,165,9,487574,2
"імпульсний, налаштований + a_down",overnight_v5/pub_alphadown02_lammax065_burst,3,post_attack,21,166,9,487770,2
"імпульсний, налаштований + a_down",overnight_v5/pub_alphadown02_lammax065_burst,3,post_attack,21,167,9,487813,1
"імпульсний, налаштований + a_down",overnight_v5/pub_alphadown02_lammax065_burst,3,post_attack,21,168,9,487822,2
"імпульсний, налаштований + a_down",overnight_v5/pub_alphadown02_lammax065_burst,3,post_attack,22,169,9,487824,2
"імпульсний, налаштований + a_down",overnight_v5/pub_alphadown02_lammax065_burst,3,post_attack,22,170,9,487825,3
"імпульсний, налаштований + a_down",overnight_v5/pub_alphadown02_lammax065_burst,3,post_attack,22,171,9,487825,3
"імпульсний, налаштований + a_down",overnight_v5/pub_alphadown02_lammax065_burst,3,post_attack,22,172,9,487825,1
"імпульсний, налаштований + a_down",overnight_v5/pub_alphadown02_lammax065_burst,3,post_attack,22,173,9,487825,2
"імпульсний, налаштований + a_down",overnight_v5/pub_alphadown02_lammax065_burst,3,post_attack,22,174,9,487825,2
"імпульсний, налаштований + a_down",overnight_v5/pub_alphadown02_lammax065_burst,3,post_attack,22,175,9,487825,2
"імпульсний, налаштований + a_down",overnight_v5/pub_alphadown02_lammax065_burst,3,post_attack,22,176,9,487825,3
"імпульсний, налаштований + a_down",overnight_v5/pub_alphadown02_lammax065_burst,3,post_attack,23,177,9,487635,2
"імпульсний, налаштований + a_down",overnight_v5/pub_alphadown02_lammax065_burst,3,post_attack,23,178,9,487180,3
"імпульсний, налаштований + a_down",overnight_v5/pub_alphadown02_lammax065_burst,3,post_attack,23,179,9,486472,3
"імпульсний, налаштований + a_down",overnight_v5/pub_alphadown02_lammax065_burst,3,post_attack,23,180,9,485522,2
"імпульсний, налаштований + a_down",overnight_v5/pub_alphadown02_lammax065_burst,3,post_attack,23,181,9,484342,2
"імпульсний, налаштований + a_down",overnight_v5/pub_alphadown02_lammax065_burst,3,post_attack,23,182,9,482942,2
"імпульсний, налаштований + a_down",overnight_v5/pub_alphadown02_lammax065_burst,3,post_attack,23,183,9,481333,2
"імпульсний, налаштований + a_down",overnight_v5/pub_alphadown02_lammax065_burst,3,post_attack,23,184,9,479525,4
"імпульсний, налаштований + a_down",overnight_v5/pub_alphadown02_lammax065_burst,3,post_attack,24,185,9,477527,3
"імпульсний, налаштований + a_down",overnight_v5/pub_alphadown02_lammax065_burst,3,post_attack,24,186,9,475349,3
"імпульсний, налаштований + a_down",overnight_v5/pub_alphadown02_lammax065_burst,3,post_attack,24,187,9,473000,3
"імпульсний, налаштований + a_down",overnight_v5/pub_alphadown02_lammax065_burst,3,post_attack,24,188,9,470488,2
"імпульсний, налаштований + a_down",overnight_v5/pub_alphadown02_lammax065_burst,3,post_attack,24,189,9,467821,2
"імпульсний, налаштований + a_down",overnight_v5/pub_alphadown02_lammax065_burst,3,post_attack,24,190,9,465007,2
"імпульсний, налаштований + a_down",overnight_v5/pub_alphadown02_lammax065_burst,3,post_attack,24,191,9,462054,3
"імпульсний, налаштований + a_down",overnight_v5/pub_alphadown02_lammax065_burst,3,post_attack,24,192,9,458970,2
"імпульсний, налаштований + a_down",overnight_v5/pub_alphadown02_lammax065_burst,3,post_attack,25,193,9,455762,2
"імпульсний, налаштований + a_down",overnight_v5/pub_alphadown02_lammax065_burst,3,post_attack,25,194,9,452437,5
"імпульсний, налаштований + a_down",overnight_v5/pub_alphadown02_lammax065_burst,3,post_attack,25,195,9,449002,2
"імпульсний, налаштований + a_down",overnight_v5/pub_alphadown02_lammax065_burst,3,post_attack,25,196,9,445465,3
"імпульсний, налаштований + a_down",overnight_v5/pub_alphadown02_lammax065_burst,3,post_attack,25,197,9,441831,4
"імпульсний, налаштований + a_down",overnight_v5/pub_alphadown02_lammax065_burst,3,post_attack,25,198,9,438107,3
"імпульсний, налаштований + a_down",overnight_v5/pub_alphadown02_lammax065_burst,3,post_attack,25,199,9,434298,2
"імпульсний, налаштований + a_down",overnight_v5/pub_alphadown02_lammax065_burst,3,post_attack,25,200,9,430410,3
"імпульсний, налаштований + a_down",overnight_v5/pub_alphadown02_lammax065_burst,3,post_attack,26,201,9,426449,3
"імпульсний, налаштований + a_down",overnight_v5/pub_alphadown02_lammax065_burst,3,post_attack,26,202,9,422419,3
"імпульсний, налаштований + a_down",overnight_v5/pub_alphadown02_lammax065_burst,3,post_attack,26,203,9,418326,2
"імпульсний, налаштований + a_down",overnight_v5/pub_alphadown02_lammax065_burst,3,post_attack,26,204,9,414174,1
"імпульсний, налаштований + a_down",overnight_v5/pub_alphadown02_lammax065_burst,3,post_attack,26,205,9,409969,2
"імпульсний, налаштований + a_down",overnight_v5/pub_alphadown02_lammax065_burst,3,post_attack,26,206,9,405714,3
"імпульсний, налаштований + a_down",overnight_v5/pub_alphadown02_lammax065_burst,3,post_attack,26,207,9,401414,2
"імпульсний, налаштований + a_down",overnight_v5/pub_alphadown02_lammax065_burst,3,post_attack,26,208,9,397073,2
"імпульсний, налаштований + a_down",overnight_v5/pub_alphadown02_lammax065_burst,3,post_attack,27,209,9,392695,2
"імпульсний, налаштований + a_down",overnight_v5/pub_alphadown02_lammax065_burst,3,post_attack,27,210,9,388284,2
"імпульсний, налаштований + a_down",overnight_v5/pub_alphadown02_lammax065_burst,3,post_attack,27,211,9,383843,2
"імпульсний, налаштований + a_down",overnight_v5/pub_alphadown02_lammax065_burst,3,post_attack,27,212,9,379376,3
"імпульсний, налаштований + a_down",overnight_v5/pub_alphadown02_lammax065_burst,3,post_attack,27,213,9,374886,3
"імпульсний, налаштований + a_down",overnight_v5/pub_alphadown02_lammax065_burst,3,post_attack,27,214,9,370377,2
"імпульсний, налаштований + a_down",overnight_v5/pub_alphadown02_lammax065_burst,3,post_attack,27,215,9,365851,3
"імпульсний, налаштований + a_down",overnight_v5/pub_alphadown02_lammax065_burst,3,post_attack,27,216,9,361312,2
"імпульсний, налаштований + a_down",overnight_v5/pub_alphadown02_lammax065_burst,3,post_attack,28,217,9,356762,2
"імпульсний, налаштований + a_down",overnight_v5/pub_alphadown02_lammax065_burst,3,post_attack,28,218,9,352204,3
"імпульсний, налаштований + a_down",overnight_v5/pub_alphadown02_lammax065_burst,3,post_attack,28,219,9,347641,3
"імпульсний, налаштований + a_down",overnight_v5/pub_alphadown02_lammax065_burst,3,post_attack,28,220,9,343075,3
"імпульсний, налаштований + a_down",overnight_v5/pub_alphadown02_lammax065_burst,3,post_attack,28,221,9,338509,2
"імпульсний, налаштований + a_down",overnight_v5/pub_alphadown02_lammax065_burst,3,post_attack,28,222,9,333945,3
"імпульсний, налаштований + a_down",overnight_v5/pub_alphadown02_lammax065_burst,3,post_attack,28,223,9,329385,3
"імпульсний, налаштований + a_down",overnight_v5/pub_alphadown02_lammax065_burst,3,post_attack,28,224,9,324831,3
"імпульсний, налаштований + a_down",overnight_v5/pub_alphadown02_lammax065_burst,3,post_attack,29,225,9,320285,2
"імпульсний, налаштований + a_down",overnight_v5/pub_alphadown02_lammax065_burst,3,post_attack,29,226,9,315749,2
"імпульсний, налаштований + a_down",overnight_v5/pub_alphadown02_lammax065_burst,3,post_attack,29,227,9,311224,2
"імпульсний, налаштований + a_down",overnight_v5/pub_alphadown02_lammax065_burst,3,post_attack,29,228,9,306713,4
"імпульсний, налаштований + a_down",overnight_v5/pub_alphadown02_lammax065_burst,3,post_attack,29,229,9,302217,1
"імпульсний, налаштований + a_down",overnight_v5/pub_alphadown02_lammax065_burst,3,post_attack,29,230,9,297738,3
"імпульсний, налаштований + a_down",overnight_v5/pub_alphadown02_lammax065_burst,3,post_attack,29,231,9,293277,3
"імпульсний, налаштований + a_down",overnight_v5/pub_alphadown02_lammax065_burst,3,post_attack,29,232,9,288835,2
"імпульсний, налаштований + a_down",overnight_v5/pub_alphadown02_lammax065_burst,3,post_attack,30,233,9,284414,4
"імпульсний, налаштований + a_down",overnight_v5/pub_alphadown02_lammax065_burst,3,post_attack,30,234,9,280015,3
"імпульсний, налаштований + a_down",overnight_v5/pub_alphadown02_lammax065_burst,3,post_attack,30,235,9,275640,4
"імпульсний, налаштований + a_down",overnight_v5/pub_alphadown02_lammax065_burst,3,post_attack,30,236,9,271289,3
"імпульсний, налаштований + a_down",overnight_v5/pub_alphadown02_lammax065_burst,3,post_attack,30,237,9,266963,1
"імпульсний, налаштований + a_down",overnight_v5/pub_alphadown02_lammax065_burst,3,post_attack,30,238,9,262664,3
"імпульсний, налаштований + a_down",overnight_v5/pub_alphadown02_lammax065_burst,3,post_attack,30,239,9,258392,3
"імпульсний, налаштований + a_down",overnight_v5/pub_alphadown02_lammax065_burst,3,post_attack,30,240,9,254149,2
"імпульсний, налаштований + a_down",overnight_v5/pub_alphadown02_lammax065_burst,3,post_attack,31,241,9,249935,4
"імпульсний, налаштований + a_down",overnight_v5/pub_alphadown02_lammax065_burst,3,post_attack,31,242,9,245751,2
"імпульсний, налаштований + a_down",overnight_v5/pub_alphadown02_lammax065_burst,3,post_attack,31,243,9,241598,3
"імпульсний, налаштований + a_down",overnight_v5/pub_alphadown02_lammax065_burst,3,post_attack,31,244,9,237476,1
"імпульсний, налаштований + a_down",overnight_v5/pub_alphadown02_lammax065_burst,3,post_attack,31,245,9,233386,4
"імпульсний, налаштований + a_down",overnight_v5/pub_alphadown02_lammax065_burst,3,post_attack,31,246,9,229329,1
"імпульсний, налаштований + a_down",overnight_v5/pub_alphadown02_lammax065_burst,3,post_attack,31,247,9,225305,3
"імпульсний, налаштований + a_down",overnight_v5/pub_alphadown02_lammax065_burst,3,post_attack,31,248,9,221315,2
"імпульсний, налаштований + a_down",overnight_v5/pub_alphadown02_lammax065_burst,3,post_attack,32,249,9,217359,3
"імпульсний, налаштований + a_down",overnight_v5/pub_alphadown02_lammax065_burst,3,post_attack,32,250,9,213438,2
"імпульсний, налаштований + a_down",overnight_v5/pub_alphadown02_lammax065_burst,3,post_attack,32,251,9,209552,3
"імпульсний, налаштований + a_down",overnight_v5/pub_alphadown02_lammax065_burst,3,post_attack,32,252,9,205701,2
"імпульсний, налаштований + a_down",overnight_v5/pub_alphadown02_lammax065_burst,3,post_attack,32,253,9,201886,2
"імпульсний, налаштований + a_down",overnight_v5/pub_alphadown02_lammax065_burst,3,post_attack,32,254,9,198107,3
"імпульсний, налаштований + a_down",overnight_v5/pub_alphadown02_lammax065_burst,3,post_attack,32,255,9,194365,2
"імпульсний, налаштований + a_down",overnight_v5/pub_alphadown02_lammax065_burst,3,post_attack,32,256,9,190659,3
"імпульсний, налаштований + a_down",overnight_v5/pub_alphadown02_lammax065_burst,3,post_attack,33,257,9,186990,2
"імпульсний, налаштований + a_down",overnight_v5/pub_alphadown02_lammax065_burst,3,post_attack,33,258,9,183358,2
"імпульсний, налаштований + a_down",overnight_v5/pub_alphadown02_lammax065_burst,3,post_attack,33,259,9,179763,4
"імпульсний, налаштований + a_down",overnight_v5/pub_alphadown02_lammax065_burst,3,post_attack,33,260,9,176205,3
"імпульсний, налаштований + a_down",overnight_v5/pub_alphadown02_lammax065_burst,3,post_attack,33,261,9,172685,3
"імпульсний, налаштований + a_down",overnight_v5/pub_alphadown02_lammax065_burst,3,post_attack,33,262,9,169231,3
"імпульсний, налаштований + a_down",overnight_v5/pub_alphadown02_lammax065_burst,3,post_attack,33,263,9,165846,3
"імпульсний, налаштований + a_down",overnight_v5/pub_alphadown02_lammax065_burst,3,post_attack,33,264,9,162529,3
"імпульсний, налаштований + a_down",overnight_v5/pub_alphadown02_lammax065_burst,3,post_attack,34,265,9,159278,2
"імпульсний, налаштований + a_down",overnight_v5/pub_alphadown02_lammax065_burst,3,post_attack,34,266,9,156092,3
"імпульсний, налаштований + a_down",overnight_v5/pub_alphadown02_lammax065_burst,3,post_attack,34,267,9,152970,2
"імпульсний, налаштований + a_down",overnight_v5/pub_alphadown02_lammax065_burst,3,post_attack,34,268,9,149911,3
"імпульсний, налаштований + a_down",overnight_v5/pub_alphadown02_lammax065_burst,3,post_attack,34,269,9,146913,4
"імпульсний, налаштований + a_down",overnight_v5/pub_alphadown02_lammax065_burst,3,post_attack,34,270,9,143975,4
"імпульсний, налаштований + a_down",overnight_v5/pub_alphadown02_lammax065_burst,3,post_attack,34,271,9,141095,2
"імпульсний, налаштований + a_down",overnight_v5/pub_alphadown02_lammax065_burst,3,post_attack,34,272,9,138273,2
"імпульсний, налаштований + a_down",overnight_v5/pub_alphadown02_lammax065_burst,3,post_attack,35,273,9,135508,4
"імпульсний, налаштований + a_down",overnight_v5/pub_alphadown02_lammax065_burst,3,post_attack,35,274,9,132798,3
"імпульсний, налаштований + a_down",overnight_v5/pub_alphadown02_lammax065_burst,3,post_attack,35,275,9,130142,4
"імпульсний, налаштований + a_down",overnight_v5/pub_alphadown02_lammax065_burst,3,post_attack,35,276,9,127539,3
"імпульсний, налаштований + a_down",overnight_v5/pub_alphadown02_lammax065_burst,3,post_attack,35,277,9,124988,2
"імпульсний, налаштований + a_down",overnight_v5/pub_alphadown02_lammax065_burst,3,post_attack,35,278,9,122488,4
"імпульсний, налаштований + a_down",overnight_v5/pub_alphadown02_lammax065_burst,3,post_attack,35,279,9,120038,4
"імпульсний, налаштований + a_down",overnight_v5/pub_alphadown02_lammax065_burst,3,post_attack,35,280,9,117637,2
"імпульсний, налаштований + a_down",overnight_v5/pub_alphadown02_lammax065_burst,3,post_attack,36,281,9,115284,4
"імпульсний, налаштований + a_down",overnight_v5/pub_alphadown02_lammax065_burst,3,post_attack,36,282,9,112978,3
"імпульсний, налаштований + a_down",overnight_v5/pub_alphadown02_lammax065_burst,3,post_attack,36,283,9,110718,4
"імпульсний, налаштований + a_down",overnight_v5/pub_alphadown02_lammax065_burst,3,post_attack,36,284,9,108504,2
"імпульсний, налаштований + a_down",overnight_v5/pub_alphadown02_lammax065_burst,3,post_attack,36,285,9,106334,1
"імпульсний, налаштований + a_down",overnight_v5/pub_alphadown02_lammax065_burst,3,post_attack,36,286,9,104207,4
"імпульсний, налаштований + a_down",overnight_v5/pub_alphadown02_lammax065_burst,3,post_attack,36,287,9,102123,2
"імпульсний, налаштований + a_down",overnight_v5/pub_alphadown02_lammax065_burst,3,post_attack,36,288,9,100081,4
"імпульсний, налаштований + a_down",overnight_v5/pub_alphadown02_lammax065_burst,3,post_attack,37,289,9,98079,2
"імпульсний, налаштований + a_down",overnight_v5/pub_alphadown02_lammax065_burst,3,post_attack,37,290,9,96117,2
"імпульсний, налаштований + a_down",overnight_v5/pub_alphadown02_lammax065_burst,3,post_attack,37,291,9,94195,3
"імпульсний, налаштований + a_down",overnight_v5/pub_alphadown02_lammax065_burst,3,post_attack,37,292,9,92311,2
"імпульсний, налаштований + a_down",overnight_v5/pub_alphadown02_lammax065_burst,3,post_attack,37,293,9,90465,3
"імпульсний, налаштований + a_down",overnight_v5/pub_alphadown02_lammax065_burst,3,post_attack,37,294,9,88656,1
"імпульсний, налаштований + a_down",overnight_v5/pub_alphadown02_lammax065_burst,3,post_attack,37,295,9,86883,2
"імпульсний, налаштований + a_down",overnight_v5/pub_alphadown02_lammax065_burst,3,post_attack,37,296,9,85145,1
"імпульсний, налаштований + a_down",overnight_v5/pub_alphadown02_lammax065_burst,3,post_attack,38,297,9,83442,2
"імпульсний, налаштований + a_down",overnight_v5/pub_alphadown02_lammax065_burst,3,post_attack,38,298,9,81773,4
"імпульсний, налаштований + a_down",overnight_v5/pub_alphadown02_lammax065_burst,3,post_attack,38,299,9,80138,4
"імпульсний, налаштований + a_down",overnight_v5/pub_alphadown02_lammax065_burst,3,post_attack,38,300,9,78535,4
"імпульсний, налаштований + a_down",overnight_v5/pub_alphadown02_lammax065_burst,3,post_attack,38,301,9,76964,3
"імпульсний, налаштований + a_down",overnight_v5/pub_alphadown02_lammax065_burst,3,post_attack,38,302,9,75425,3
"імпульсний, налаштований + a_down",overnight_v5/pub_alphadown02_lammax065_burst,3,post_attack,38,303,9,73917,1
"імпульсний, налаштований + a_down",overnight_v5/pub_alphadown02_lammax065_burst,3,post_attack,38,304,9,72439,4
"імпульсний, налаштований + a_down",overnight_v5/pub_alphadown02_lammax065_burst,3,post_attack,39,305,9,70990,3
"імпульсний, налаштований + a_down",overnight_v5/pub_alphadown02_lammax065_burst,3,post_attack,39,306,9,69570,1
"імпульсний, налаштований + a_down",overnight_v5/pub_alphadown02_lammax065_burst,3,post_attack,39,307,9,68179,3
"імпульсний, налаштований + a_down",overnight_v5/pub_alphadown02_lammax065_burst,3,post_attack,39,308,9,66815,3
"імпульсний, налаштований + a_down",overnight_v5/pub_alphadown02_lammax065_burst,3,post_attack,39,309,9,65479,3
"імпульсний, налаштований + a_down",overnight_v5/pub_alphadown02_lammax065_burst,3,post_attack,39,310,9,64169,4
"імпульсний, налаштований + a_down",overnight_v5/pub_alphadown02_lammax065_burst,3,post_attack,39,311,9,62886,3
"імпульсний, налаштований + a_down",overnight_v5/pub_alphadown02_lammax065_burst,3,post_attack,39,312,9,61628,3
"імпульсний, налаштований + a_down",overnight_v5/pub_alphadown02_lammax065_burst,3,post_attack,40,313,9,60395,4
"імпульсний, налаштований + a_down",overnight_v5/pub_alphadown02_lammax065_burst,3,post_attack,40,314,9,59187,4
"імпульсний, налаштований + a_down",overnight_v5/pub_alphadown02_lammax065_burst,3,post_attack,40,315,9,58003,3
"імпульсний, налаштований + a_down",overnight_v5/pub_alphadown02_lammax065_burst,3,post_attack,40,316,9,56843,3
"імпульсний, налаштований + a_down",overnight_v5/pub_alphadown02_lammax065_burst,3,post_attack,40,317,9,55706,1
"імпульсний, налаштований + a_down",overnight_v5/pub_alphadown02_lammax065_burst,3,post_attack,40,318,9,54592,2
"імпульсний, налаштований + a_down",overnight_v5/pub_alphadown02_lammax065_burst,3,post_attack,40,319,9,53500,2
"імпульсний, налаштований + a_down",overnight_v5/pub_alphadown02_lammax065_burst,3,post_attack,40,320,9,52430,2
"імпульсний, налаштований + a_down",overnight_v5/pub_alphadown02_lammax065_burst,3,post_attack,41,321,9,51381,2
"імпульсний, налаштований + a_down",overnight_v5/pub_alphadown02_lammax065_burst,3,post_attack,41,322,9,50353,3
"імпульсний, налаштований + a_down",overnight_v5/pub_alphadown02_lammax065_burst,3,post_attack,41,323,9,49346,3
"імпульсний, налаштований + a_down",overnight_v5/pub_alphadown02_lammax065_burst,3,post_attack,41,324,9,48359,3
"імпульсний, налаштований + a_down",overnight_v5/pub_alphadown02_lammax065_burst,3,post_attack,41,325,9,47392,3
"імпульсний, налаштований + a_down",overnight_v5/pub_alphadown02_lammax065_burst,3,post_attack,41,326,9,46444,2
"імпульсний, налаштований + a_down",overnight_v5/pub_alphadown02_lammax065_burst,3,post_attack,41,327,9,45515,3
"імпульсний, налаштований + a_down",overnight_v5/pub_alphadown02_lammax065_burst,3,post_attack,41,328,9,44605,2
"імпульсний, налаштований + a_down",overnight_v5/pub_alphadown02_lammax065_burst,3,post_attack,42,329,9,43713,1
"імпульсний, налаштований + a_down",overnight_v5/pub_alphadown02_lammax065_burst,3,post_attack,42,330,9,42839,2
"імпульсний, налаштований + a_down",overnight_v5/pub_alphadown02_lammax065_burst,3,post_attack,42,331,9,41982,2
"імпульсний, налаштований + a_down",overnight_v5/pub_alphadown02_lammax065_burst,3,post_attack,42,332,9,41142,4
"імпульсний, налаштований + a_down",overnight_v5/pub_alphadown02_lammax065_burst,3,post_attack,42,333,9,40319,3
"імпульсний, налаштований + a_down",overnight_v5/pub_alphadown02_lammax065_burst,3,post_attack,42,334,9,39513,5
"імпульсний, налаштований + a_down",overnight_v5/pub_alphadown02_lammax065_burst,3,post_attack,42,335,9,38723,5
"імпульсний, налаштований + a_down",overnight_v5/pub_alphadown02_lammax065_burst,3,post_attack,42,336,9,37949,3
"імпульсний, налаштований + a_down",overnight_v5/pub_alphadown02_lammax065_burst,3,post_attack,43,337,9,37190,1
"імпульсний, налаштований + a_down",overnight_v5/pub_alphadown02_lammax065_burst,3,post_attack,43,338,9,36446,2
"імпульсний, налаштований + a_down",overnight_v5/pub_alphadown02_lammax065_burst,3,post_attack,43,339,9,35717,2
"імпульсний, налаштований + a_down",overnight_v5/pub_alphadown02_lammax065_burst,3,post_attack,43,340,9,35003,3
"імпульсний, налаштований + a_down",overnight_v5/pub_alphadown02_lammax065_burst,3,post_attack,43,341,9,34303,1
"імпульсний, налаштований + a_down",overnight_v5/pub_alphadown02_lammax065_burst,3,post_attack,43,342,9,33617,3
"імпульсний, налаштований + a_down",overnight_v5/pub_alphadown02_lammax065_burst,3,post_attack,43,343,9,32945,4
"імпульсний, налаштований + a_down",overnight_v5/pub_alphadown02_lammax065_burst,3,post_attack,43,344,9,32286,3
"імпульсний, налаштований + a_down",overnight_v5/pub_alphadown02_lammax065_burst,3,post_attack,44,345,9,31640,3
"імпульсний, налаштований + a_down",overnight_v5/pub_alphadown02_lammax065_burst,3,post_attack,44,346,9,31007,5
"імпульсний, налаштований + a_down",overnight_v5/pub_alphadown02_lammax065_burst,3,post_attack,44,347,9,30387,2
"імпульсний, налаштований + a_down",overnight_v5/pub_alphadown02_lammax065_burst,3,post_attack,44,348,9,29779,3
"імпульсний, налаштований + a_down",overnight_v5/pub_alphadown02_lammax065_burst,3,post_attack,44,349,9,29183,4
"імпульсний, налаштований + a_down",overnight_v5/pub_alphadown02_lammax065_burst,3,post_attack,44,350,9,28599,3
"імпульсний, налаштований + a_down",overnight_v5/pub_alphadown02_lammax065_burst,3,post_attack,44,351,9,28027,2
"імпульсний, налаштований + a_down",overnight_v5/pub_alphadown02_lammax065_burst,3,post_attack,44,352,9,27466,4
"імпульсний, налаштований + a_down",overnight_v5/pub_alphadown02_lammax065_burst,3,post_attack,45,353,9,26917,4
"імпульсний, налаштований + a_down",overnight_v5/pub_alphadown02_lammax065_burst,3,post_attack,45,354,9,26379,1
"імпульсний, налаштований + a_down",overnight_v5/pub_alphadown02_lammax065_burst,3,post_attack,45,355,9,25851,3
"імпульсний, налаштований + a_down",overnight_v5/pub_alphadown02_lammax065_burst,3,post_attack,45,356,9,25334,3
"імпульсний, налаштований + a_down",overnight_v5/pub_alphadown02_lammax065_burst,3,post_attack,45,357,9,24827,3
"імпульсний, налаштований + a_down",overnight_v5/pub_alphadown02_lammax065_burst,3,post_attack,45,358,9,24330,2
"імпульсний, налаштований + a_down",overnight_v5/pub_alphadown02_lammax065_burst,3,post_attack,45,359,9,23843,1
"імпульсний, налаштований + a_down",overnight_v5/pub_alphadown02_lammax065_burst,3,post_attack,45,360,9,23366,1
"імпульсний, налаштований + a_down",overnight_v5/pub_alphadown02_lammax065_burst,3,post_attack,46,361,9,22899,2
"імпульсний, налаштований + a_down",overnight_v5/pub_alphadown02_lammax065_burst,3,post_attack,46,362,9,22441,3
"імпульсний, налаштований + a_down",overnight_v5/pub_alphadown02_lammax065_burst,3,post_attack,46,363,9,21992,2
"імпульсний, налаштований + a_down",overnight_v5/pub_alphadown02_lammax065_burst,3,post_attack,46,364,9,21552,3
"імпульсний, налаштований + a_down",overnight_v5/pub_alphadown02_lammax065_burst,3,post_attack,46,365,9,21121,3
"імпульсний, налаштований + a_down",overnight_v5/pub_alphadown02_lammax065_burst,3,post_attack,46,366,9,20699,3
"імпульсний, налаштований + a_down",overnight_v5/pub_alphadown02_lammax065_burst,3,post_attack,46,367,9,20285,2
"імпульсний, налаштований + a_down",overnight_v5/pub_alphadown02_lammax065_burst,3,post_attack,46,368,9,19879,2
"імпульсний, налаштований + a_down",overnight_v5/pub_alphadown02_lammax065_burst,3,post_attack,47,369,9,19481,3
"імпульсний, налаштований + a_down",overnight_v5/pub_alphadown02_lammax065_burst,3,post_attack,47,370,9,19091,3
"імпульсний, налаштований + a_down",overnight_v5/pub_alphadown02_lammax065_burst,3,post_attack,47,371,9,18709,2
"імпульсний, налаштований + a_down",overnight_v5/pub_alphadown02_lammax065_burst,3,post_attack,47,372,9,18335,5
"імпульсний, налаштований + a_down",overnight_v5/pub_alphadown02_lammax065_burst,3,post_attack,47,373,9,17968,2
"імпульсний, налаштований + a_down",overnight_v5/pub_alphadown02_lammax065_burst,3,post_attack,47,374,9,17609,1
"імпульсний, налаштований + a_down",overnight_v5/pub_alphadown02_lammax065_burst,3,post_attack,47,375,9,17257,2
"імпульсний, налаштований + a_down",overnight_v5/pub_alphadown02_lammax065_burst,3,post_attack,47,376,9,16912,3
"імпульсний, налаштований + a_down",overnight_v5/pub_alphadown02_lammax065_burst,3,post_attack,48,377,9,16574,3
"імпульсний, налаштований + a_down",overnight_v5/pub_alphadown02_lammax065_burst,3,post_attack,48,378,9,16243,4
"імпульсний, налаштований + a_down",overnight_v5/pub_alphadown02_lammax065_burst,3,post_attack,48,379,9,15918,3
"імпульсний, налаштований + a_down",overnight_v5/pub_alphadown02_lammax065_burst,3,post_attack,48,380,9,15600,3
"імпульсний, налаштований + a_down",overnight_v5/pub_alphadown02_lammax065_burst,3,post_attack,48,381,9,15288,3
"імпульсний, налаштований + a_down",overnight_v5/pub_alphadown02_lammax065_burst,3,post_attack,48,382,9,14982,2
"імпульсний, налаштований + a_down",overnight_v5/pub_alphadown02_lammax065_burst,3,post_attack,48,383,9,14682,4
"імпульсний, налаштований + a_down",overnight_v5/pub_alphadown02_lammax065_burst,3,post_attack,48,384,9,14388,6
"імпульсний, налаштований + a_down",overnight_v5/pub_alphadown02_lammax065_burst,3,post_attack,49,385,9,14100,1
"імпульсний, налаштований + a_down",overnight_v5/pub_alphadown02_lammax065_burst,3,post_attack,49,386,9,13818,3
"імпульсний, налаштований + a_down",overnight_v5/pub_alphadown02_lammax065_burst,3,post_attack,49,387,9,13542,2
"імпульсний, налаштований + a_down",overnight_v5/pub_alphadown02_lammax065_burst,3,post_attack,49,388,9,13271,4
"імпульсний, налаштований + a_down",overnight_v5/pub_alphadown02_lammax065_burst,3,post_attack,49,389,9,13006,3
"імпульсний, налаштований + a_down",overnight_v5/pub_alphadown02_lammax065_burst,3,post_attack,49,390,9,12746,4
"імпульсний, налаштований + a_down",overnight_v5/pub_alphadown02_lammax065_burst,3,post_attack,49,391,9,12491,2
"імпульсний, налаштований + a_down",overnight_v5/pub_alphadown02_lammax065_burst,3,post_attack,49,392,9,12241,3
"імпульсний, налаштований + a_down",overnight_v5/pub_alphadown02_lammax065_burst,3,post_attack,50,393,9,11996,2
"імпульсний, налаштований + a_down",overnight_v5/pub_alphadown02_lammax065_burst,3,post_attack,50,394,9,11756,4
"імпульсний, налаштований + a_down",overnight_v5/pub_alphadown02_lammax065_burst,3,post_attack,50,395,9,11521,2
"імпульсний, налаштований + a_down",overnight_v5/pub_alphadown02_lammax065_burst,3,post_attack,50,396,9,11291,3
"імпульсний, налаштований + a_down",overnight_v5/pub_alphadown02_lammax065_burst,3,post_attack,50,397,9,11065,4
"імпульсний, налаштований + a_down",overnight_v5/pub_alphadown02_lammax065_burst,3,post_attack,50,398,9,10844,2
"імпульсний, налаштований + a_down",overnight_v5/pub_alphadown02_lammax065_burst,3,post_attack,50,399,9,10627,2
"імпульсний, налаштований + a_down",overnight_v5/pub_alphadown02_lammax065_burst,3,post_attack,50,400,9,10414,4
"повільний, типовий",overnight_v5/pub_default_trickle,1,post_attack,21,161,9,276508,1
"повільний, типовий",overnight_v5/pub_default_trickle,1,post_attack,21,162,9,329431,0
"повільний, типовий",overnight_v5/pub_default_trickle,1,post_attack,21,163,9,333361,1
"повільний, типовий",overnight_v5/pub_default_trickle,1,post_attack,21,164,9,332849,1
"повільний, типовий",overnight_v5/pub_default_trickle,1,post_attack,21,165,9,331803,0
"повільний, типовий",overnight_v5/pub_default_trickle,1,post_attack,21,166,9,330269,1
"повільний, типовий",overnight_v5/pub_default_trickle,1,post_attack,21,167,9,328291,1
"повільний, типовий",overnight_v5/pub_default_trickle,1,post_attack,21,168,9,325908,1
"повільний, типовий",overnight_v5/pub_default_trickle,1,post_attack,22,169,9,356775,2
"повільний, типовий",overnight_v5/pub_default_trickle,1,post_attack,22,170,9,356673,1
"повільний, типовий",overnight_v5/pub_default_trickle,1,post_attack,22,171,9,355968,1
"повільний, типовий",overnight_v5/pub_default_trickle,1,post_attack,22,172,9,354711,2
"повільний, типовий",overnight_v5/pub_default_trickle,1,post_attack,22,173,9,352950,1
"повільний, типовий",overnight_v5/pub_default_trickle,1,post_attack,22,174,9,350730,1
"повільний, типовий",overnight_v5/pub_default_trickle,1,post_attack,22,175,9,348092,0
"повільний, типовий",overnight_v5/pub_default_trickle,1,post_attack,22,176,9,345074,2
"повільний, типовий",overnight_v5/pub_default_trickle,1,post_attack,23,177,9,343386,1
"повільний, типовий",overnight_v5/pub_default_trickle,1,post_attack,23,178,9,341247,2
"повільний, типовий",overnight_v5/pub_default_trickle,1,post_attack,23,179,9,338697,3
"повільний, типовий",overnight_v5/pub_default_trickle,1,post_attack,23,180,9,335774,1
"повільний, типовий",overnight_v5/pub_default_trickle,1,post_attack,23,181,9,332514,1
"повільний, типовий",overnight_v5/pub_default_trickle,1,post_attack,23,182,9,328950,2
"повільний, типовий",overnight_v5/pub_default_trickle,1,post_attack,23,183,9,325108,3
"повільний, типовий",overnight_v5/pub_default_trickle,1,post_attack,23,184,9,321021,2
"повільний, типовий",overnight_v5/pub_default_trickle,1,post_attack,24,185,9,317433,2
"повільний, типовий",overnight_v5/pub_default_trickle,1,post_attack,24,186,9,313590,2
"повільний, типовий",overnight_v5/pub_default_trickle,1,post_attack,24,187,9,309519,2
"повільний, типовий",overnight_v5/pub_default_trickle,1,post_attack,24,188,9,305245,2
"повільний, типовий",overnight_v5/pub_default_trickle,1,post_attack,24,189,9,300791,3
"повільний, типовий",overnight_v5/pub_default_trickle,1,post_attack,24,190,9,296179,2
"повільний, типовий",overnight_v5/pub_default_trickle,1,post_attack,24,191,9,291429,3
"повільний, типовий",overnight_v5/pub_default_trickle,1,post_attack,24,192,9,286559,1
"повільний, типовий",overnight_v5/pub_default_trickle,1,post_attack,25,193,9,282206,4
"повільний, типовий",overnight_v5/pub_default_trickle,1,post_attack,25,194,9,277714,3
"повільний, типовий",overnight_v5/pub_default_trickle,1,post_attack,25,195,9,273101,2
"повільний, типовий",overnight_v5/pub_default_trickle,1,post_attack,25,196,9,268384,4
"повільний, типовий",overnight_v5/pub_default_trickle,1,post_attack,25,197,9,263579,2
"повільний, типовий",overnight_v5/pub_default_trickle,1,post_attack,25,198,9,258700,3
"повільний, типовий",overnight_v5/pub_default_trickle,1,post_attack,25,199,9,253761,2
"повільний, типовий",overnight_v5/pub_default_trickle,1,post_attack,25,200,9,248773,3
"повільний, типовий",overnight_v5/pub_default_trickle,1,post_attack,26,201,9,244434,4
"повільний, типовий",overnight_v5/pub_default_trickle,1,post_attack,26,202,9,240011,3
"повільний, типовий",overnight_v5/pub_default_trickle,1,post_attack,26,203,9,235517,2
"повільний, типовий",overnight_v5/pub_default_trickle,1,post_attack,26,204,9,230965,2
"повільний, типовий",overnight_v5/pub_default_trickle,1,post_attack,26,205,9,226366,0
"повільний, типовий",overnight_v5/pub_default_trickle,1,post_attack,26,206,9,221731,3
"повільний, типовий",overnight_v5/pub_default_trickle,1,post_attack,26,207,9,217070,2
"повільний, типовий",overnight_v5/pub_default_trickle,1,post_attack,26,208,9,212392,3
"повільний, типовий",overnight_v5/pub_default_trickle,1,post_attack,27,209,9,207706,2
"повільний, типовий",overnight_v5/pub_default_trickle,1,post_attack,27,210,9,203019,4
"повільний, типовий",overnight_v5/pub_default_trickle,1,post_attack,27,211,9,198338,4
"повільний, типовий",overnight_v5/pub_default_trickle,1,post_attack,27,212,9,193669,2
"повільний, типовий",overnight_v5/pub_default_trickle,1,post_attack,27,213,9,189018,3
"повільний, типовий",overnight_v5/pub_default_trickle,1,post_attack,27,214,9,184388,2
"повільний, типовий",overnight_v5/pub_default_trickle,1,post_attack,27,215,9,179787,3
"повільний, типовий",overnight_v5/pub_default_trickle,1,post_attack,27,216,9,175219,4
"повільний, типовий",overnight_v5/pub_default_trickle,1,post_attack,28,217,9,170688,1
"повільний, типовий",overnight_v5/pub_default_trickle,1,post_attack,28,218,9,166198,1
"повільний, типовий",overnight_v5/pub_default_trickle,1,post_attack,28,219,9,161752,4
"повільний, типовий",overnight_v5/pub_default_trickle,1,post_attack,28,220,9,157353,3
"повільний, типовий",overnight_v5/pub_default_trickle,1,post_attack,28,221,9,153004,3
"повільний, типовий",overnight_v5/pub_default_trickle,1,post_attack,28,222,9,148707,5
"повільний, типовий",overnight_v5/pub_default_trickle,1,post_attack,28,223,9,144464,4
"повільний, типовий",overnight_v5/pub_default_trickle,1,post_attack,28,224,9,140276,2
"повільний, типовий",overnight_v5/pub_default_trickle,1,post_attack,29,225,9,136146,4
"повільний, типовий",overnight_v5/pub_default_trickle,1,post_attack,29,226,9,132074,0
"повільний, типовий",overnight_v5/pub_default_trickle,1,post_attack,29,227,9,128062,5
"повільний, типовий",overnight_v5/pub_default_trickle,1,post_attack,29,228,9,124111,4
"повільний, типовий",overnight_v5/pub_default_trickle,1,post_attack,29,229,9,120222,3
"повільний, типовий",overnight_v5/pub_default_trickle,1,post_attack,29,230,9,116395,2
"повільний, типовий",overnight_v5/pub_default_trickle,1,post_attack,29,231,9,112630,3
"повільний, типовий",overnight_v5/pub_default_trickle,1,post_attack,29,232,9,108929,3
"повільний, типовий",overnight_v5/pub_default_trickle,1,post_attack,30,233,9,105291,3
"повільний, типовий",overnight_v5/pub_default_trickle,1,post_attack,30,234,9,101716,4
"повільний, типовий",overnight_v5/pub_default_trickle,1,post_attack,30,235,9,98205,3
"повільний, типовий",overnight_v5/pub_default_trickle,1,post_attack,30,236,9,94757,4
"повільний, типовий",overnight_v5/pub_default_trickle,1,post_attack,30,237,9,91372,3
"повільний, типовий",overnight_v5/pub_default_trickle,1,post_attack,30,238,9,88050,0
"повільний, типовий",overnight_v5/pub_default_trickle,1,post_attack,30,239,9,84791,4
"повільний, типовий",overnight_v5/pub_default_trickle,1,post_attack,30,240,9,81594,5
"повільний, типовий",overnight_v5/pub_default_trickle,1,post_attack,31,241,9,78459,3
"повільний, типовий",overnight_v5/pub_default_trickle,1,post_attack,31,242,9,75385,3
"повільний, типовий",overnight_v5/pub_default_trickle,1,post_attack,31,243,9,72372,3
"повільний, типовий",overnight_v5/pub_default_trickle,1,post_attack,31,244,9,69419,4
"повільний, типовий",overnight_v5/pub_default_trickle,1,post_attack,31,245,9,66526,3
"повільний, типовий",overnight_v5/pub_default_trickle,1,post_attack,31,246,9,63692,3
"повільний, типовий",overnight_v5/pub_default_trickle,1,post_attack,31,247,9,60916,3
"повільний, типовий",overnight_v5/pub_default_trickle,1,post_attack,31,248,9,58197,2
"повільний, типовий",overnight_v5/pub_default_trickle,1,post_attack,32,249,9,55535,2
"повільний, типовий",overnight_v5/pub_default_trickle,1,post_attack,32,250,9,52929,5
"повільний, типовий",overnight_v5/pub_default_trickle,1,post_attack,32,251,9,50378,4
"повільний, типовий",overnight_v5/pub_default_trickle,1,post_attack,32,252,9,47881,3
"повільний, типовий",overnight_v5/pub_default_trickle,1,post_attack,32,253,9,45438,1
"повільний, типовий",overnight_v5/pub_default_trickle,1,post_attack,32,254,9,43047,2
"повільний, типовий",overnight_v5/pub_default_trickle,1,post_attack,32,255,9,40708,4
"повільний, типовий",overnight_v5/pub_default_trickle,1,post_attack,32,256,9,38420,1
"повільний, типовий",overnight_v5/pub_default_trickle,1,post_attack,33,257,9,36182,4
"повільний, типовий",overnight_v5/pub_default_trickle,1,post_attack,33,258,9,34011,3
"повільний, типовий",overnight_v5/pub_default_trickle,1,post_attack,33,259,9,31970,4
"повільний, типовий",overnight_v5/pub_default_trickle,1,post_attack,33,260,9,30052,4
"повільний, типовий",overnight_v5/pub_default_trickle,1,post_attack,33,261,9,28249,2
"повільний, типовий",overnight_v5/pub_default_trickle,1,post_attack,33,262,9,26554,2
"повільний, типовий",overnight_v5/pub_default_trickle,1,post_attack,33,263,9,24961,2
"повільний, типовий",overnight_v5/pub_default_trickle,1,post_attack,33,264,9,23463,3
"повільний, типовий",overnight_v5/pub_default_trickle,1,post_attack,34,265,9,22055,3
"повільний, типовий",overnight_v5/pub_default_trickle,1,post_attack,34,266,9,20732,3
"повільний, типовий",overnight_v5/pub_default_trickle,1,post_attack,34,267,9,19488,2
"повільний, типовий",overnight_v5/pub_default_trickle,1,post_attack,34,268,9,18319,1
"повільний, типовий",overnight_v5/pub_default_trickle,1,post_attack,34,269,9,17220,4
"повільний, типовий",overnight_v5/pub_default_trickle,1,post_attack,34,270,9,16187,4
"повільний, типовий",overnight_v5/pub_default_trickle,1,post_attack,34,271,9,15216,2
"повільний, типовий",overnight_v5/pub_default_trickle,1,post_attack,34,272,9,14303,3
"повільний, типовий",overnight_v5/pub_default_trickle,1,post_attack,35,273,9,13445,2
"повільний, типовий",overnight_v5/pub_default_trickle,1,post_attack,35,274,9,12638,2
"повільний, типовий",overnight_v5/pub_default_trickle,1,post_attack,35,275,9,11880,3
"повільний, типовий",overnight_v5/pub_default_trickle,1,post_attack,35,276,9,11167,2
"повільний, типовий",overnight_v5/pub_default_trickle,1,post_attack,35,277,9,10497,4
"повільний, типовий",overnight_v5/pub_default_trickle,1,post_attack,35,278,9,9867,5
"повільний, типовий",overnight_v5/pub_default_trickle,1,post_attack,35,279,9,9275,5
"повільний, типовий",overnight_v5/pub_default_trickle,1,post_attack,35,280,9,8719,5
"повільний, типовий",overnight_v5/pub_default_trickle,1,post_attack,36,281,9,8196,3
"повільний, типовий",overnight_v5/pub_default_trickle,1,post_attack,36,282,9,7704,3
"повільний, типовий",overnight_v5/pub_default_trickle,1,post_attack,36,283,9,7242,1
"повільний, типовий",overnight_v5/pub_default_trickle,1,post_attack,36,284,9,6807,1
"повільний, типовий",overnight_v5/pub_default_trickle,1,post_attack,36,285,9,6399,3
"повільний, типовий",overnight_v5/pub_default_trickle,1,post_attack,36,286,9,6015,3
"повільний, типовий",overnight_v5/pub_default_trickle,1,post_attack,36,287,9,5654,3
"повільний, типовий",overnight_v5/pub_default_trickle,1,post_attack,36,288,9,5315,2
"повільний, типовий",overnight_v5/pub_default_trickle,1,post_attack,37,289,9,4996,4
"повільний, типовий",overnight_v5/pub_default_trickle,1,post_attack,37,290,9,4696,3
"повільний, типовий",overnight_v5/pub_default_trickle,1,post_attack,37,291,9,4414,2
"повільний, типовий",overnight_v5/pub_default_trickle,1,post_attack,37,292,9,4149,4
"повільний, типовий",overnight_v5/pub_default_trickle,1,post_attack,37,293,9,3900,4
"повільний, типовий",overnight_v5/pub_default_trickle,1,post_attack,37,294,9,3666,2
"повільний, типовий",overnight_v5/pub_default_trickle,1,post_attack,37,295,9,3446,3
"повільний, типовий",overnight_v5/pub_default_trickle,1,post_attack,37,296,9,3239,2
"повільний, типовий",overnight_v5/pub_default_trickle,1,post_attack,38,297,9,3045,1
"повільний, типовий",overnight_v5/pub_default_trickle,1,post_attack,38,298,9,2862,2
"повільний, типовий",overnight_v5/pub_default_trickle,1,post_attack,38,299,9,2690,4
"повільний, типовий",overnight_v5/pub_default_trickle,1,post_attack,38,300,9,2529,3
"повільний, типовий",overnight_v5/pub_default_trickle,1,post_attack,38,301,9,2377,2
"повільний, типовий",overnight_v5/pub_default_trickle,1,post_attack,38,302,9,2234,2
"повільний, типовий",overnight_v5/pub_default_trickle,1,post_attack,38,303,9,2100,4
"повільний, типовий",overnight_v5/pub_default_trickle,1,post_attack,38,304,9,1974,3
"повільний, типовий",overnight_v5/pub_default_trickle,1,post_attack,39,305,9,1856,3
"повільний, типовий",overnight_v5/pub_default_trickle,1,post_attack,39,306,9,1745,3
"повільний, типовий",overnight_v5/pub_default_trickle,1,post_attack,39,307,9,1640,3
"повільний, типовий",overnight_v5/pub_default_trickle,1,post_attack,39,308,9,1542,3
"повільний, типовий",overnight_v5/pub_default_trickle,1,post_attack,39,309,9,1449,3
"повільний, типовий",overnight_v5/pub_default_trickle,1,post_attack,39,310,9,1362,4
"повільний, типовий",overnight_v5/pub_default_trickle,1,post_attack,39,311,9,1280,4
"повільний, типовий",overnight_v5/pub_default_trickle,1,post_attack,39,312,9,1203,4
"повільний, типовий",overnight_v5/pub_default_trickle,1,post_attack,40,313,9,1131,2
"повільний, типовий",overnight_v5/pub_default_trickle,1,post_attack,40,314,9,1063,1
"повільний, типовий",overnight_v5/pub_default_trickle,1,post_attack,40,315,9,999,6
"повільний, типовий",overnight_v5/pub_default_trickle,1,post_attack,40,316,9,0,2
"повільний, типовий",overnight_v5/pub_default_trickle,1,post_attack,40,317,9,0,2
"повільний, типовий",overnight_v5/pub_default_trickle,1,post_attack,40,318,9,0,3
"повільний, типовий",overnight_v5/pub_default_trickle,1,post_attack,40,319,9,0,3
"повільний, типовий",overnight_v5/pub_default_trickle,1,post_attack,40,320,9,0,4
"повільний, типовий",overnight_v5/pub_default_trickle,1,post_attack,41,321,9,0,4
"повільний, типовий",overnight_v5/pub_default_trickle,1,post_attack,41,322,9,0,4
"повільний, типовий",overnight_v5/pub_default_trickle,1,post_attack,41,323,9,0,3
"повільний, типовий",overnight_v5/pub_default_trickle,1,post_attack,41,324,9,0,3
"повільний, типовий",overnight_v5/pub_default_trickle,1,post_attack,41,325,9,0,3
"повільний, типовий",overnight_v5/pub_default_trickle,1,post_attack,41,326,9,0,0
"повільний, типовий",overnight_v5/pub_default_trickle,1,post_attack,41,327,9,0,0
"повільний, типовий",overnight_v5/pub_default_trickle,1,post_attack,41,328,9,0,3
"повільний, типовий",overnight_v5/pub_default_trickle,1,post_attack,42,329,9,0,2
"повільний, типовий",overnight_v5/pub_default_trickle,1,post_attack,42,330,9,0,3
"повільний, типовий",overnight_v5/pub_default_trickle,1,post_attack,42,331,9,0,3
"повільний, типовий",overnight_v5/pub_default_trickle,1,post_attack,42,332,9,0,5
"повільний, типовий",overnight_v5/pub_default_trickle,1,post_attack,42,333,9,0,2
"повільний, типовий",overnight_v5/pub_default_trickle,1,post_attack,42,334,9,0,4
"повільний, типовий",overnight_v5/pub_default_trickle,1,post_attack,42,335,9,0,1
"повільний, типовий",overnight_v5/pub_default_trickle,1,post_attack,42,336,9,0,3
"повільний, типовий",overnight_v5/pub_default_trickle,1,post_attack,43,337,9,0,4
"повільний, типовий",overnight_v5/pub_default_trickle,1,post_attack,43,338,9,0,2
"повільний, типовий",overnight_v5/pub_default_trickle,1,post_attack,43,339,9,0,2
"повільний, типовий",overnight_v5/pub_default_trickle,1,post_attack,43,340,9,0,3
"повільний, типовий",overnight_v5/pub_default_trickle,1,post_attack,43,341,9,0,3
"повільний, типовий",overnight_v5/pub_default_trickle,1,post_attack,43,342,9,0,4
"повільний, типовий",overnight_v5/pub_default_trickle,1,post_attack,43,343,9,0,2
"повільний, типовий",overnight_v5/pub_default_trickle,1,post_attack,43,344,9,0,3
"повільний, типовий",overnight_v5/pub_default_trickle,1,post_attack,44,345,9,0,4
"повільний, типовий",overnight_v5/pub_default_trickle,1,post_attack,44,346,9,0,4
"повільний, типовий",overnight_v5/pub_default_trickle,1,post_attack,44,347,9,0,2
"повільний, типовий",overnight_v5/pub_default_trickle,1,post_attack,44,348,9,0,3
"повільний, типовий",overnight_v5/pub_default_trickle,1,post_attack,44,349,9,0,2
"повільний, типовий",overnight_v5/pub_default_trickle,1,post_attack,44,350,9,0,4
"повільний, типовий",overnight_v5/pub_default_trickle,1,post_attack,44,351,9,0,2
"повільний, типовий",overnight_v5/pub_default_trickle,1,post_attack,44,352,9,0,3
"повільний, типовий",overnight_v5/pub_default_trickle,1,post_attack,45,353,9,0,3
"повільний, типовий",overnight_v5/pub_default_trickle,1,post_attack,45,354,9,0,1
"повільний, типовий",overnight_v5/pub_default_trickle,1,post_attack,45,355,9,0,2
"повільний, типовий",overnight_v5/pub_default_trickle,1,post_attack,45,356,9,0,4
"повільний, типовий",overnight_v5/pub_default_trickle,1,post_attack,45,357,9,0,3
"повільний, типовий",overnight_v5/pub_default_trickle,1,post_attack,45,358,9,0,3
"повільний, типовий",overnight_v5/pub_default_trickle,1,post_attack,45,359,9,0,3
"повільний, типовий",overnight_v5/pub_default_trickle,1,post_attack,45,360,9,0,5
"повільний, типовий",overnight_v5/pub_default_trickle,1,post_attack,46,361,9,0,3
"повільний, типовий",overnight_v5/pub_default_trickle,1,post_attack,46,362,9,0,3
"повільний, типовий",overnight_v5/pub_default_trickle,1,post_attack,46,363,9,0,3
"повільний, типовий",overnight_v5/pub_default_trickle,1,post_attack,46,364,9,0,2
"повільний, типовий",overnight_v5/pub_default_trickle,1,post_attack,46,365,9,0,2
"повільний, типовий",overnight_v5/pub_default_trickle,1,post_attack,46,366,9,0,3
"повільний, типовий",overnight_v5/pub_default_trickle,1,post_attack,46,367,9,0,3
"повільний, типовий",overnight_v5/pub_default_trickle,1,post_attack,46,368,9,0,4
"повільний, типовий",overnight_v5/pub_default_trickle,1,post_attack,47,369,9,0,3
"повільний, типовий",overnight_v5/pub_default_trickle,1,post_attack,47,370,9,0,4
"повільний, типовий",overnight_v5/pub_default_trickle,1,post_attack,47,371,9,0,2
"повільний, типовий",overnight_v5/pub_default_trickle,1,post_attack,47,372,9,0,3
"повільний, типовий",overnight_v5/pub_default_trickle,1,post_attack,47,373,9,0,3
"повільний, типовий",overnight_v5/pub_default_trickle,1,post_attack,47,374,9,0,2
"повільний, типовий",overnight_v5/pub_default_trickle,1,post_attack,47,375,9,0,3
"повільний, типовий",overnight_v5/pub_default_trickle,1,post_attack,47,376,9,0,3
"повільний, типовий",overnight_v5/pub_default_trickle,1,post_attack,48,377,9,0,3
"повільний, типовий",overnight_v5/pub_default_trickle,1,post_attack,48,378,9,0,4
"повільний, типовий",overnight_v5/pub_default_trickle,1,post_attack,48,379,9,0,4
"повільний, типовий",overnight_v5/pub_default_trickle,1,post_attack,48,380,9,0,3
"повільний, типовий",overnight_v5/pub_default_trickle,1,post_attack,48,381,9,0,4
"повільний, типовий",overnight_v5/pub_default_trickle,1,post_attack,48,382,9,0,2
"повільний, типовий",overnight_v5/pub_default_trickle,1,post_attack,48,383,9,0,4
"повільний, типовий",overnight_v5/pub_default_trickle,1,post_attack,48,384,9,0,2
"повільний, типовий",overnight_v5/pub_default_trickle,1,post_attack,49,385,9,0,5
"повільний, типовий",overnight_v5/pub_default_trickle,1,post_attack,49,386,9,0,4
"повільний, типовий",overnight_v5/pub_default_trickle,1,post_attack,49,387,9,0,4
"повільний, типовий",overnight_v5/pub_default_trickle,1,post_attack,49,388,9,0,4
"повільний, типовий",overnight_v5/pub_default_trickle,1,post_attack,49,389,9,0,3
"повільний, типовий",overnight_v5/pub_default_trickle,1,post_attack,49,390,9,0,3
"повільний, типовий",overnight_v5/pub_default_trickle,1,post_attack,49,391,9,0,1
"повільний, типовий",overnight_v5/pub_default_trickle,1,post_attack,49,392,9,0,4
"повільний, типовий",overnight_v5/pub_default_trickle,1,post_attack,50,393,9,0,4
"повільний, типовий",overnight_v5/pub_default_trickle,1,post_attack,50,394,9,0,4
"повільний, типовий",overnight_v5/pub_default_trickle,1,post_attack,50,395,9,0,4
"повільний, типовий",overnight_v5/pub_default_trickle,1,post_attack,50,396,9,0,3
"повільний, типовий",overnight_v5/pub_default_trickle,1,post_attack,50,397,9,0,6
"повільний, типовий",overnight_v5/pub_default_trickle,1,post_attack,50,398,9,0,1
"повільний, типовий",overnight_v5/pub_default_trickle,1,post_attack,50,399,9,0,2
"повільний, типовий",overnight_v5/pub_default_trickle,1,post_attack,50,400,9,0,4
"повільний, типовий",overnight_v5/pub_default_trickle,2,post_attack,21,161,9,276508,0
"повільний, типовий",overnight_v5/pub_default_trickle,2,post_attack,21,162,9,329431,1
"повільний, типовий",overnight_v5/pub_default_trickle,2,post_attack,21,163,9,333361,1
"повільний, типовий",overnight_v5/pub_default_trickle,2,post_attack,21,164,9,332849,1
"повільний, типовий",overnight_v5/pub_default_trickle,2,post_attack,21,165,9,331803,0
"повільний, типовий",overnight_v5/pub_default_trickle,2,post_attack,21,166,9,330269,1
"повільний, типовий",overnight_v5/pub_default_trickle,2,post_attack,21,167,9,328291,1
"повільний, типовий",overnight_v5/pub_default_trickle,2,post_attack,21,168,9,325908,1
"повільний, типовий",overnight_v5/pub_default_trickle,2,post_attack,22,169,9,356775,1
"повільний, типовий",overnight_v5/pub_default_trickle,2,post_attack,22,170,9,356673,1
"повільний, типовий",overnight_v5/pub_default_trickle,2,post_attack,22,171,9,355968,2
"повільний, типовий",overnight_v5/pub_default_trickle,2,post_attack,22,172,9,354711,1
"повільний, типовий",overnight_v5/pub_default_trickle,2,post_attack,22,173,9,352950,2
"повільний, типовий",overnight_v5/pub_default_trickle,2,post_attack,22,174,9,350730,1
"повільний, типовий",overnight_v5/pub_default_trickle,2,post_attack,22,175,9,348092,1
"повільний, типовий",overnight_v5/pub_default_trickle,2,post_attack,22,176,9,345074,1
"повільний, типовий",overnight_v5/pub_default_trickle,2,post_attack,23,177,9,343386,1
"повільний, типовий",overnight_v5/pub_default_trickle,2,post_attack,23,178,9,341247,1
"повільний, типовий",overnight_v5/pub_default_trickle,2,post_attack,23,179,9,338697,0
"повільний, типовий",overnight_v5/pub_default_trickle,2,post_attack,23,180,9,335774,1
"повільний, типовий",overnight_v5/pub_default_trickle,2,post_attack,23,181,9,332514,3
"повільний, типовий",overnight_v5/pub_default_trickle,2,post_attack,23,182,9,328950,3
"повільний, типовий",overnight_v5/pub_default_trickle,2,post_attack,23,183,9,325108,2
"повільний, типовий",overnight_v5/pub_default_trickle,2,post_attack,23,184,9,321021,3
"повільний, типовий",overnight_v5/pub_default_trickle,2,post_attack,24,185,9,317433,2
"повільний, типовий",overnight_v5/pub_default_trickle,2,post_attack,24,186,9,313590,3
"повільний, типовий",overnight_v5/pub_default_trickle,2,post_attack,24,187,9,309519,1
"повільний, типовий",overnight_v5/pub_default_trickle,2,post_attack,24,188,9,305245,4
"повільний, типовий",overnight_v5/pub_default_trickle,2,post_attack,24,189,9,300791,2
"повільний, типовий",overnight_v5/pub_default_trickle,2,post_attack,24,190,9,296179,0
"повільний, типовий",overnight_v5/pub_default_trickle,2,post_attack,24,191,9,291429,2
"повільний, типовий",overnight_v5/pub_default_trickle,2,post_attack,24,192,9,286559,2
"повільний, типовий",overnight_v5/pub_default_trickle,2,post_attack,25,193,9,282206,2
"повільний, типовий",overnight_v5/pub_default_trickle,2,post_attack,25,194,9,277714,3
"повільний, типовий",overnight_v5/pub_default_trickle,2,post_attack,25,195,9,273101,3
"повільний, типовий",overnight_v5/pub_default_trickle,2,post_attack,25,196,9,268384,2
"повільний, типовий",overnight_v5/pub_default_trickle,2,post_attack,25,197,9,263579,3
"повільний, типовий",overnight_v5/pub_default_trickle,2,post_attack,25,198,9,258700,4
"повільний, типовий",overnight_v5/pub_default_trickle,2,post_attack,25,199,9,253761,2
"повільний, типовий",overnight_v5/pub_default_trickle,2,post_attack,25,200,9,248773,3
"повільний, типовий",overnight_v5/pub_default_trickle,2,post_attack,26,201,9,244434,3
"повільний, типовий",overnight_v5/pub_default_trickle,2,post_attack,26,202,9,240011,1
"повільний, типовий",overnight_v5/pub_default_trickle,2,post_attack,26,203,9,235517,2
"повільний, типовий",overnight_v5/pub_default_trickle,2,post_attack,26,204,9,230965,4
"повільний, типовий",overnight_v5/pub_default_trickle,2,post_attack,26,205,9,226366,3
"повільний, типовий",overnight_v5/pub_default_trickle,2,post_attack,26,206,9,221731,4
"повільний, типовий",overnight_v5/pub_default_trickle,2,post_attack,26,207,9,217070,5
"повільний, типовий",overnight_v5/pub_default_trickle,2,post_attack,26,208,9,212392,3
"повільний, типовий",overnight_v5/pub_default_trickle,2,post_attack,27,209,9,207706,3
"повільний, типовий",overnight_v5/pub_default_trickle,2,post_attack,27,210,9,203019,2
"повільний, типовий",overnight_v5/pub_default_trickle,2,post_attack,27,211,9,198338,5
"повільний, типовий",overnight_v5/pub_default_trickle,2,post_attack,27,212,9,193669,2
"повільний, типовий",overnight_v5/pub_default_trickle,2,post_attack,27,213,9,189018,2
"повільний, типовий",overnight_v5/pub_default_trickle,2,post_attack,27,214,9,184388,2
"повільний, типовий",overnight_v5/pub_default_trickle,2,post_attack,27,215,9,179787,3
"повільний, типовий",overnight_v5/pub_default_trickle,2,post_attack,27,216,9,175219,2
"повільний, типовий",overnight_v5/pub_default_trickle,2,post_attack,28,217,9,170688,1
"повільний, типовий",overnight_v5/pub_default_trickle,2,post_attack,28,218,9,166198,3
"повільний, типовий",overnight_v5/pub_default_trickle,2,post_attack,28,219,9,161752,3
"повільний, типовий",overnight_v5/pub_default_trickle,2,post_attack,28,220,9,157353,2
"повільний, типовий",overnight_v5/pub_default_trickle,2,post_attack,28,221,9,153004,2
"повільний, типовий",overnight_v5/pub_default_trickle,2,post_attack,28,222,9,148707,3
"повільний, типовий",overnight_v5/pub_default_trickle,2,post_attack,28,223,9,144464,1
"повільний, типовий",overnight_v5/pub_default_trickle,2,post_attack,28,224,9,140276,3
"повільний, типовий",overnight_v5/pub_default_trickle,2,post_attack,29,225,9,136146,3
"повільний, типовий",overnight_v5/pub_default_trickle,2,post_attack,29,226,9,132074,2
"повільний, типовий",overnight_v5/pub_default_trickle,2,post_attack,29,227,9,128062,4
"повільний, типовий",overnight_v5/pub_default_trickle,2,post_attack,29,228,9,124111,4
"повільний, типовий",overnight_v5/pub_default_trickle,2,post_attack,29,229,9,120222,5
"повільний, типовий",overnight_v5/pub_default_trickle,2,post_attack,29,230,9,116395,4
"повільний, типовий",overnight_v5/pub_default_trickle,2,post_attack,29,231,9,112630,2
"повільний, типовий",overnight_v5/pub_default_trickle,2,post_attack,29,232,9,108929,3
"повільний, типовий",overnight_v5/pub_default_trickle,2,post_attack,30,233,9,105291,3
"повільний, типовий",overnight_v5/pub_default_trickle,2,post_attack,30,234,9,101716,2
"повільний, типовий",overnight_v5/pub_default_trickle,2,post_attack,30,235,9,98205,3
"повільний, типовий",overnight_v5/pub_default_trickle,2,post_attack,30,236,9,94757,3
"повільний, типовий",overnight_v5/pub_default_trickle,2,post_attack,30,237,9,91372,3
"повільний, типовий",overnight_v5/pub_default_trickle,2,post_attack,30,238,9,88050,3
"повільний, типовий",overnight_v5/pub_default_trickle,2,post_attack,30,239,9,84791,3
"повільний, типовий",overnight_v5/pub_default_trickle,2,post_attack,30,240,9,81594,5
"повільний, типовий",overnight_v5/pub_default_trickle,2,post_attack,31,241,9,78459,3
"повільний, типовий",overnight_v5/pub_default_trickle,2,post_attack,31,242,9,75385,2
"повільний, типовий",overnight_v5/pub_default_trickle,2,post_attack,31,243,9,72372,4
"повільний, типовий",overnight_v5/pub_default_trickle,2,post_attack,31,244,9,69419,4
"повільний, типовий",overnight_v5/pub_default_trickle,2,post_attack,31,245,9,66526,2
"повільний, типовий",overnight_v5/pub_default_trickle,2,post_attack,31,246,9,63692,4
"повільний, типовий",overnight_v5/pub_default_trickle,2,post_attack,31,247,9,60916,3
"повільний, типовий",overnight_v5/pub_default_trickle,2,post_attack,31,248,9,58197,2
"повільний, типовий",overnight_v5/pub_default_trickle,2,post_attack,32,249,9,55535,3
"повільний, типовий",overnight_v5/pub_default_trickle,2,post_attack,32,250,9,52929,3
"повільний, типовий",overnight_v5/pub_default_trickle,2,post_attack,32,251,9,50378,1
"повільний, типовий",overnight_v5/pub_default_trickle,2,post_attack,32,252,9,47881,4
"повільний, типовий",overnight_v5/pub_default_trickle,2,post_attack,32,253,9,45438,3
"повільний, типовий",overnight_v5/pub_default_trickle,2,post_attack,32,254,9,43047,3
"повільний, типовий",overnight_v5/pub_default_trickle,2,post_attack,32,255,9,40708,4
"повільний, типовий",overnight_v5/pub_default_trickle,2,post_attack,32,256,9,38420,3
"повільний, типовий",overnight_v5/pub_default_trickle,2,post_attack,33,257,9,36182,1
"повільний, типовий",overnight_v5/pub_default_trickle,2,post_attack,33,258,9,34011,2
"повільний, типовий",overnight_v5/pub_default_trickle,2,post_attack,33,259,9,31970,3
"повільний, типовий",overnight_v5/pub_default_trickle,2,post_attack,33,260,9,30052,3
"повільний, типовий",overnight_v5/pub_default_trickle,2,post_attack,33,261,9,28249,4
"повільний, типовий",overnight_v5/pub_default_trickle,2,post_attack,33,262,9,26554,3
"повільний, типовий",overnight_v5/pub_default_trickle,2,post_attack,33,263,9,24961,2
"повільний, типовий",overnight_v5/pub_default_trickle,2,post_attack,33,264,9,23463,3
"повільний, типовий",overnight_v5/pub_default_trickle,2,post_attack,34,265,9,22055,2
"повільний, типовий",overnight_v5/pub_default_trickle,2,post_attack,34,266,9,20732,3
"повільний, типовий",overnight_v5/pub_default_trickle,2,post_attack,34,267,9,19488,1
"повільний, типовий",overnight_v5/pub_default_trickle,2,post_attack,34,268,9,18319,3
"повільний, типовий",overnight_v5/pub_default_trickle,2,post_attack,34,269,9,17220,5
"повільний, типовий",overnight_v5/pub_default_trickle,2,post_attack,34,270,9,16187,4
"повільний, типовий",overnight_v5/pub_default_trickle,2,post_attack,34,271,9,15216,4
"повільний, типовий",overnight_v5/pub_default_trickle,2,post_attack,34,272,9,14303,3
"повільний, типовий",overnight_v5/pub_default_trickle,2,post_attack,35,273,9,13445,4
"повільний, типовий",overnight_v5/pub_default_trickle,2,post_attack,35,274,9,12638,1
"повільний, типовий",overnight_v5/pub_default_trickle,2,post_attack,35,275,9,11880,3
"повільний, типовий",overnight_v5/pub_default_trickle,2,post_attack,35,276,9,11167,3
"повільний, типовий",overnight_v5/pub_default_trickle,2,post_attack,35,277,9,10497,3
"повільний, типовий",overnight_v5/pub_default_trickle,2,post_attack,35,278,9,9867,2
"повільний, типовий",overnight_v5/pub_default_trickle,2,post_attack,35,279,9,9275,2
"повільний, типовий",overnight_v5/pub_default_trickle,2,post_attack,35,280,9,8719,4
"повільний, типовий",overnight_v5/pub_default_trickle,2,post_attack,36,281,9,8196,2
"повільний, типовий",overnight_v5/pub_default_trickle,2,post_attack,36,282,9,7704,3
"повільний, типовий",overnight_v5/pub_default_trickle,2,post_attack,36,283,9,7242,2
"повільний, типовий",overnight_v5/pub_default_trickle,2,post_attack,36,284,9,6807,3
"повільний, типовий",overnight_v5/pub_default_trickle,2,post_attack,36,285,9,6399,2
"повільний, типовий",overnight_v5/pub_default_trickle,2,post_attack,36,286,9,6015,3
"повільний, типовий",overnight_v5/pub_default_trickle,2,post_attack,36,287,9,5654,4
"повільний, типовий",overnight_v5/pub_default_trickle,2,post_attack,36,288,9,5315,4
"повільний, типовий",overnight_v5/pub_default_trickle,2,post_attack,37,289,9,4996,2
"повільний, типовий",overnight_v5/pub_default_trickle,2,post_attack,37,290,9,4696,4
"повільний, типовий",overnight_v5/pub_default_trickle,2,post_attack,37,291,9,4414,4
"повільний, типовий",overnight_v5/pub_default_trickle,2,post_attack,37,292,9,4149,3
"повільний, типовий",overnight_v5/pub_default_trickle,2,post_attack,37,293,9,3900,2
"повільний, типовий",overnight_v5/pub_default_trickle,2,post_attack,37,294,9,3666,2
"повільний, типовий",overnight_v5/pub_default_trickle,2,post_attack,37,295,9,3446,2
"повільний, типовий",overnight_v5/pub_default_trickle,2,post_attack,37,296,9,3239,2
"повільний, типовий",overnight_v5/pub_default_trickle,2,post_attack,38,297,9,3045,3
"повільний, типовий",overnight_v5/pub_default_trickle,2,post_attack,38,298,9,2862,4
"повільний, типовий",overnight_v5/pub_default_trickle,2,post_attack,38,299,9,2690,2
"повільний, типовий",overnight_v5/pub_default_trickle,2,post_attack,38,300,9,2529,3
"повільний, типовий",overnight_v5/pub_default_trickle,2,post_attack,38,301,9,2377,2
"повільний, типовий",overnight_v5/pub_default_trickle,2,post_attack,38,302,9,2234,4
"повільний, типовий",overnight_v5/pub_default_trickle,2,post_attack,38,303,9,2100,4
"повільний, типовий",overnight_v5/pub_default_trickle,2,post_attack,38,304,9,1974,4
"повільний, типовий",overnight_v5/pub_default_trickle,2,post_attack,39,305,9,1856,2
"повільний, типовий",overnight_v5/pub_default_trickle,2,post_attack,39,306,9,1745,3
"повільний, типовий",overnight_v5/pub_default_trickle,2,post_attack,39,307,9,1640,3
"повільний, типовий",overnight_v5/pub_default_trickle,2,post_attack,39,308,9,1542,3
"повільний, типовий",overnight_v5/pub_default_trickle,2,post_attack,39,309,9,1449,3
"повільний, типовий",overnight_v5/pub_default_trickle,2,post_attack,39,310,9,1362,1
"повільний, типовий",overnight_v5/pub_default_trickle,2,post_attack,39,311,9,1280,2
"повільний, типовий",overnight_v5/pub_default_trickle,2,post_attack,39,312,9,1203,2
"повільний, типовий",overnight_v5/pub_default_trickle,2,post_attack,40,313,9,1131,4
"повільний, типовий",overnight_v5/pub_default_trickle,2,post_attack,40,314,9,1063,2
"повільний, типовий",overnight_v5/pub_default_trickle,2,post_attack,40,315,9,999,3
"повільний, типовий",overnight_v5/pub_default_trickle,2,post_attack,40,316,9,0,3
"повільний, типовий",overnight_v5/pub_default_trickle,2,post_attack,40,317,9,0,3
"повільний, типовий",overnight_v5/pub_default_trickle,2,post_attack,40,318,9,0,3
"повільний, типовий",overnight_v5/pub_default_trickle,2,post_attack,40,319,9,0,3
"повільний, типовий",overnight_v5/pub_default_trickle,2,post_attack,40,320,9,0,3
"повільний, типовий",overnight_v5/pub_default_trickle,2,post_attack,41,321,9,0,4
"повільний, типовий",overnight_v5/pub_default_trickle,2,post_attack,41,322,9,0,3
"повільний, типовий",overnight_v5/pub_default_trickle,2,post_attack,41,323,9,0,3
"повільний, типовий",overnight_v5/pub_default_trickle,2,post_attack,41,324,9,0,2
"повільний, типовий",overnight_v5/pub_default_trickle,2,post_attack,41,325,9,0,2
"повільний, типовий",overnight_v5/pub_default_trickle,2,post_attack,41,326,9,0,3
"повільний, типовий",overnight_v5/pub_default_trickle,2,post_attack,41,327,9,0,2
"повільний, типовий",overnight_v5/pub_default_trickle,2,post_attack,41,328,9,0,3
"повільний, типовий",overnight_v5/pub_default_trickle,2,post_attack,42,329,9,0,3
"повільний, типовий",overnight_v5/pub_default_trickle,2,post_attack,42,330,9,0,4
"повільний, типовий",overnight_v5/pub_default_trickle,2,post_attack,42,331,9,0,2
"повільний, типовий",overnight_v5/pub_default_trickle,2,post_attack,42,332,9,0,4
"повільний, типовий",overnight_v5/pub_default_trickle,2,post_attack,42,333,9,0,2
"повільний, типовий",overnight_v5/pub_default_trickle,2,post_attack,42,334,9,0,2
"повільний, типовий",overnight_v5/pub_default_trickle,2,post_attack,42,335,9,0,3
"повільний, типовий",overnight_v5/pub_default_trickle,2,post_attack,42,336,9,0,4
"повільний, типовий",overnight_v5/pub_default_trickle,2,post_attack,43,337,9,0,4
"повільний, типовий",overnight_v5/pub_default_trickle,2,post_attack,43,338,9,0,3
"повільний, типовий",overnight_v5/pub_default_trickle,2,post_attack,43,339,9,0,2
"повільний, типовий",overnight_v5/pub_default_trickle,2,post_attack,43,340,9,0,4
"повільний, типовий",overnight_v5/pub_default_trickle,2,post_attack,43,341,9,0,3
"повільний, типовий",overnight_v5/pub_default_trickle,2,post_attack,43,342,9,0,2
"повільний, типовий",overnight_v5/pub_default_trickle,2,post_attack,43,343,9,0,3
"повільний, типовий",overnight_v5/pub_default_trickle,2,post_attack,43,344,9,0,4
"повільний, типовий",overnight_v5/pub_default_trickle,2,post_attack,44,345,9,0,3
"повільний, типовий",overnight_v5/pub_default_trickle,2,post_attack,44,346,9,0,4
"повільний, типовий",overnight_v5/pub_default_trickle,2,post_attack,44,347,9,0,4
"повільний, типовий",overnight_v5/pub_default_trickle,2,post_attack,44,348,9,0,3
"повільний, типовий",overnight_v5/pub_default_trickle,2,post_attack,44,349,9,0,2
"повільний, типовий",overnight_v5/pub_default_trickle,2,post_attack,44,350,9,0,3
"повільний, типовий",overnight_v5/pub_default_trickle,2,post_attack,44,351,9,0,3
"повільний, типовий",overnight_v5/pub_default_trickle,2,post_attack,44,352,9,0,2
"повільний, типовий",overnight_v5/pub_default_trickle,2,post_attack,45,353,9,0,3
"повільний, типовий",overnight_v5/pub_default_trickle,2,post_attack,45,354,9,0,3
"повільний, типовий",overnight_v5/pub_default_trickle,2,post_attack,45,355,9,0,2
"повільний, типовий",overnight_v5/pub_default_trickle,2,post_attack,45,356,9,0,2
"повільний, типовий",overnight_v5/pub_default_trickle,2,post_attack,45,357,9,0,4
"повільний, типовий",overnight_v5/pub_default_trickle,2,post_attack,45,358,9,0,5
"повільний, типовий",overnight_v5/pub_default_trickle,2,post_attack,45,359,9,0,2
"повільний, типовий",overnight_v5/pub_default_trickle,2,post_attack,45,360,9,0,4
"повільний, типовий",overnight_v5/pub_default_trickle,2,post_attack,46,361,9,0,1
"повільний, типовий",overnight_v5/pub_default_trickle,2,post_attack,46,362,9,0,4
"повільний, типовий",overnight_v5/pub_default_trickle,2,post_attack,46,363,9,0,4
"повільний, типовий",overnight_v5/pub_default_trickle,2,post_attack,46,364,9,0,3
"повільний, типовий",overnight_v5/pub_default_trickle,2,post_attack,46,365,9,0,2
"повільний, типовий",overnight_v5/pub_default_trickle,2,post_attack,46,366,9,0,2
"повільний, типовий",overnight_v5/pub_default_trickle,2,post_attack,46,367,9,0,5
"повільний, типовий",overnight_v5/pub_default_trickle,2,post_attack,46,368,9,0,4
"повільний, типовий",overnight_v5/pub_default_trickle,2,post_attack,47,369,9,0,2
"повільний, типовий",overnight_v5/pub_default_trickle,2,post_attack,47,370,9,0,3
"повільний, типовий",overnight_v5/pub_default_trickle,2,post_attack,47,371,9,0,3
"повільний, типовий",overnight_v5/pub_default_trickle,2,post_attack,47,372,9,0,4
"повільний, типовий",overnight_v5/pub_default_trickle,2,post_attack,47,373,9,0,2
"повільний, типовий",overnight_v5/pub_default_trickle,2,post_attack,47,374,9,0,3
"повільний, типовий",overnight_v5/pub_default_trickle,2,post_attack,47,375,9,0,3
"повільний, типовий",overnight_v5/pub_default_trickle,2,post_attack,47,376,9,0,2
"повільний, типовий",overnight_v5/pub_default_trickle,2,post_attack,48,377,9,0,2
"повільний, типовий",overnight_v5/pub_default_trickle,2,post_attack,48,378,9,0,3
"повільний, типовий",overnight_v5/pub_default_trickle,2,post_attack,48,379,9,0,4
"повільний, типовий",overnight_v5/pub_default_trickle,2,post_attack,48,380,9,0,2
"повільний, типовий",overnight_v5/pub_default_trickle,2,post_attack,48,381,9,0,3
"повільний, типовий",overnight_v5/pub_default_trickle,2,post_attack,48,382,9,0,3
"повільний, типовий",overnight_v5/pub_default_trickle,2,post_attack,48,383,9,0,3
"повільний, типовий",overnight_v5/pub_default_trickle,2,post_attack,48,384,9,0,3
"повільний, типовий",overnight_v5/pub_default_trickle,2,post_attack,49,385,9,0,3
"повільний, типовий",overnight_v5/pub_default_trickle,2,post_attack,49,386,9,0,2
"повільний, типовий",overnight_v5/pub_default_trickle,2,post_attack,49,387,9,0,2
"повільний, типовий",overnight_v5/pub_default_trickle,2,post_attack,49,388,9,0,4
"повільний, типовий",overnight_v5/pub_default_trickle,2,post_attack,49,389,9,0,3
"повільний, типовий",overnight_v5/pub_default_trickle,2,post_attack,49,390,9,0,4
"повільний, типовий",overnight_v5/pub_default_trickle,2,post_attack,49,391,9,0,2
"повільний, типовий",overnight_v5/pub_default_trickle,2,post_attack,49,392,9,0,3
"повільний, типовий",overnight_v5/pub_default_trickle,2,post_attack,50,393,9,0,3
"повільний, типовий",overnight_v5/pub_default_trickle,2,post_attack,50,394,9,0,3
"повільний, типовий",overnight_v5/pub_default_trickle,2,post_attack,50,395,9,0,4
"повільний, типовий",overnight_v5/pub_default_trickle,2,post_attack,50,396,9,0,2
"повільний, типовий",overnight_v5/pub_default_trickle,2,post_attack,50,397,9,0,4
"повільний, типовий",overnight_v5/pub_default_trickle,2,post_attack,50,398,9,0,3
"повільний, типовий",overnight_v5/pub_default_trickle,2,post_attack,50,399,9,0,2
"повільний, типовий",overnight_v5/pub_default_trickle,2,post_attack,50,400,9,0,4
"повільний, типовий",overnight_v5/pub_default_trickle,3,post_attack,21,161,9,276625,1
"повільний, типовий",overnight_v5/pub_default_trickle,3,post_attack,21,162,9,329571,1
"повільний, типовий",overnight_v5/pub_default_trickle,3,post_attack,21,163,9,333503,0
"повільний, типовий",overnight_v5/pub_default_trickle,3,post_attack,21,164,9,332991,0
"повільний, типовий",overnight_v5/pub_default_trickle,3,post_attack,21,165,9,331945,1
"повільний, типовий",overnight_v5/pub_default_trickle,3,post_attack,21,166,9,330411,1
"повільний, типовий",overnight_v5/pub_default_trickle,3,post_attack,21,167,9,328432,1
"повільний, типовий",overnight_v5/pub_default_trickle,3,post_attack,21,168,9,326048,1
"повільний, типовий",overnight_v5/pub_default_trickle,3,post_attack,22,169,9,356900,2
"повільний, типовий",overnight_v5/pub_default_trickle,3,post_attack,22,170,9,356797,2
"повільний, типовий",overnight_v5/pub_default_trickle,3,post_attack,22,171,9,356091,0
"повільний, типовий",overnight_v5/pub_default_trickle,3,post_attack,22,172,9,354833,1
"повільний, типовий",overnight_v5/pub_default_trickle,3,post_attack,22,173,9,353071,1
"повільний, типовий",overnight_v5/pub_default_trickle,3,post_attack,22,174,9,350850,1
"повільний, типовий",overnight_v5/pub_default_trickle,3,post_attack,22,175,9,348211,1
"повільний, типовий",overnight_v5/pub_default_trickle,3,post_attack,22,176,9,345192,1
"повільний, типовий",overnight_v5/pub_default_trickle,3,post_attack,23,177,9,343501,2
"повільний, типовий",overnight_v5/pub_default_trickle,3,post_attack,23,178,9,341359,1
"повільний, типовий",overnight_v5/pub_default_trickle,3,post_attack,23,179,9,338807,1
"повільний, типовий",overnight_v5/pub_default_trickle,3,post_attack,23,180,9,335882,2
"повільний, типовий",overnight_v5/pub_default_trickle,3,post_attack,23,181,9,332620,2
"повільний, типовий",overnight_v5/pub_default_trickle,3,post_attack,23,182,9,329053,1
"повільний, типовий",overnight_v5/pub_default_trickle,3,post_attack,23,183,9,325208,2
"повільний, типовий",overnight_v5/pub_default_trickle,3,post_attack,23,184,9,321118,2
"повільний, типовий",overnight_v5/pub_default_trickle,3,post_attack,24,185,9,317526,3
"повільний, типовий",overnight_v5/pub_default_trickle,3,post_attack,24,186,9,313679,2
"повільний, типовий",overnight_v5/pub_default_trickle,3,post_attack,24,187,9,309605,2
"повільний, типовий",overnight_v5/pub_default_trickle,3,post_attack,24,188,9,305328,0
"повільний, типовий",overnight_v5/pub_default_trickle,3,post_attack,24,189,9,300871,0
"повільний, типовий",overnight_v5/pub_default_trickle,3,post_attack,24,190,9,296256,2
"повільний, типовий",overnight_v5/pub_default_trickle,3,post_attack,24,191,9,291503,3
"повільний, типовий",overnight_v5/pub_default_trickle,3,post_attack,24,192,9,286630,3
"повільний, типовий",overnight_v5/pub_default_trickle,3,post_attack,25,193,9,282274,3
"повільний, типовий",overnight_v5/pub_default_trickle,3,post_attack,25,194,9,277779,1
"повільний, типовий",overnight_v5/pub_default_trickle,3,post_attack,25,195,9,273163,1
"повільний, типовий",overnight_v5/pub_default_trickle,3,post_attack,25,196,9,268444,3
"повільний, типовий",overnight_v5/pub_default_trickle,3,post_attack,25,197,9,263636,3
"повільний, типовий",overnight_v5/pub_default_trickle,3,post_attack,25,198,9,258755,1
"повільний, типовий",overnight_v5/pub_default_trickle,3,post_attack,25,199,9,253813,4
"повільний, типовий",overnight_v5/pub_default_trickle,3,post_attack,25,200,9,248823,4
"повільний, типовий",overnight_v5/pub_default_trickle,3,post_attack,26,201,9,244482,4
"повільний, типовий",overnight_v5/pub_default_trickle,3,post_attack,26,202,9,240056,1
"повільний, типовий",overnight_v5/pub_default_trickle,3,post_attack,26,203,9,235560,2
"повільний, типовий",overnight_v5/pub_default_trickle,3,post_attack,26,204,9,231006,3
"повільний, типовий",overnight_v5/pub_default_trickle,3,post_attack,26,205,9,226405,3
"повільний, типовий",overnight_v5/pub_default_trickle,3,post_attack,26,206,9,221768,3
"повільний, типовий",overnight_v5/pub_default_trickle,3,post_attack,26,207,9,217105,2
"повільний, типовий",overnight_v5/pub_default_trickle,3,post_attack,26,208,9,212425,2
"повільний, типовий",overnight_v5/pub_default_trickle,3,post_attack,27,209,9,207737,4
"повільний, типовий",overnight_v5/pub_default_trickle,3,post_attack,27,210,9,203048,3
"повільний, типовий",overnight_v5/pub_default_trickle,3,post_attack,27,211,9,198365,4
"повільний, типовий",overnight_v5/pub_default_trickle,3,post_attack,27,212,9,193695,3
"повільний, типовий",overnight_v5/pub_default_trickle,3,post_attack,27,213,9,189043,1
"повільний, типовий",overnight_v5/pub_default_trickle,3,post_attack,27,214,9,184412,1
"повільний, типовий",overnight_v5/pub_default_trickle,3,post_attack,27,215,9,179810,4
"повільний, типовий",overnight_v5/pub_default_trickle,3,post_attack,27,216,9,175241,3
"повільний, типовий",overnight_v5/pub_default_trickle,3,post_attack,28,217,9,170709,3
"повільний, типовий",overnight_v5/pub_default_trickle,3,post_attack,28,218,9,166218,2
"повільний, типовий",overnight_v5/pub_default_trickle,3,post_attack,28,219,9,161771,2
"повільний, типовий",overnight_v5/pub_default_trickle,3,post_attack,28,220,9,157371,4
"повільний, типовий",overnight_v5/pub_default_trickle,3,post_attack,28,221,9,153021,4
"повільний, типовий",overnight_v5/pub_default_trickle,3,post_attack,28,222,9,148723,2
"повільний, типовий",overnight_v5/pub_default_trickle,3,post_attack,28,223,9,144479,2
"повільний, типовий",overnight_v5/pub_default_trickle,3,post_attack,28,224,9,140291,3
"повільний, типовий",overnight_v5/pub_default_trickle,3,post_attack,29,225,9,136160,5
"повільний, типовий",overnight_v5/pub_default_trickle,3,post_attack,29,226,9,132088,3
"повільний, типовий",overnight_v5/pub_default_trickle,3,post_attack,29,227,9,128076,1
"повільний, типовий",overnight_v5/pub_default_trickle,3,post_attack,29,228,9,124124,1
"повільний, типовий",overnight_v5/pub_default_trickle,3,post_attack,29,229,9,120234,2
"повільний, типовий",overnight_v5/pub_default_trickle,3,post_attack,29,230,9,116406,3
"повільний, типовий",overnight_v5/pub_default_trickle,3,post_attack,29,231,9,112641,1
"повільний, типовий",overnight_v5/pub_default_trickle,3,post_attack,29,232,9,108939,3
"повільний, типовий",overnight_v5/pub_default_trickle,3,post_attack,30,233,9,105300,3
"повільний, типовий",overnight_v5/pub_default_trickle,3,post_attack,30,234,9,101725,1
"повільний, типовий",overnight_v5/pub_default_trickle,3,post_attack,30,235,9,98213,4
"повільний, типовий",overnight_v5/pub_default_trickle,3,post_attack,30,236,9,94765,3
"повільний, типовий",overnight_v5/pub_default_trickle,3,post_attack,30,237,9,91380,3
"повільний, типовий",overnight_v5/pub_default_trickle,3,post_attack,30,238,9,88058,2
"повільний, типовий",overnight_v5/pub_default_trickle,3,post_attack,30,239,9,84798,2
"повільний, типовий",overnight_v5/pub_default_trickle,3,post_attack,30,240,9,81601,4
"повільний, типовий",overnight_v5/pub_default_trickle,3,post_attack,31,241,9,78466,3
"повільний, типовий",overnight_v5/pub_default_trickle,3,post_attack,31,242,9,75392,2
"повільний, типовий",overnight_v5/pub_default_trickle,3,post_attack,31,243,9,72379,4
"повільний, типовий",overnight_v5/pub_default_trickle,3,post_attack,31,244,9,69426,3
"повільний, типовий",overnight_v5/pub_default_trickle,3,post_attack,31,245,9,66532,4
"повільний, типовий",overnight_v5/pub_default_trickle,3,post_attack,31,246,9,63697,2
"повільний, типовий",overnight_v5/pub_default_trickle,3,post_attack,31,247,9,60920,2
"повільний, типовий",overnight_v5/pub_default_trickle,3,post_attack,31,248,9,58201,4
"повільний, типовий",overnight_v5/pub_default_trickle,3,post_attack,32,249,9,55539,3
"повільний, типовий",overnight_v5/pub_default_trickle,3,post_attack,32,250,9,52933,3
"повільний, типовий",overnight_v5/pub_default_trickle,3,post_attack,32,251,9,50382,4
"повільний, типовий",overnight_v5/pub_default_trickle,3,post_attack,32,252,9,47885,1
"повільний, типовий",overnight_v5/pub_default_trickle,3,post_attack,32,253,9,45441,4
"повільний, типовий",overnight_v5/pub_default_trickle,3,post_attack,32,254,9,43050,2
"повільний, типовий",overnight_v5/pub_default_trickle,3,post_attack,32,255,9,40711,4
"повільний, типовий",overnight_v5/pub_default_trickle,3,post_attack,32,256,9,38423,3
"повільний, типовий",overnight_v5/pub_default_trickle,3,post_attack,33,257,9,36185,3
"повільний, типовий",overnight_v5/pub_default_trickle,3,post_attack,33,258,9,34014,3
"повільний, типовий",overnight_v5/pub_default_trickle,3,post_attack,33,259,9,31973,4
"повільний, типовий",overnight_v5/pub_default_trickle,3,post_attack,33,260,9,30055,1
"повільний, типовий",overnight_v5/pub_default_trickle,3,post_attack,33,261,9,28252,4
"повільний, типовий",overnight_v5/pub_default_trickle,3,post_attack,33,262,9,26557,3
"повільний, типовий",overnight_v5/pub_default_trickle,3,post_attack,33,263,9,24964,3
"повільний, типовий",overnight_v5/pub_default_trickle,3,post_attack,33,264,9,23466,4
"повільний, типовий",overnight_v5/pub_default_trickle,3,post_attack,34,265,9,22058,2
"повільний, типовий",overnight_v5/pub_default_trickle,3,post_attack,34,266,9,20735,3
"повільний, типовий",overnight_v5/pub_default_trickle,3,post_attack,34,267,9,19491,2
"повільний, типовий",overnight_v5/pub_default_trickle,3,post_attack,34,268,9,18322,2
"повільний, типовий",overnight_v5/pub_default_trickle,3,post_attack,34,269,9,17223,1
"повільний, типовий",overnight_v5/pub_default_trickle,3,post_attack,34,270,9,16190,5
"повільний, типовий",overnight_v5/pub_default_trickle,3,post_attack,34,271,9,15219,3
"повільний, типовий",overnight_v5/pub_default_trickle,3,post_attack,34,272,9,14306,4
"повільний, типовий",overnight_v5/pub_default_trickle,3,post_attack,35,273,9,13448,3
"повільний, типовий",overnight_v5/pub_default_trickle,3,post_attack,35,274,9,12641,3
"повільний, типовий",overnight_v5/pub_default_trickle,3,post_attack,35,275,9,11883,2
"повільний, типовий",overnight_v5/pub_default_trickle,3,post_attack,35,276,9,11170,4
"повільний, типовий",overnight_v5/pub_default_trickle,3,post_attack,35,277,9,10500,3
"повільний, типовий",overnight_v5/pub_default_trickle,3,post_attack,35,278,9,9870,2
"повільний, типовий",overnight_v5/pub_default_trickle,3,post_attack,35,279,9,9278,2
"повільний, типовий",overnight_v5/pub_default_trickle,3,post_attack,35,280,9,8721,2
"повільний, типовий",overnight_v5/pub_default_trickle,3,post_attack,36,281,9,8198,4
"повільний, типовий",overnight_v5/pub_default_trickle,3,post_attack,36,282,9,7706,4
"повільний, типовий",overnight_v5/pub_default_trickle,3,post_attack,36,283,9,7244,3
"повільний, типовий",overnight_v5/pub_default_trickle,3,post_attack,36,284,9,6809,2
"повільний, типовий",overnight_v5/pub_default_trickle,3,post_attack,36,285,9,6400,4
"повільний, типовий",overnight_v5/pub_default_trickle,3,post_attack,36,286,9,6016,2
"повільний, типовий",overnight_v5/pub_default_trickle,3,post_attack,36,287,9,5655,4
"повільний, типовий",overnight_v5/pub_default_trickle,3,post_attack,36,288,9,5316,2
"повільний, типовий",overnight_v5/pub_default_trickle,3,post_attack,37,289,9,4997,2
"повільний, типовий",overnight_v5/pub_default_trickle,3,post_attack,37,290,9,4697,5
"повільний, типовий",overnight_v5/pub_default_trickle,3,post_attack,37,291,9,4415,4
"повільний, типовий",overnight_v5/pub_default_trickle,3,post_attack,37,292,9,4150,2
"повільний, типовий",overnight_v5/pub_default_trickle,3,post_attack,37,293,9,3901,3
"повільний, типовий",overnight_v5/pub_default_trickle,3,post_attack,37,294,9,3667,3
"повільний, типовий",overnight_v5/pub_default_trickle,3,post_attack,37,295,9,3447,1
"повільний, типовий",overnight_v5/pub_default_trickle,3,post_attack,37,296,9,3240,2
"повільний, типовий",overnight_v5/pub_default_trickle,3,post_attack,38,297,9,3046,4
"повільний, типовий",overnight_v5/pub_default_trickle,3,post_attack,38,298,9,2863,1
"повільний, типовий",overnight_v5/pub_default_trickle,3,post_attack,38,299,9,2691,3
"повільний, типовий",overnight_v5/pub_default_trickle,3,post_attack,38,300,9,2530,3
"повільний, типовий",overnight_v5/pub_default_trickle,3,post_attack,38,301,9,2378,4
"повільний, типовий",overnight_v5/pub_default_trickle,3,post_attack,38,302,9,2235,2
"повільний, типовий",overnight_v5/pub_default_trickle,3,post_attack,38,303,9,2101,3
"повільний, типовий",overnight_v5/pub_default_trickle,3,post_attack,38,304,9,1975,2
"повільний, типовий",overnight_v5/pub_default_trickle,3,post_attack,39,305,9,1857,4
"повільний, типовий",overnight_v5/pub_default_trickle,3,post_attack,39,306,9,1746,5
"повільний, типовий",overnight_v5/pub_default_trickle,3,post_attack,39,307,9,1641,4
"повільний, типовий",overnight_v5/pub_default_trickle,3,post_attack,39,308,9,1543,5
"повільний, типовий",overnight_v5/pub_default_trickle,3,post_attack,39,309,9,1450,3
"повільний, типовий",overnight_v5/pub_default_trickle,3,post_attack,39,310,9,1363,3
"повільний, типовий",overnight_v5/pub_default_trickle,3,post_attack,39,311,9,1281,3
"повільний, типовий",overnight_v5/pub_default_trickle,3,post_attack,39,312,9,1204,2
"повільний, типовий",overnight_v5/pub_default_trickle,3,post_attack,40,313,9,1132,3
"повільний, типовий",overnight_v5/pub_default_trickle,3,post_attack,40,314,9,1064,5
"повільний, типовий",overnight_v5/pub_default_trickle,3,post_attack,40,315,9,1000,4
"повільний, типовий",overnight_v5/pub_default_trickle,3,post_attack,40,316,9,940,3
"повільний, типовий",overnight_v5/pub_default_trickle,3,post_attack,40,317,9,0,4
"повільний, типовий",overnight_v5/pub_default_trickle,3,post_attack,40,318,9,0,4
"повільний, типовий",overnight_v5/pub_default_trickle,3,post_attack,40,319,9,0,2
"повільний, типовий",overnight_v5/pub_default_trickle,3,post_attack,40,320,9,0,1
"повільний, типовий",overnight_v5/pub_default_trickle,3,post_attack,41,321,9,0,3
"повільний, типовий",overnight_v5/pub_default_trickle,3,post_attack,41,322,9,0,3
"повільний, типовий",overnight_v5/pub_default_trickle,3,post_attack,41,323,9,0,1
"повільний, типовий",overnight_v5/pub_default_trickle,3,post_attack,41,324,9,0,4
"повільний, типовий",overnight_v5/pub_default_trickle,3,post_attack,41,325,9,0,3
"повільний, типовий",overnight_v5/pub_default_trickle,3,post_attack,41,326,9,0,4
"повільний, типовий",overnight_v5/pub_default_trickle,3,post_attack,41,327,9,0,3
"повільний, типовий",overnight_v5/pub_default_trickle,3,post_attack,41,328,9,0,1
"повільний, типовий",overnight_v5/pub_default_trickle,3,post_attack,42,329,9,0,3
"повільний, типовий",overnight_v5/pub_default_trickle,3,post_attack,42,330,9,0,3
"повільний, типовий",overnight_v5/pub_default_trickle,3,post_attack,42,331,9,0,4
"повільний, типовий",overnight_v5/pub_default_trickle,3,post_attack,42,332,9,0,2
"повільний, типовий",overnight_v5/pub_default_trickle,3,post_attack,42,333,9,0,4
"повільний, типовий",overnight_v5/pub_default_trickle,3,post_attack,42,334,9,0,2
"повільний, типовий",overnight_v5/pub_default_trickle,3,post_attack,42,335,9,0,1
"повільний, типовий",overnight_v5/pub_default_trickle,3,post_attack,42,336,9,0,4
"повільний, типовий",overnight_v5/pub_default_trickle,3,post_attack,43,337,9,0,2
"повільний, типовий",overnight_v5/pub_default_trickle,3,post_attack,43,338,9,0,2
"повільний, типовий",overnight_v5/pub_default_trickle,3,post_attack,43,339,9,0,6
"повільний, типовий",overnight_v5/pub_default_trickle,3,post_attack,43,340,9,0,3
"повільний, типовий",overnight_v5/pub_default_trickle,3,post_attack,43,341,9,0,3
"повільний, типовий",overnight_v5/pub_default_trickle,3,post_attack,43,342,9,0,1
"повільний, типовий",overnight_v5/pub_default_trickle,3,post_attack,43,343,9,0,4
"повільний, типовий",overnight_v5/pub_default_trickle,3,post_attack,43,344,9,0,2
"повільний, типовий",overnight_v5/pub_default_trickle,3,post_attack,44,345,9,0,2
"повільний, типовий",overnight_v5/pub_default_trickle,3,post_attack,44,346,9,0,3
"повільний, типовий",overnight_v5/pub_default_trickle,3,post_attack,44,347,9,0,4
"повільний, типовий",overnight_v5/pub_default_trickle,3,post_attack,44,348,9,0,4
"повільний, типовий",overnight_v5/pub_default_trickle,3,post_attack,44,349,9,0,4
"повільний, типовий",overnight_v5/pub_default_trickle,3,post_attack,44,350,9,0,1
"повільний, типовий",overnight_v5/pub_default_trickle,3,post_attack,44,351,9,0,2
"повільний, типовий",overnight_v5/pub_default_trickle,3,post_attack,44,352,9,0,4
"повільний, типовий",overnight_v5/pub_default_trickle,3,post_attack,45,353,9,0,1
"повільний, типовий",overnight_v5/pub_default_trickle,3,post_attack,45,354,9,0,2
"повільний, типовий",overnight_v5/pub_default_trickle,3,post_attack,45,355,9,0,4
"повільний, типовий",overnight_v5/pub_default_trickle,3,post_attack,45,356,9,0,1
"повільний, типовий",overnight_v5/pub_default_trickle,3,post_attack,45,357,9,0,3
"повільний, типовий",overnight_v5/pub_default_trickle,3,post_attack,45,358,9,0,2
"повільний, типовий",overnight_v5/pub_default_trickle,3,post_attack,45,359,9,0,5
"повільний, типовий",overnight_v5/pub_default_trickle,3,post_attack,45,360,9,0,3
"повільний, типовий",overnight_v5/pub_default_trickle,3,post_attack,46,361,9,0,3
"повільний, типовий",overnight_v5/pub_default_trickle,3,post_attack,46,362,9,0,2
"повільний, типовий",overnight_v5/pub_default_trickle,3,post_attack,46,363,9,0,4
"повільний, типовий",overnight_v5/pub_default_trickle,3,post_attack,46,364,9,0,3
"повільний, типовий",overnight_v5/pub_default_trickle,3,post_attack,46,365,9,0,4
"повільний, типовий",overnight_v5/pub_default_trickle,3,post_attack,46,366,9,0,4
"повільний, типовий",overnight_v5/pub_default_trickle,3,post_attack,46,367,9,0,3
"повільний, типовий",overnight_v5/pub_default_trickle,3,post_attack,46,368,9,0,2
"повільний, типовий",overnight_v5/pub_default_trickle,3,post_attack,47,369,9,0,2
"повільний, типовий",overnight_v5/pub_default_trickle,3,post_attack,47,370,9,0,2
"повільний, типовий",overnight_v5/pub_default_trickle,3,post_attack,47,371,9,0,3
"повільний, типовий",overnight_v5/pub_default_trickle,3,post_attack,47,372,9,0,4
"повільний, типовий",overnight_v5/pub_default_trickle,3,post_attack,47,373,9,0,3
"повільний, типовий",overnight_v5/pub_default_trickle,3,post_attack,47,374,9,0,2
"повільний, типовий",overnight_v5/pub_default_trickle,3,post_attack,47,375,9,0,2
"повільний, типовий",overnight_v5/pub_default_trickle,3,post_attack,47,376,9,0,4
"повільний, типовий",overnight_v5/pub_default_trickle,3,post_attack,48,377,9,0,1
"повільний, типовий",overnight_v5/pub_default_trickle,3,post_attack,48,378,9,0,1
"повільний, типовий",overnight_v5/pub_default_trickle,3,post_attack,48,379,9,0,3
"повільний, типовий",overnight_v5/pub_default_trickle,3,post_attack,48,380,9,0,6
"повільний, типовий",overnight_v5/pub_default_trickle,3,post_attack,48,381,9,0,3
"повільний, типовий",overnight_v5/pub_default_trickle,3,post_attack,48,382,9,0,3
"повільний, типовий",overnight_v5/pub_default_trickle,3,post_attack,48,383,9,0,4
"повільний, типовий",overnight_v5/pub_default_trickle,3,post_attack,48,384,9,0,4
"повільний, типовий",overnight_v5/pub_default_trickle,3,post_attack,49,385,9,0,4
"повільний, типовий",overnight_v5/pub_default_trickle,3,post_attack,49,386,9,0,3
"повільний, типовий",overnight_v5/pub_default_trickle,3,post_attack,49,387,9,0,3
"повільний, типовий",overnight_v5/pub_default_trickle,3,post_attack,49,388,9,0,2
"повільний, типовий",overnight_v5/pub_default_trickle,3,post_attack,49,389,9,0,4
"повільний, типовий",overnight_v5/pub_default_trickle,3,post_attack,49,390,9,0,4
"повільний, типовий",overnight_v5/pub_default_trickle,3,post_attack,49,391,9,0,3
"повільний, типовий",overnight_v5/pub_default_trickle,3,post_attack,49,392,9,0,3
"повільний, типовий",overnight_v5/pub_default_trickle,3,post_attack,50,393,9,0,4
"повільний, типовий",overnight_v5/pub_default_trickle,3,post_attack,50,394,9,0,2
"повільний, типовий",overnight_v5/pub_default_trickle,3,post_attack,50,395,9,0,2
"повільний, типовий",overnight_v5/pub_default_trickle,3,post_attack,50,396,9,0,2
"повільний, типовий",overnight_v5/pub_default_trickle,3,post_attack,50,397,9,0,2
"повільний, типовий",overnight_v5/pub_default_trickle,3,post_attack,50,398,9,0,4
"повільний, типовий",overnight_v5/pub_default_trickle,3,post_attack,50,399,9,0,4
"повільний, типовий",overnight_v5/pub_default_trickle,3,post_attack,50,400,9,0,4
"повільний, налаштований",overnight_v5/pub_tuned_trickle,1,post_attack,21,161,9,326782,1
"повільний, налаштований",overnight_v5/pub_tuned_trickle,1,post_attack,21,162,9,389327,0
"повільний, налаштований",overnight_v5/pub_tuned_trickle,1,post_attack,21,163,9,393971,1
"повільний, налаштований",overnight_v5/pub_tuned_trickle,1,post_attack,21,164,9,393366,1
"повільний, налаштований",overnight_v5/pub_tuned_trickle,1,post_attack,21,165,9,392130,1
"повільний, налаштований",overnight_v5/pub_tuned_trickle,1,post_attack,21,166,9,390318,1
"повільний, налаштований",overnight_v5/pub_tuned_trickle,1,post_attack,21,167,9,387980,1
"повільний, налаштований",overnight_v5/pub_tuned_trickle,1,post_attack,21,168,9,385163,1
"повільний, налаштований",overnight_v5/pub_tuned_trickle,1,post_attack,22,169,9,421643,2
"повільний, налаштований",overnight_v5/pub_tuned_trickle,1,post_attack,22,170,9,421522,1
"повільний, налаштований",overnight_v5/pub_tuned_trickle,1,post_attack,22,171,9,420689,1
"повільний, налаштований",overnight_v5/pub_tuned_trickle,1,post_attack,22,172,9,419204,1
"повільний, налаштований",overnight_v5/pub_tuned_trickle,1,post_attack,22,173,9,417123,2
"повільний, налаштований",overnight_v5/pub_tuned_trickle,1,post_attack,22,174,9,414499,2
"повільний, налаштований",overnight_v5/pub_tuned_trickle,1,post_attack,22,175,9,411381,2
"повільний, налаштований",overnight_v5/pub_tuned_trickle,1,post_attack,22,176,9,407815,1
"повільний, налаштований",overnight_v5/pub_tuned_trickle,1,post_attack,23,177,9,405820,2
"повільний, налаштований",overnight_v5/pub_tuned_trickle,1,post_attack,23,178,9,403292,1
"повільний, налаштований",overnight_v5/pub_tuned_trickle,1,post_attack,23,179,9,400278,2
"повільний, налаштований",overnight_v5/pub_tuned_trickle,1,post_attack,23,180,9,396824,3
"повільний, налаштований",overnight_v5/pub_tuned_trickle,1,post_attack,23,181,9,392971,2
"повільний, налаштований",overnight_v5/pub_tuned_trickle,1,post_attack,23,182,9,388759,2
"повільний, налаштований",overnight_v5/pub_tuned_trickle,1,post_attack,23,183,9,384218,0
"повільний, налаштований",overnight_v5/pub_tuned_trickle,1,post_attack,23,184,9,379387,0
"повільний, налаштований",overnight_v5/pub_tuned_trickle,1,post_attack,24,185,9,375147,1
"повільний, налаштований",overnight_v5/pub_tuned_trickle,1,post_attack,24,186,9,370605,1
"повільний, налаштований",overnight_v5/pub_tuned_trickle,1,post_attack,24,187,9,365794,3
"повільний, налаштований",overnight_v5/pub_tuned_trickle,1,post_attack,24,188,9,360743,0
"повільний, налаштований",overnight_v5/pub_tuned_trickle,1,post_attack,24,189,9,355479,2
"повільний, налаштований",overnight_v5/pub_tuned_trickle,1,post_attack,24,190,9,350028,2
"повільний, налаштований",overnight_v5/pub_tuned_trickle,1,post_attack,24,191,9,344414,2
"повільний, налаштований",overnight_v5/pub_tuned_trickle,1,post_attack,24,192,9,338659,3
"повільний, налаштований",overnight_v5/pub_tuned_trickle,1,post_attack,25,193,9,333515,3
"повільний, налаштований",overnight_v5/pub_tuned_trickle,1,post_attack,25,194,9,328207,2
"повільний, налаштований",overnight_v5/pub_tuned_trickle,1,post_attack,25,195,9,322756,1
"повільний, налаштований",overnight_v5/pub_tuned_trickle,1,post_attack,25,196,9,317182,3
"повільний, налаштований",overnight_v5/pub_tuned_trickle,1,post_attack,25,197,9,311503,3
"повільний, налаштований",overnight_v5/pub_tuned_trickle,1,post_attack,25,198,9,305737,3
"повільний, налаштований",overnight_v5/pub_tuned_trickle,1,post_attack,25,199,9,299900,3
"повільний, налаштований",overnight_v5/pub_tuned_trickle,1,post_attack,25,200,9,294006,3
"повільний, налаштований",overnight_v5/pub_tuned_trickle,1,post_attack,26,201,9,288878,3
"повільний, налаштований",overnight_v5/pub_tuned_trickle,1,post_attack,26,202,9,283651,2
"повільний, налаштований",overnight_v5/pub_tuned_trickle,1,post_attack,26,203,9,278340,4
"повільний, налаштований",overnight_v5/pub_tuned_trickle,1,post_attack,26,204,9,272960,3
"повільний, налаштований",overnight_v5/pub_tuned_trickle,1,post_attack,26,205,9,267525,3
"повільний, налаштований",overnight_v5/pub_tuned_trickle,1,post_attack,26,206,9,262047,3
"повільний, налаштований",overnight_v5/pub_tuned_trickle,1,post_attack,26,207,9,256539,3
"повільний, налаштований",overnight_v5/pub_tuned_trickle,1,post_attack,26,208,9,251011,4
"повільний, налаштований",overnight_v5/pub_tuned_trickle,1,post_attack,27,209,9,245472,4
"повільний, налаштований",overnight_v5/pub_tuned_trickle,1,post_attack,27,210,9,239932,4
"повільний, налаштований",overnight_v5/pub_tuned_trickle,1,post_attack,27,211,9,234399,3
"повільний, налаштований",overnight_v5/pub_tuned_trickle,1,post_attack,27,212,9,228881,2
"повільний, налаштований",overnight_v5/pub_tuned_trickle,1,post_attack,27,213,9,223385,4
"повільний, налаштований",overnight_v5/pub_tuned_trickle,1,post_attack,27,214,9,217913,2
"повільний, налаштований",overnight_v5/pub_tuned_trickle,1,post_attack,27,215,9,212475,4
"повільний, налаштований",overnight_v5/pub_tuned_trickle,1,post_attack,27,216,9,207077,3
"повільний, налаштований",overnight_v5/pub_tuned_trickle,1,post_attack,28,217,9,201723,3
"повільний, налаштований",overnight_v5/pub_tuned_trickle,1,post_attack,28,218,9,196417,4
"повільний, налаштований",overnight_v5/pub_tuned_trickle,1,post_attack,28,219,9,191163,2
"повільний, налаштований",overnight_v5/pub_tuned_trickle,1,post_attack,28,220,9,185964,3
"повільний, налаштований",overnight_v5/pub_tuned_trickle,1,post_attack,28,221,9,180824,3
"повільний, налаштований",overnight_v5/pub_tuned_trickle,1,post_attack,28,222,9,175745,3
"повільний, налаштований",overnight_v5/pub_tuned_trickle,1,post_attack,28,223,9,170730,4
"повільний, налаштований",overnight_v5/pub_tuned_trickle,1,post_attack,28,224,9,165781,2
"повільний, налаштований",overnight_v5/pub_tuned_trickle,1,post_attack,29,225,9,160900,2
"повільний, налаштований",overnight_v5/pub_tuned_trickle,1,post_attack,29,226,9,156088,2
"повільний, налаштований",overnight_v5/pub_tuned_trickle,1,post_attack,29,227,9,151347,2
"повільний, налаштований",overnight_v5/pub_tuned_trickle,1,post_attack,29,228,9,146678,2
"повільний, налаштований",overnight_v5/pub_tuned_trickle,1,post_attack,29,229,9,142081,4
"повільний, налаштований",overnight_v5/pub_tuned_trickle,1,post_attack,29,230,9,137558,4
"повільний, налаштований",overnight_v5/pub_tuned_trickle,1,post_attack,29,231,9,133109,3
"повільний, налаштований",overnight_v5/pub_tuned_trickle,1,post_attack,29,232,9,128734,3
"повільний, налаштований",overnight_v5/pub_tuned_trickle,1,post_attack,30,233,9,124434,2
"повільний, налаштований",overnight_v5/pub_tuned_trickle,1,post_attack,30,234,9,120209,3
"повільний, налаштований",overnight_v5/pub_tuned_trickle,1,post_attack,30,235,9,116059,2
"повільний, налаштований",overnight_v5/pub_tuned_trickle,1,post_attack,30,236,9,111984,3
"повільний, налаштований",overnight_v5/pub_tuned_trickle,1,post_attack,30,237,9,107984,4
"повільний, налаштований",overnight_v5/pub_tuned_trickle,1,post_attack,30,238,9,104058,2
"повільний, налаштований",overnight_v5/pub_tuned_trickle,1,post_attack,30,239,9,100206,3
"повільний, налаштований",overnight_v5/pub_tuned_trickle,1,post_attack,30,240,9,96428,3
"повільний, налаштований",overnight_v5/pub_tuned_trickle,1,post_attack,31,241,9,92723,4
"повільний, налаштований",overnight_v5/pub_tuned_trickle,1,post_attack,31,242,9,89090,4
"повільний, налаштований",overnight_v5/pub_tuned_trickle,1,post_attack,31,243,9,85529,4
"повільний, налаштований",overnight_v5/pub_tuned_trickle,1,post_attack,31,244,9,82039,4
"повільний, налаштований",overnight_v5/pub_tuned_trickle,1,post_attack,31,245,9,78620,2
"повільний, налаштований",overnight_v5/pub_tuned_trickle,1,post_attack,31,246,9,75270,3
"повільний, налаштований",overnight_v5/pub_tuned_trickle,1,post_attack,31,247,9,71989,2
"повільний, налаштований",overnight_v5/pub_tuned_trickle,1,post_attack,31,248,9,68776,1
"повільний, налаштований",overnight_v5/pub_tuned_trickle,1,post_attack,32,249,9,65630,4
"повільний, налаштований",overnight_v5/pub_tuned_trickle,1,post_attack,32,250,9,62550,4
"повільний, налаштований",overnight_v5/pub_tuned_trickle,1,post_attack,32,251,9,59535,3
"повільний, налаштований",overnight_v5/pub_tuned_trickle,1,post_attack,32,252,9,56584,2
"повільний, налаштований",overnight_v5/pub_tuned_trickle,1,post_attack,32,253,9,53697,4
"повільний, налаштований",overnight_v5/pub_tuned_trickle,1,post_attack,32,254,9,50872,6
"повільний, налаштований",overnight_v5/pub_tuned_trickle,1,post_attack,32,255,9,48108,5
"повільний, налаштований",overnight_v5/pub_tuned_trickle,1,post_attack,32,256,9,45404,3
"повільний, налаштований",overnight_v5/pub_tuned_trickle,1,post_attack,33,257,9,42759,1
"повільний, налаштований",overnight_v5/pub_tuned_trickle,1,post_attack,33,258,9,40193,3
"повільний, налаштований",overnight_v5/pub_tuned_trickle,1,post_attack,33,259,9,37781,3
"повільний, налаштований",overnight_v5/pub_tuned_trickle,1,post_attack,33,260,9,35514,2
"повільний, налаштований",overnight_v5/pub_tuned_trickle,1,post_attack,33,261,9,33383,5
"повільний, налаштований",overnight_v5/pub_tuned_trickle,1,post_attack,33,262,9,31380,4
"повільний, налаштований",overnight_v5/pub_tuned_trickle,1,post_attack,33,263,9,29497,3
"повільний, налаштований",overnight_v5/pub_tuned_trickle,1,post_attack,33,264,9,27727,4
"повільний, налаштований",overnight_v5/pub_tuned_trickle,1,post_attack,34,265,9,26063,1
"повільний, налаштований",overnight_v5/pub_tuned_trickle,1,post_attack,34,266,9,24499,2
"повільний, налаштований",overnight_v5/pub_tuned_trickle,1,post_attack,34,267,9,23029,4
"повільний, налаштований",overnight_v5/pub_tuned_trickle,1,post_attack,34,268,9,21647,3
"повільний, налаштований",overnight_v5/pub_tuned_trickle,1,post_attack,34,269,9,20348,2
"повільний, налаштований",overnight_v5/pub_tuned_trickle,1,post_attack,34,270,9,19127,3
"повільний, налаштований",overnight_v5/pub_tuned_trickle,1,post_attack,34,271,9,17979,1
"повільний, налаштований",overnight_v5/pub_tuned_trickle,1,post_attack,34,272,9,16900,3
"повільний, налаштований",overnight_v5/pub_tuned_trickle,1,post_attack,35,273,9,15886,2
"повільний, налаштований",overnight_v5/pub_tuned_trickle,1,post_attack,35,274,9,14933,4
"повільний, налаштований",overnight_v5/pub_tuned_trickle,1,post_attack,35,275,9,14037,2
"повільний, налаштований",overnight_v5/pub_tuned_trickle,1,post_attack,35,276,9,13195,3
"повільний, налаштований",overnight_v5/pub_tuned_trickle,1,post_attack,35,277,9,12403,2
"повільний, налаштований",overnight_v5/pub_tuned_trickle,1,post_attack,35,278,9,11659,2
"повільний, налаштований",overnight_v5/pub_tuned_trickle,1,post_attack,35,279,9,10959,3
"повільний, налаштований",overnight_v5/pub_tuned_trickle,1,post_attack,35,280,9,10301,4
"повільний, налаштований",overnight_v5/pub_tuned_trickle,1,post_attack,36,281,9,9683,3
"повільний, налаштований",overnight_v5/pub_tuned_trickle,1,post_attack,36,282,9,9102,4
"повільний, налаштований",overnight_v5/pub_tuned_trickle,1,post_attack,36,283,9,8556,3
"повільний, налаштований",overnight_v5/pub_tuned_trickle,1,post_attack,36,284,9,8043,5
"повільний, налаштований",overnight_v5/pub_tuned_trickle,1,post_attack,36,285,9,7560,3
"повільний, налаштований",overnight_v5/pub_tuned_trickle,1,post_attack,36,286,9,7106,2
"повільний, налаштований",overnight_v5/pub_tuned_trickle,1,post_attack,36,287,9,6680,3
"повільний, налаштований",overnight_v5/pub_tuned_trickle,1,post_attack,36,288,9,6279,4
"повільний, налаштований",overnight_v5/pub_tuned_trickle,1,post_attack,37,289,9,5902,3
"повільний, налаштований",overnight_v5/pub_tuned_trickle,1,post_attack,37,290,9,5548,3
"повільний, налаштований",overnight_v5/pub_tuned_trickle,1,post_attack,37,291,9,5215,2
"повільний, налаштований",overnight_v5/pub_tuned_trickle,1,post_attack,37,292,9,4902,2
"повільний, налаштований",overnight_v5/pub_tuned_trickle,1,post_attack,37,293,9,4608,3
"повільний, налаштований",overnight_v5/pub_tuned_trickle,1,post_attack,37,294,9,4332,1
"повільний, налаштований",overnight_v5/pub_tuned_trickle,1,post_attack,37,295,9,4072,3
"повільний, налаштований",overnight_v5/pub_tuned_trickle,1,post_attack,37,296,9,3828,3
"повільний, налаштований",overnight_v5/pub_tuned_trickle,1,post_attack,38,297,9,3598,2
"повільний, налаштований",overnight_v5/pub_tuned_trickle,1,post_attack,38,298,9,3382,2
"повільний, налаштований",overnight_v5/pub_tuned_trickle,1,post_attack,38,299,9,3179,5
"повільний, налаштований",overnight_v5/pub_tuned_trickle,1,post_attack,38,300,9,2988,1
"повільний, налаштований",overnight_v5/pub_tuned_trickle,1,post_attack,38,301,9,2809,2
"повільний, налаштований",overnight_v5/pub_tuned_trickle,1,post_attack,38,302,9,2640,2
"повільний, налаштований",overnight_v5/pub_tuned_trickle,1,post_attack,38,303,9,2482,4
"повільний, налаштований",overnight_v5/pub_tuned_trickle,1,post_attack,38,304,9,2333,1
"повільний, налаштований",overnight_v5/pub_tuned_trickle,1,post_attack,39,305,9,2193,3
"повільний, налаштований",overnight_v5/pub_tuned_trickle,1,post_attack,39,306,9,2061,3
"повільний, налаштований",overnight_v5/pub_tuned_trickle,1,post_attack,39,307,9,1937,1
"повільний, налаштований",overnight_v5/pub_tuned_trickle,1,post_attack,39,308,9,1821,3
"повільний, налаштований",overnight_v5/pub_tuned_trickle,1,post_attack,39,309,9,1712,2
"повільний, налаштований",overnight_v5/pub_tuned_trickle,1,post_attack,39,310,9,1609,4
"повільний, налаштований",overnight_v5/pub_tuned_trickle,1,post_attack,39,311,9,1512,2
"повільний, налаштований",overnight_v5/pub_tuned_trickle,1,post_attack,39,312,9,1421,2
"повільний, налаштований",overnight_v5/pub_tuned_trickle,1,post_attack,40,313,9,1336,3
"повільний, налаштований",overnight_v5/pub_tuned_trickle,1,post_attack,40,314,9,1256,3
"повільний, налаштований",overnight_v5/pub_tuned_trickle,1,post_attack,40,315,9,1181,3
"повільний, налаштований",overnight_v5/pub_tuned_trickle,1,post_attack,40,316,9,1110,3
"повільний, налаштований",overnight_v5/pub_tuned_trickle,1,post_attack,40,317,9,1043,4
"повільний, налаштований",overnight_v5/pub_tuned_trickle,1,post_attack,40,318,9,980,3
"повільний, налаштований",overnight_v5/pub_tuned_trickle,1,post_attack,40,319,9,0,4
"повільний, налаштований",overnight_v5/pub_tuned_trickle,1,post_attack,40,320,9,0,2
"повільний, налаштований",overnight_v5/pub_tuned_trickle,1,post_attack,41,321,9,0,2
"повільний, налаштований",overnight_v5/pub_tuned_trickle,1,post_attack,41,322,9,0,4
"повільний, налаштований",overnight_v5/pub_tuned_trickle,1,post_attack,41,323,9,0,3
"повільний, налаштований",overnight_v5/pub_tuned_trickle,1,post_attack,41,324,9,0,3
"повільний, налаштований",overnight_v5/pub_tuned_trickle,1,post_attack,41,325,9,0,4
"повільний, налаштований",overnight_v5/pub_tuned_trickle,1,post_attack,41,326,9,0,1
"повільний, налаштований",overnight_v5/pub_tuned_trickle,1,post_attack,41,327,9,0,5
"повільний, налаштований",overnight_v5/pub_tuned_trickle,1,post_attack,41,328,9,0,3
"повільний, налаштований",overnight_v5/pub_tuned_trickle,1,post_attack,42,329,9,0,3
"повільний, налаштований",overnight_v5/pub_tuned_trickle,1,post_attack,42,330,9,0,3
"повільний, налаштований",overnight_v5/pub_tuned_trickle,1,post_attack,42,331,9,0,3
"повільний, налаштований",overnight_v5/pub_tuned_trickle,1,post_attack,42,332,9,0,2
"повільний, налаштований",overnight_v5/pub_tuned_trickle,1,post_attack,42,333,9,0,2
"повільний, налаштований",overnight_v5/pub_tuned_trickle,1,post_attack,42,334,9,0,4
"повільний, налаштований",overnight_v5/pub_tuned_trickle,1,post_attack,42,335,9,0,2
"повільний, налаштований",overnight_v5/pub_tuned_trickle,1,post_attack,42,336,9,0,4
"повільний, налаштований",overnight_v5/pub_tuned_trickle,1,post_attack,43,337,9,0,3
"повільний, налаштований",overnight_v5/pub_tuned_trickle,1,post_attack,43,338,9,0,5
"повільний, налаштований",overnight_v5/pub_tuned_trickle,1,post_attack,43,339,9,0,3
"повільний, налаштований",overnight_v5/pub_tuned_trickle,1,post_attack,43,340,9,0,3
"повільний, налаштований",overnight_v5/pub_tuned_trickle,1,post_attack,43,341,9,0,3
"повільний, налаштований",overnight_v5/pub_tuned_trickle,1,post_attack,43,342,9,0,3
"повільний, налаштований",overnight_v5/pub_tuned_trickle,1,post_attack,43,343,9,0,3
"повільний, налаштований",overnight_v5/pub_tuned_trickle,1,post_attack,43,344,9,0,3
"повільний, налаштований",overnight_v5/pub_tuned_trickle,1,post_attack,44,345,9,0,2
"повільний, налаштований",overnight_v5/pub_tuned_trickle,1,post_attack,44,346,9,0,3
"повільний, налаштований",overnight_v5/pub_tuned_trickle,1,post_attack,44,347,9,0,3
"повільний, налаштований",overnight_v5/pub_tuned_trickle,1,post_attack,44,348,9,0,2
"повільний, налаштований",overnight_v5/pub_tuned_trickle,1,post_attack,44,349,9,0,4
"повільний, налаштований",overnight_v5/pub_tuned_trickle,1,post_attack,44,350,9,0,3
"повільний, налаштований",overnight_v5/pub_tuned_trickle,1,post_attack,44,351,9,0,4
"повільний, налаштований",overnight_v5/pub_tuned_trickle,1,post_attack,44,352,9,0,4
"повільний, налаштований",overnight_v5/pub_tuned_trickle,1,post_attack,45,353,9,0,4
"повільний, налаштований",overnight_v5/pub_tuned_trickle,1,post_attack,45,354,9,0,4
"повільний, налаштований",overnight_v5/pub_tuned_trickle,1,post_attack,45,355,9,0,4
"повільний, налаштований",overnight_v5/pub_tuned_trickle,1,post_attack,45,356,9,0,4
"повільний, налаштований",overnight_v5/pub_tuned_trickle,1,post_attack,45,357,9,0,2
"повільний, налаштований",overnight_v5/pub_tuned_trickle,1,post_attack,45,358,9,0,4
"повільний, налаштований",overnight_v5/pub_tuned_trickle,1,post_attack,45,359,9,0,4
"повільний, налаштований",overnight_v5/pub_tuned_trickle,1,post_attack,45,360,9,0,4
"повільний, налаштований",overnight_v5/pub_tuned_trickle,1,post_attack,46,361,9,0,3
"повільний, налаштований",overnight_v5/pub_tuned_trickle,1,post_attack,46,362,9,0,2
"повільний, налаштований",overnight_v5/pub_tuned_trickle,1,post_attack,46,363,9,0,3
"повільний, налаштований",overnight_v5/pub_tuned_trickle,1,post_attack,46,364,9,0,2
"повільний, налаштований",overnight_v5/pub_tuned_trickle,1,post_attack,46,365,9,0,3
"повільний, налаштований",overnight_v5/pub_tuned_trickle,1,post_attack,46,366,9,0,2
"повільний, налаштований",overnight_v5/pub_tuned_trickle,1,post_attack,46,367,9,0,4
"повільний, налаштований",overnight_v5/pub_tuned_trickle,1,post_attack,46,368,9,0,3
"повільний, налаштований",overnight_v5/pub_tuned_trickle,1,post_attack,47,369,9,0,3
"повільний, налаштований",overnight_v5/pub_tuned_trickle,1,post_attack,47,370,9,0,2
"повільний, налаштований",overnight_v5/pub_tuned_trickle,1,post_attack,47,371,9,0,3
"повільний, налаштований",overnight_v5/pub_tuned_trickle,1,post_attack,47,372,9,0,1
"повільний, налаштований",overnight_v5/pub_tuned_trickle,1,post_attack,47,373,9,0,2
"повільний, налаштований",overnight_v5/pub_tuned_trickle,1,post_attack,47,374,9,0,2
"повільний, налаштований",overnight_v5/pub_tuned_trickle,1,post_attack,47,375,9,0,4
"повільний, налаштований",overnight_v5/pub_tuned_trickle,1,post_attack,47,376,9,0,3
"повільний, налаштований",overnight_v5/pub_tuned_trickle,1,post_attack,48,377,9,0,3
"повільний, налаштований",overnight_v5/pub_tuned_trickle,1,post_attack,48,378,9,0,5
"повільний, налаштований",overnight_v5/pub_tuned_trickle,1,post_attack,48,379,9,0,3
"повільний, налаштований",overnight_v5/pub_tuned_trickle,1,post_attack,48,380,9,0,2
"повільний, налаштований",overnight_v5/pub_tuned_trickle,1,post_attack,48,381,9,0,2
"повільний, налаштований",overnight_v5/pub_tuned_trickle,1,post_attack,48,382,9,0,0
"повільний, налаштований",overnight_v5/pub_tuned_trickle,1,post_attack,48,383,9,0,2
"повільний, налаштований",overnight_v5/pub_tuned_trickle,1,post_attack,48,384,9,0,3
"повільний, налаштований",overnight_v5/pub_tuned_trickle,1,post_attack,49,385,9,0,1
"повільний, налаштований",overnight_v5/pub_tuned_trickle,1,post_attack,49,386,9,0,3
"повільний, налаштований",overnight_v5/pub_tuned_trickle,1,post_attack,49,387,9,0,4
"повільний, налаштований",overnight_v5/pub_tuned_trickle,1,post_attack,49,388,9,0,3
"повільний, налаштований",overnight_v5/pub_tuned_trickle,1,post_attack,49,389,9,0,2
"повільний, налаштований",overnight_v5/pub_tuned_trickle,1,post_attack,49,390,9,0,3
"повільний, налаштований",overnight_v5/pub_tuned_trickle,1,post_attack,49,391,9,0,4
"повільний, налаштований",overnight_v5/pub_tuned_trickle,1,post_attack,49,392,9,0,1
"повільний, налаштований",overnight_v5/pub_tuned_trickle,1,post_attack,50,393,9,0,2
"повільний, налаштований",overnight_v5/pub_tuned_trickle,1,post_attack,50,394,9,0,5
"повільний, налаштований",overnight_v5/pub_tuned_trickle,1,post_attack,50,395,9,0,3
"повільний, налаштований",overnight_v5/pub_tuned_trickle,1,post_attack,50,396,9,0,2
"повільний, налаштований",overnight_v5/pub_tuned_trickle,1,post_attack,50,397,9,0,4
"повільний, налаштований",overnight_v5/pub_tuned_trickle,1,post_attack,50,398,9,0,3
"повільний, налаштований",overnight_v5/pub_tuned_trickle,1,post_attack,50,399,9,0,4
"повільний, налаштований",overnight_v5/pub_tuned_trickle,1,post_attack,50,400,9,0,4
"повільний, налаштований",overnight_v5/pub_tuned_trickle,2,post_attack,21,161,9,326782,1
"повільний, налаштований",overnight_v5/pub_tuned_trickle,2,post_attack,21,162,9,389327,1
"повільний, налаштований",overnight_v5/pub_tuned_trickle,2,post_attack,21,163,9,393971,0
"повільний, налаштований",overnight_v5/pub_tuned_trickle,2,post_attack,21,164,9,393366,1
"повільний, налаштований",overnight_v5/pub_tuned_trickle,2,post_attack,21,165,9,392130,1
"повільний, налаштований",overnight_v5/pub_tuned_trickle,2,post_attack,21,166,9,390318,1
"повільний, налаштований",overnight_v5/pub_tuned_trickle,2,post_attack,21,167,9,387980,1
"повільний, налаштований",overnight_v5/pub_tuned_trickle,2,post_attack,21,168,9,385163,1
"повільний, налаштований",overnight_v5/pub_tuned_trickle,2,post_attack,22,169,9,421643,0
"повільний, налаштований",overnight_v5/pub_tuned_trickle,2,post_attack,22,170,9,421522,1
"повільний, налаштований",overnight_v5/pub_tuned_trickle,2,post_attack,22,171,9,420689,1
"повільний, налаштований",overnight_v5/pub_tuned_trickle,2,post_attack,22,172,9,419204,1
"повільний, налаштований",overnight_v5/pub_tuned_trickle,2,post_attack,22,173,9,417123,1
"повільний, налаштований",overnight_v5/pub_tuned_trickle,2,post_attack,22,174,9,414499,1
"повільний, налаштований",overnight_v5/pub_tuned_trickle,2,post_attack,22,175,9,411381,1
"повільний, налаштований",overnight_v5/pub_tuned_trickle,2,post_attack,22,176,9,407815,1
"повільний, налаштований",overnight_v5/pub_tuned_trickle,2,post_attack,23,177,9,405820,1
"повільний, налаштований",overnight_v5/pub_tuned_trickle,2,post_attack,23,178,9,403292,3
"повільний, налаштований",overnight_v5/pub_tuned_trickle,2,post_attack,23,179,9,400278,3
"повільний, налаштований",overnight_v5/pub_tuned_trickle,2,post_attack,23,180,9,396824,2
"повільний, налаштований",overnight_v5/pub_tuned_trickle,2,post_attack,23,181,9,392971,1
"повільний, налаштований",overnight_v5/pub_tuned_trickle,2,post_attack,23,182,9,388759,1
"повільний, налаштований",overnight_v5/pub_tuned_trickle,2,post_attack,23,183,9,384218,2
"повільний, налаштований",overnight_v5/pub_tuned_trickle,2,post_attack,23,184,9,379387,0
"повільний, налаштований",overnight_v5/pub_tuned_trickle,2,post_attack,24,185,9,375147,4
"повільний, налаштований",overnight_v5/pub_tuned_trickle,2,post_attack,24,186,9,370605,2
"повільний, налаштований",overnight_v5/pub_tuned_trickle,2,post_attack,24,187,9,365794,1
"повільний, налаштований",overnight_v5/pub_tuned_trickle,2,post_attack,24,188,9,360743,1
"повільний, налаштований",overnight_v5/pub_tuned_trickle,2,post_attack,24,189,9,355479,3
"повільний, налаштований",overnight_v5/pub_tuned_trickle,2,post_attack,24,190,9,350028,2
"повільний, налаштований",overnight_v5/pub_tuned_trickle,2,post_attack,24,191,9,344414,3
"повільний, налаштований",overnight_v5/pub_tuned_trickle,2,post_attack,24,192,9,338659,2
"повільний, налаштований",overnight_v5/pub_tuned_trickle,2,post_attack,25,193,9,333515,2
"повільний, налаштований",overnight_v5/pub_tuned_trickle,2,post_attack,25,194,9,328207,3
"повільний, налаштований",overnight_v5/pub_tuned_trickle,2,post_attack,25,195,9,322756,1
"повільний, налаштований",overnight_v5/pub_tuned_trickle,2,post_attack,25,196,9,317182,2
"повільний, налаштований",overnight_v5/pub_tuned_trickle,2,post_attack,25,197,9,311503,1
"повільний, налаштований",overnight_v5/pub_tuned_trickle,2,post_attack,25,198,9,305737,4
"повільний, налаштований",overnight_v5/pub_tuned_trickle,2,post_attack,25,199,9,299900,3
"повільний, налаштований",overnight_v5/pub_tuned_trickle,2,post_attack,25,200,9,294006,4
"повільний, налаштований",overnight_v5/pub_tuned_trickle,2,post_attack,26,201,9,288878,3
"повільний, налаштований",overnight_v5/pub_tuned_trickle,2,post_attack,26,202,9,283651,3
"повільний, налаштований",overnight_v5/pub_tuned_trickle,2,post_attack,26,203,9,278340,3
"повільний, налаштований",overnight_v5/pub_tuned_trickle,2,post_attack,26,204,9,272960,3
"повільний, налаштований",overnight_v5/pub_tuned_trickle,2,post_attack,26,205,9,267525,5
"повільний, налаштований",overnight_v5/pub_tuned_trickle,2,post_attack,26,206,9,262047,3
"повільний, налаштований",overnight_v5/pub_tuned_trickle,2,post_attack,26,207,9,256539,1
"повільний, налаштований",overnight_v5/pub_tuned_trickle,2,post_attack,26,208,9,251011,4
"повільний, налаштований",overnight_v5/pub_tuned_trickle,2,post_attack,27,209,9,245472,2
"повільний, налаштований",overnight_v5/pub_tuned_trickle,2,post_attack,27,210,9,239932,3
"повільний, налаштований",overnight_v5/pub_tuned_trickle,2,post_attack,27,211,9,234399,2
"повільний, налаштований",overnight_v5/pub_tuned_trickle,2,post_attack,27,212,9,228881,3
"повільний, налаштований",overnight_v5/pub_tuned_trickle,2,post_attack,27,213,9,223385,2
"повільний, налаштований",overnight_v5/pub_tuned_trickle,2,post_attack,27,214,9,217913,2
"повільний, налаштований",overnight_v5/pub_tuned_trickle,2,post_attack,27,215,9,212475,2
"повільний, налаштований",overnight_v5/pub_tuned_trickle,2,post_attack,27,216,9,207077,0
"повільний, налаштований",overnight_v5/pub_tuned_trickle,2,post_attack,28,217,9,201723,2
"повільний, налаштований",overnight_v5/pub_tuned_trickle,2,post_attack,28,218,9,196417,3
"повільний, налаштований",overnight_v5/pub_tuned_trickle,2,post_attack,28,219,9,191163,2
"повільний, налаштований",overnight_v5/pub_tuned_trickle,2,post_attack,28,220,9,185964,3
"повільний, налаштований",overnight_v5/pub_tuned_trickle,2,post_attack,28,221,9,180824,3
"повільний, налаштований",overnight_v5/pub_tuned_trickle,2,post_attack,28,222,9,175745,2
"повільний, налаштований",overnight_v5/pub_tuned_trickle,2,post_attack,28,223,9,170730,3
"повільний, налаштований",overnight_v5/pub_tuned_trickle,2,post_attack,28,224,9,165781,3
"повільний, налаштований",overnight_v5/pub_tuned_trickle,2,post_attack,29,225,9,160900,2
"повільний, налаштований",overnight_v5/pub_tuned_trickle,2,post_attack,29,226,9,156088,2
"повільний, налаштований",overnight_v5/pub_tuned_trickle,2,post_attack,29,227,9,151347,2
"повільний, налаштований",overnight_v5/pub_tuned_trickle,2,post_attack,29,228,9,146678,2
"повільний, налаштований",overnight_v5/pub_tuned_trickle,2,post_attack,29,229,9,142081,2
"повільний, налаштований",overnight_v5/pub_tuned_trickle,2,post_attack,29,230,9,137558,2
"повільний, налаштований",overnight_v5/pub_tuned_trickle,2,post_attack,29,231,9,133109,4
"повільний, налаштований",overnight_v5/pub_tuned_trickle,2,post_attack,29,232,9,128734,3
"повільний, налаштований",overnight_v5/pub_tuned_trickle,2,post_attack,30,233,9,124434,4
"повільний, налаштований",overnight_v5/pub_tuned_trickle,2,post_attack,30,234,9,120209,3
"повільний, налаштований",overnight_v5/pub_tuned_trickle,2,post_attack,30,235,9,116059,4
"повільний, налаштований",overnight_v5/pub_tuned_trickle,2,post_attack,30,236,9,111984,5
"повільний, налаштований",overnight_v5/pub_tuned_trickle,2,post_attack,30,237,9,107984,2
"повільний, налаштований",overnight_v5/pub_tuned_trickle,2,post_attack,30,238,9,104058,3
"повільний, налаштований",overnight_v5/pub_tuned_trickle,2,post_attack,30,239,9,100206,3
"повільний, налаштований",overnight_v5/pub_tuned_trickle,2,post_attack,30,240,9,96428,3
"повільний, налаштований",overnight_v5/pub_tuned_trickle,2,post_attack,31,241,9,92723,3
"повільний, налаштований",overnight_v5/pub_tuned_trickle,2,post_attack,31,242,9,89090,1
"повільний, налаштований",overnight_v5/pub_tuned_trickle,2,post_attack,31,243,9,85529,4
"повільний, налаштований",overnight_v5/pub_tuned_trickle,2,post_attack,31,244,9,82039,2
"повільний, налаштований",overnight_v5/pub_tuned_trickle,2,post_attack,31,245,9,78620,3
"повільний, налаштований",overnight_v5/pub_tuned_trickle,2,post_attack,31,246,9,75270,3
"повільний, налаштований",overnight_v5/pub_tuned_trickle,2,post_attack,31,247,9,71989,4
"повільний, налаштований",overnight_v5/pub_tuned_trickle,2,post_attack,31,248,9,68776,2
"повільний, налаштований",overnight_v5/pub_tuned_trickle,2,post_attack,32,249,9,65630,3
"повільний, налаштований",overnight_v5/pub_tuned_trickle,2,post_attack,32,250,9,62550,4
"повільний, налаштований",overnight_v5/pub_tuned_trickle,2,post_attack,32,251,9,59535,4
"повільний, налаштований",overnight_v5/pub_tuned_trickle,2,post_attack,32,252,9,56584,3
"повільний, налаштований",overnight_v5/pub_tuned_trickle,2,post_attack,32,253,9,53697,3
"повільний, налаштований",overnight_v5/pub_tuned_trickle,2,post_attack,32,254,9,50872,3
"повільний, налаштований",overnight_v5/pub_tuned_trickle,2,post_attack,32,255,9,48108,3
"повільний, налаштований",overnight_v5/pub_tuned_trickle,2,post_attack,32,256,9,45404,3
"повільний, налаштований",overnight_v5/pub_tuned_trickle,2,post_attack,33,257,9,42759,3
"повільний, налаштований",overnight_v5/pub_tuned_trickle,2,post_attack,33,258,9,40193,5
"повільний, налаштований",overnight_v5/pub_tuned_trickle,2,post_attack,33,259,9,37781,3
"повільний, налаштований",overnight_v5/pub_tuned_trickle,2,post_attack,33,260,9,35514,1
"повільний, налаштований",overnight_v5/pub_tuned_trickle,2,post_attack,33,261,9,33383,4
"повільний, налаштований",overnight_v5/pub_tuned_trickle,2,post_attack,33,262,9,31380,4
"повільний, налаштований",overnight_v5/pub_tuned_trickle,2,post_attack,33,263,9,29497,3
"повільний, налаштований",overnight_v5/pub_tuned_trickle,2,post_attack,33,264,9,27727,3
"повільний, налаштований",overnight_v5/pub_tuned_trickle,2,post_attack,34,265,9,26063,2
"повільний, налаштований",overnight_v5/pub_tuned_trickle,2,post_attack,34,266,9,24499,3
"повільний, налаштований",overnight_v5/pub_tuned_trickle,2,post_attack,34,267,9,23029,3
"повільний, налаштований",overnight_v5/pub_tuned_trickle,2,post_attack,34,268,9,21647,4
"повільний, налаштований",overnight_v5/pub_tuned_trickle,2,post_attack,34,269,9,20348,0
"повільний, налаштований",overnight_v5/pub_tuned_trickle,2,post_attack,34,270,9,19127,3
"повільний, налаштований",overnight_v5/pub_tuned_trickle,2,post_attack,34,271,9,17979,4
"повільний, налаштований",overnight_v5/pub_tuned_trickle,2,post_attack,34,272,9,16900,1
"повільний, налаштований",overnight_v5/pub_tuned_trickle,2,post_attack,35,273,9,15886,3
"повільний, налаштований",overnight_v5/pub_tuned_trickle,2,post_attack,35,274,9,14933,5
"повільний, налаштований",overnight_v5/pub_tuned_trickle,2,post_attack,35,275,9,14037,3
"повільний, налаштований",overnight_v5/pub_tuned_trickle,2,post_attack,35,276,9,13195,5
"повільний, налаштований",overnight_v5/pub_tuned_trickle,2,post_attack,35,277,9,12403,2
"повільний, налаштований",overnight_v5/pub_tuned_trickle,2,post_attack,35,278,9,11659,3
"повільний, налаштований",overnight_v5/pub_tuned_trickle,2,post_attack,35,279,9,10959,3
"повільний, налаштований",overnight_v5/pub_tuned_trickle,2,post_attack,35,280,9,10301,4
"повільний, налаштований",overnight_v5/pub_tuned_trickle,2,post_attack,36,281,9,9683,3
"повільний, налаштований",overnight_v5/pub_tuned_trickle,2,post_attack,36,282,9,9102,4
"повільний, налаштований",overnight_v5/pub_tuned_trickle,2,post_attack,36,283,9,8556,4
"повільний, налаштований",overnight_v5/pub_tuned_trickle,2,post_attack,36,284,9,8043,5
"повільний, налаштований",overnight_v5/pub_tuned_trickle,2,post_attack,36,285,9,7560,4
"повільний, налаштований",overnight_v5/pub_tuned_trickle,2,post_attack,36,286,9,7106,2
"повільний, налаштований",overnight_v5/pub_tuned_trickle,2,post_attack,36,287,9,6680,2
"повільний, налаштований",overnight_v5/pub_tuned_trickle,2,post_attack,36,288,9,6279,1
"повільний, налаштований",overnight_v5/pub_tuned_trickle,2,post_attack,37,289,9,5902,4
"повільний, налаштований",overnight_v5/pub_tuned_trickle,2,post_attack,37,290,9,5548,3
"повільний, налаштований",overnight_v5/pub_tuned_trickle,2,post_attack,37,291,9,5215,3
"повільний, налаштований",overnight_v5/pub_tuned_trickle,2,post_attack,37,292,9,4902,1
"повільний, налаштований",overnight_v5/pub_tuned_trickle,2,post_attack,37,293,9,4608,4
"повільний, налаштований",overnight_v5/pub_tuned_trickle,2,post_attack,37,294,9,4332,4
"повільний, налаштований",overnight_v5/pub_tuned_trickle,2,post_attack,37,295,9,4072,2
"повільний, налаштований",overnight_v5/pub_tuned_trickle,2,post_attack,37,296,9,3828,3
"повільний, налаштований",overnight_v5/pub_tuned_trickle,2,post_attack,38,297,9,3598,2
"повільний, налаштований",overnight_v5/pub_tuned_trickle,2,post_attack,38,298,9,3382,4
"повільний, налаштований",overnight_v5/pub_tuned_trickle,2,post_attack,38,299,9,3179,3
"повільний, налаштований",overnight_v5/pub_tuned_trickle,2,post_attack,38,300,9,2988,2
"повільний, налаштований",overnight_v5/pub_tuned_trickle,2,post_attack,38,301,9,2809,3
"повільний, налаштований",overnight_v5/pub_tuned_trickle,2,post_attack,38,302,9,2640,4
"повільний, налаштований",overnight_v5/pub_tuned_trickle,2,post_attack,38,303,9,2482,2
"повільний, налаштований",overnight_v5/pub_tuned_trickle,2,post_attack,38,304,9,2333,2
"повільний, налаштований",overnight_v5/pub_tuned_trickle,2,post_attack,39,305,9,2193,2
"повільний, налаштований",overnight_v5/pub_tuned_trickle,2,post_attack,39,306,9,2061,3
"повільний, налаштований",overnight_v5/pub_tuned_trickle,2,post_attack,39,307,9,1937,5
"повільний, налаштований",overnight_v5/pub_tuned_trickle,2,post_attack,39,308,9,1821,4
"повільний, налаштований",overnight_v5/pub_tuned_trickle,2,post_attack,39,309,9,1712,4
"повільний, налаштований",overnight_v5/pub_tuned_trickle,2,post_attack,39,310,9,1609,5
"повільний, налаштований",overnight_v5/pub_tuned_trickle,2,post_attack,39,311,9,1512,3
"повільний, налаштований",overnight_v5/pub_tuned_trickle,2,post_attack,39,312,9,1421,3
"повільний, налаштований",overnight_v5/pub_tuned_trickle,2,post_attack,40,313,9,1336,4
"повільний, налаштований",overnight_v5/pub_tuned_trickle,2,post_attack,40,314,9,1256,4
"повільний, налаштований",overnight_v5/pub_tuned_trickle,2,post_attack,40,315,9,1181,4
"повільний, налаштований",overnight_v5/pub_tuned_trickle,2,post_attack,40,316,9,1110,3
"повільний, налаштований",overnight_v5/pub_tuned_trickle,2,post_attack,40,317,9,1043,2
"повільний, налаштований",overnight_v5/pub_tuned_trickle,2,post_attack,40,318,9,980,5
"повільний, налаштований",overnight_v5/pub_tuned_trickle,2,post_attack,40,319,9,0,2
"повільний, налаштований",overnight_v5/pub_tuned_trickle,2,post_attack,40,320,9,0,3
"повільний, налаштований",overnight_v5/pub_tuned_trickle,2,post_attack,41,321,9,0,2
"повільний, налаштований",overnight_v5/pub_tuned_trickle,2,post_attack,41,322,9,0,3
"повільний, налаштований",overnight_v5/pub_tuned_trickle,2,post_attack,41,323,9,0,3
"повільний, налаштований",overnight_v5/pub_tuned_trickle,2,post_attack,41,324,9,0,3
"повільний, налаштований",overnight_v5/pub_tuned_trickle,2,post_attack,41,325,9,0,3
"повільний, налаштований",overnight_v5/pub_tuned_trickle,2,post_attack,41,326,9,0,4
"повільний, налаштований",overnight_v5/pub_tuned_trickle,2,post_attack,41,327,9,0,4
"повільний, налаштований",overnight_v5/pub_tuned_trickle,2,post_attack,41,328,9,0,1
"повільний, налаштований",overnight_v5/pub_tuned_trickle,2,post_attack,42,329,9,0,4
"повільний, налаштований",overnight_v5/pub_tuned_trickle,2,post_attack,42,330,9,0,2
"повільний, налаштований",overnight_v5/pub_tuned_trickle,2,post_attack,42,331,9,0,4
"повільний, налаштований",overnight_v5/pub_tuned_trickle,2,post_attack,42,332,9,0,3
"повільний, налаштований",overnight_v5/pub_tuned_trickle,2,post_attack,42,333,9,0,2
"повільний, налаштований",overnight_v5/pub_tuned_trickle,2,post_attack,42,334,9,0,3
"повільний, налаштований",overnight_v5/pub_tuned_trickle,2,post_attack,42,335,9,0,4
"повільний, налаштований",overnight_v5/pub_tuned_trickle,2,post_attack,42,336,9,0,2
"повільний, налаштований",overnight_v5/pub_tuned_trickle,2,post_attack,43,337,9,0,2
"повільний, налаштований",overnight_v5/pub_tuned_trickle,2,post_attack,43,338,9,0,4
"повільний, налаштований",overnight_v5/pub_tuned_trickle,2,post_attack,43,339,9,0,1
"повільний, налаштований",overnight_v5/pub_tuned_trickle,2,post_attack,43,340,9,0,3
"повільний, налаштований",overnight_v5/pub_tuned_trickle,2,post_attack,43,341,9,0,3
"повільний, налаштований",overnight_v5/pub_tuned_trickle,2,post_attack,43,342,9,0,3
"повільний, налаштований",overnight_v5/pub_tuned_trickle,2,post_attack,43,343,9,0,5
"повільний, налаштований",overnight_v5/pub_tuned_trickle,2,post_attack,43,344,9,0,3
"повільний, налаштований",overnight_v5/pub_tuned_trickle,2,post_attack,44,345,9,0,3
"повільний, налаштований",overnight_v5/pub_tuned_trickle,2,post_attack,44,346,9,0,4
"повільний, налаштований",overnight_v5/pub_tuned_trickle,2,post_attack,44,347,9,0,4
"повільний, налаштований",overnight_v5/pub_tuned_trickle,2,post_attack,44,348,9,0,2
"повільний, налаштований",overnight_v5/pub_tuned_trickle,2,post_attack,44,349,9,0,4
"повільний, налаштований",overnight_v5/pub_tuned_trickle,2,post_attack,44,350,9,0,3
"повільний, налаштований",overnight_v5/pub_tuned_trickle,2,post_attack,44,351,9,0,2
"повільний, налаштований",overnight_v5/pub_tuned_trickle,2,post_attack,44,352,9,0,4
"повільний, налаштований",overnight_v5/pub_tuned_trickle,2,post_attack,45,353,9,0,3
"повільний, налаштований",overnight_v5/pub_tuned_trickle,2,post_attack,45,354,9,0,3
"повільний, налаштований",overnight_v5/pub_tuned_trickle,2,post_attack,45,355,9,0,4
"повільний, налаштований",overnight_v5/pub_tuned_trickle,2,post_attack,45,356,9,0,4
"повільний, налаштований",overnight_v5/pub_tuned_trickle,2,post_attack,45,357,9,0,3
"повільний, налаштований",overnight_v5/pub_tuned_trickle,2,post_attack,45,358,9,0,2
"повільний, налаштований",overnight_v5/pub_tuned_trickle,2,post_attack,45,359,9,0,4
"повільний, налаштований",overnight_v5/pub_tuned_trickle,2,post_attack,45,360,9,0,1
"повільний, налаштований",overnight_v5/pub_tuned_trickle,2,post_attack,46,361,9,0,1
"повільний, налаштований",overnight_v5/pub_tuned_trickle,2,post_attack,46,362,9,0,2
"повільний, налаштований",overnight_v5/pub_tuned_trickle,2,post_attack,46,363,9,0,2
"повільний, налаштований",overnight_v5/pub_tuned_trickle,2,post_attack,46,364,9,0,4
"повільний, налаштований",overnight_v5/pub_tuned_trickle,2,post_attack,46,365,9,0,4
"повільний, налаштований",overnight_v5/pub_tuned_trickle,2,post_attack,46,366,9,0,1
"повільний, налаштований",overnight_v5/pub_tuned_trickle,2,post_attack,46,367,9,0,3
"повільний, налаштований",overnight_v5/pub_tuned_trickle,2,post_attack,46,368,9,0,3
"повільний, налаштований",overnight_v5/pub_tuned_trickle,2,post_attack,47,369,9,0,2
"повільний, налаштований",overnight_v5/pub_tuned_trickle,2,post_attack,47,370,9,0,2
"повільний, налаштований",overnight_v5/pub_tuned_trickle,2,post_attack,47,371,9,0,3
"повільний, налаштований",overnight_v5/pub_tuned_trickle,2,post_attack,47,372,9,0,3
"повільний, налаштований",overnight_v5/pub_tuned_trickle,2,post_attack,47,373,9,0,3
"повільний, налаштований",overnight_v5/pub_tuned_trickle,2,post_attack,47,374,9,0,3
"повільний, налаштований",overnight_v5/pub_tuned_trickle,2,post_attack,47,375,9,0,2
"повільний, налаштований",overnight_v5/pub_tuned_trickle,2,post_attack,47,376,9,0,3
"повільний, налаштований",overnight_v5/pub_tuned_trickle,2,post_attack,48,377,9,0,3
"повільний, налаштований",overnight_v5/pub_tuned_trickle,2,post_attack,48,378,9,0,3
"повільний, налаштований",overnight_v5/pub_tuned_trickle,2,post_attack,48,379,9,0,4
"повільний, налаштований",overnight_v5/pub_tuned_trickle,2,post_attack,48,380,9,0,2
"повільний, налаштований",overnight_v5/pub_tuned_trickle,2,post_attack,48,381,9,0,1
"повільний, налаштований",overnight_v5/pub_tuned_trickle,2,post_attack,48,382,9,0,1
"повільний, налаштований",overnight_v5/pub_tuned_trickle,2,post_attack,48,383,9,0,4
"повільний, налаштований",overnight_v5/pub_tuned_trickle,2,post_attack,48,384,9,0,3
"повільний, налаштований",overnight_v5/pub_tuned_trickle,2,post_attack,49,385,9,0,3
"повільний, налаштований",overnight_v5/pub_tuned_trickle,2,post_attack,49,386,9,0,2
"повільний, налаштований",overnight_v5/pub_tuned_trickle,2,post_attack,49,387,9,0,3
"повільний, налаштований",overnight_v5/pub_tuned_trickle,2,post_attack,49,388,9,0,2
"повільний, налаштований",overnight_v5/pub_tuned_trickle,2,post_attack,49,389,9,0,3
"повільний, налаштований",overnight_v5/pub_tuned_trickle,2,post_attack,49,390,9,0,2
"повільний, налаштований",overnight_v5/pub_tuned_trickle,2,post_attack,49,391,9,0,2
"повільний, налаштований",overnight_v5/pub_tuned_trickle,2,post_attack,49,392,9,0,4
"повільний, налаштований",overnight_v5/pub_tuned_trickle,2,post_attack,50,393,9,0,4
"повільний, налаштований",overnight_v5/pub_tuned_trickle,2,post_attack,50,394,9,0,2
"повільний, налаштований",overnight_v5/pub_tuned_trickle,2,post_attack,50,395,9,0,2
"повільний, налаштований",overnight_v5/pub_tuned_trickle,2,post_attack,50,396,9,0,2
"повільний, налаштований",overnight_v5/pub_tuned_trickle,2,post_attack,50,397,9,0,2
"повільний, налаштований",overnight_v5/pub_tuned_trickle,2,post_attack,50,398,9,0,2
"повільний, налаштований",overnight_v5/pub_tuned_trickle,2,post_attack,50,399,9,0,4
"повільний, налаштований",overnight_v5/pub_tuned_trickle,2,post_attack,50,400,9,0,2
"повільний, налаштований",overnight_v5/pub_tuned_trickle,3,post_attack,21,161,9,326782,1
"повільний, налаштований",overnight_v5/pub_tuned_trickle,3,post_attack,21,162,9,389327,0
"повільний, налаштований",overnight_v5/pub_tuned_trickle,3,post_attack,21,163,9,393971,1
"повільний, налаштований",overnight_v5/pub_tuned_trickle,3,post_attack,21,164,9,393366,0
"повільний, налаштований",overnight_v5/pub_tuned_trickle,3,post_attack,21,165,9,392130,1
"повільний, налаштований",overnight_v5/pub_tuned_trickle,3,post_attack,21,166,9,390318,1
"повільний, налаштований",overnight_v5/pub_tuned_trickle,3,post_attack,21,167,9,387980,0
"повільний, налаштований",overnight_v5/pub_tuned_trickle,3,post_attack,21,168,9,385163,1
"повільний, налаштований",overnight_v5/pub_tuned_trickle,3,post_attack,22,169,9,421643,1
"повільний, налаштований",overnight_v5/pub_tuned_trickle,3,post_attack,22,170,9,421522,2
"повільний, налаштований",overnight_v5/pub_tuned_trickle,3,post_attack,22,171,9,420689,1
"повільний, налаштований",overnight_v5/pub_tuned_trickle,3,post_attack,22,172,9,419204,2
"повільний, налаштований",overnight_v5/pub_tuned_trickle,3,post_attack,22,173,9,417123,0
"повільний, налаштований",overnight_v5/pub_tuned_trickle,3,post_attack,22,174,9,414499,1
"повільний, налаштований",overnight_v5/pub_tuned_trickle,3,post_attack,22,175,9,411381,2
"повільний, налаштований",overnight_v5/pub_tuned_trickle,3,post_attack,22,176,9,407815,1
"повільний, налаштований",overnight_v5/pub_tuned_trickle,3,post_attack,23,177,9,405820,2
"повільний, налаштований",overnight_v5/pub_tuned_trickle,3,post_attack,23,178,9,403292,2
"повільний, налаштований",overnight_v5/pub_tuned_trickle,3,post_attack,23,179,9,400278,2
"повільний, налаштований",overnight_v5/pub_tuned_trickle,3,post_attack,23,180,9,396824,2
"повільний, налаштований",overnight_v5/pub_tuned_trickle,3,post_attack,23,181,9,392971,2
"повільний, налаштований",overnight_v5/pub_tuned_trickle,3,post_attack,23,182,9,388759,1
"повільний, налаштований",overnight_v5/pub_tuned_trickle,3,post_attack,23,183,9,384218,0
"повільний, налаштований",overnight_v5/pub_tuned_trickle,3,post_attack,23,184,9,379387,0
"повільний, налаштований",overnight_v5/pub_tuned_trickle,3,post_attack,24,185,9,375147,2
"повільний, налаштований",overnight_v5/pub_tuned_trickle,3,post_attack,24,186,9,370605,1
"повільний, налаштований",overnight_v5/pub_tuned_trickle,3,post_attack,24,187,9,365794,1
"повільний, налаштований",overnight_v5/pub_tuned_trickle,3,post_attack,24,188,9,360743,3
"повільний, налаштований",overnight_v5/pub_tuned_trickle,3,post_attack,24,189,9,355479,3
"повільний, налаштований",overnight_v5/pub_tuned_trickle,3,post_attack,24,190,9,350028,2
"повільний, налаштований",overnight_v5/pub_tuned_trickle,3,post_attack,24,191,9,344414,1
"повільний, налаштований",overnight_v5/pub_tuned_trickle,3,post_attack,24,192,9,338659,1
"повільний, налаштований",overnight_v5/pub_tuned_trickle,3,post_attack,25,193,9,333515,0
"повільний, налаштований",overnight_v5/pub_tuned_trickle,3,post_attack,25,194,9,328207,3
"повільний, налаштований",overnight_v5/pub_tuned_trickle,3,post_attack,25,195,9,322756,3
"повільний, налаштований",overnight_v5/pub_tuned_trickle,3,post_attack,25,196,9,317182,3
"повільний, налаштований",overnight_v5/pub_tuned_trickle,3,post_attack,25,197,9,311503,4
"повільний, налаштований",overnight_v5/pub_tuned_trickle,3,post_attack,25,198,9,305737,2
"повільний, налаштований",overnight_v5/pub_tuned_trickle,3,post_attack,25,199,9,299900,3
"повільний, налаштований",overnight_v5/pub_tuned_trickle,3,post_attack,25,200,9,294006,1
"повільний, налаштований",overnight_v5/pub_tuned_trickle,3,post_attack,26,201,9,288878,3
"повільний, налаштований",overnight_v5/pub_tuned_trickle,3,post_attack,26,202,9,283651,3
"повільний, налаштований",overnight_v5/pub_tuned_trickle,3,post_attack,26,203,9,278340,2
"повільний, налаштований",overnight_v5/pub_tuned_trickle,3,post_attack,26,204,9,272960,3
"повільний, налаштований",overnight_v5/pub_tuned_trickle,3,post_attack,26,205,9,267525,3
"повільний, налаштований",overnight_v5/pub_tuned_trickle,3,post_attack,26,206,9,262047,2
"повільний, налаштований",overnight_v5/pub_tuned_trickle,3,post_attack,26,207,9,256539,3
"повільний, налаштований",overnight_v5/pub_tuned_trickle,3,post_attack,26,208,9,251011,3
"повільний, налаштований",overnight_v5/pub_tuned_trickle,3,post_attack,27,209,9,245472,3
"повільний, налаштований",overnight_v5/pub_tuned_trickle,3,post_attack,27,210,9,239932,3
"повільний, налаштований",overnight_v5/pub_tuned_trickle,3,post_attack,27,211,9,234399,2
"повільний, налаштований",overnight_v5/pub_tuned_trickle,3,post_attack,27,212,9,228881,2
"повільний, налаштований",overnight_v5/pub_tuned_trickle,3,post_attack,27,213,9,223385,2
"повільний, налаштований",overnight_v5/pub_tuned_trickle,3,post_attack,27,214,9,217913,4
"повільний, налаштований",overnight_v5/pub_tuned_trickle,3,post_attack,27,215,9,212475,2
"повільний, налаштований",overnight_v5/pub_tuned_trickle,3,post_attack,27,216,9,207077,3
"повільний, налаштований",overnight_v5/pub_tuned_trickle,3,post_attack,28,217,9,201723,3
"повільний, налаштований",overnight_v5/pub_tuned_trickle,3,post_attack,28,218,9,196417,3
"повільний, налаштований",overnight_v5/pub_tuned_trickle,3,post_attack,28,219,9,191163,4
"повільний, налаштований",overnight_v5/pub_tuned_trickle,3,post_attack,28,220,9,185964,2
"повільний, налаштований",overnight_v5/pub_tuned_trickle,3,post_attack,28,221,9,180824,3
"повільний, налаштований",overnight_v5/pub_tuned_trickle,3,post_attack,28,222,9,175745,4
"повільний, налаштований",overnight_v5/pub_tuned_trickle,3,post_attack,28,223,9,170730,2
"повільний, налаштований",overnight_v5/pub_tuned_trickle,3,post_attack,28,224,9,165781,3
"повільний, налаштований",overnight_v5/pub_tuned_trickle,3,post_attack,29,225,9,160900,1
"повільний, налаштований",overnight_v5/pub_tuned_trickle,3,post_attack,29,226,9,156088,5
"повільний, налаштований",overnight_v5/pub_tuned_trickle,3,post_attack,29,227,9,151347,2
"повільний, налаштований",overnight_v5/pub_tuned_trickle,3,post_attack,29,228,9,146678,2
"повільний, налаштований",overnight_v5/pub_tuned_trickle,3,post_attack,29,229,9,142081,4
"повільний, налаштований",overnight_v5/pub_tuned_trickle,3,post_attack,29,230,9,137558,4
"повільний, налаштований",overnight_v5/pub_tuned_trickle,3,post_attack,29,231,9,133109,5
"повільний, налаштований",overnight_v5/pub_tuned_trickle,3,post_attack,29,232,9,128734,2
"повільний, налаштований",overnight_v5/pub_tuned_trickle,3,post_attack,30,233,9,124434,2
"повільний, налаштований",overnight_v5/pub_tuned_trickle,3,post_attack,30,234,9,120209,2
"повільний, налаштований",overnight_v5/pub_tuned_trickle,3,post_attack,30,235,9,116059,4
"повільний, налаштований",overnight_v5/pub_tuned_trickle,3,post_attack,30,236,9,111984,4
"повільний, налаштований",overnight_v5/pub_tuned_trickle,3,post_attack,30,237,9,107984,4
"повільний, налаштований",overnight_v5/pub_tuned_trickle,3,post_attack,30,238,9,104058,4
"повільний, налаштований",overnight_v5/pub_tuned_trickle,3,post_attack,30,239,9,100206,4
"повільний, налаштований",overnight_v5/pub_tuned_trickle,3,post_attack,30,240,9,96428,4
"повільний, налаштований",overnight_v5/pub_tuned_trickle,3,post_attack,31,241,9,92723,3
"повільний, налаштований",overnight_v5/pub_tuned_trickle,3,post_attack,31,242,9,89090,2
"повільний, налаштований",overnight_v5/pub_tuned_trickle,3,post_attack,31,243,9,85529,3
"повільний, налаштований",overnight_v5/pub_tuned_trickle,3,post_attack,31,244,9,82039,3
"повільний, налаштований",overnight_v5/pub_tuned_trickle,3,post_attack,31,245,9,78620,2
"повільний, налаштований",overnight_v5/pub_tuned_trickle,3,post_attack,31,246,9,75270,3
"повільний, налаштований",overnight_v5/pub_tuned_trickle,3,post_attack,31,247,9,71989,3
"повільний, налаштований",overnight_v5/pub_tuned_trickle,3,post_attack,31,248,9,68776,5
"повільний, налаштований",overnight_v5/pub_tuned_trickle,3,post_attack,32,249,9,65630,4
"повільний, налаштований",overnight_v5/pub_tuned_trickle,3,post_attack,32,250,9,62550,3
"повільний, налаштований",overnight_v5/pub_tuned_trickle,3,post_attack,32,251,9,59535,2
"повільний, налаштований",overnight_v5/pub_tuned_trickle,3,post_attack,32,252,9,56584,3
"повільний, налаштований",overnight_v5/pub_tuned_trickle,3,post_attack,32,253,9,53697,4
"повільний, налаштований",overnight_v5/pub_tuned_trickle,3,post_attack,32,254,9,50872,2
"повільний, налаштований",overnight_v5/pub_tuned_trickle,3,post_attack,32,255,9,48108,5
"повільний, налаштований",overnight_v5/pub_tuned_trickle,3,post_attack,32,256,9,45404,3
"повільний, налаштований",overnight_v5/pub_tuned_trickle,3,post_attack,33,257,9,42759,2
"повільний, налаштований",overnight_v5/pub_tuned_trickle,3,post_attack,33,258,9,40193,0
"повільний, налаштований",overnight_v5/pub_tuned_trickle,3,post_attack,33,259,9,37781,2
"повільний, налаштований",overnight_v5/pub_tuned_trickle,3,post_attack,33,260,9,35514,2
"повільний, налаштований",overnight_v5/pub_tuned_trickle,3,post_attack,33,261,9,33383,3
"повільний, налаштований",overnight_v5/pub_tuned_trickle,3,post_attack,33,262,9,31380,4
"повільний, налаштований",overnight_v5/pub_tuned_trickle,3,post_attack,33,263,9,29497,3
"повільний, налаштований",overnight_v5/pub_tuned_trickle,3,post_attack,33,264,9,27727,3
"повільний, налаштований",overnight_v5/pub_tuned_trickle,3,post_attack,34,265,9,26063,1
"повільний, налаштований",overnight_v5/pub_tuned_trickle,3,post_attack,34,266,9,24499,4
"повільний, налаштований",overnight_v5/pub_tuned_trickle,3,post_attack,34,267,9,23029,2
"повільний, налаштований",overnight_v5/pub_tuned_trickle,3,post_attack,34,268,9,21647,2
"повільний, налаштований",overnight_v5/pub_tuned_trickle,3,post_attack,34,269,9,20348,4
"повільний, налаштований",overnight_v5/pub_tuned_trickle,3,post_attack,34,270,9,19127,2
"повільний, налаштований",overnight_v5/pub_tuned_trickle,3,post_attack,34,271,9,17979,3
"повільний, налаштований",overnight_v5/pub_tuned_trickle,3,post_attack,34,272,9,16900,4
"повільний, налаштований",overnight_v5/pub_tuned_trickle,3,post_attack,35,273,9,15886,3
"повільний, налаштований",overnight_v5/pub_tuned_trickle,3,post_attack,35,274,9,14933,3
"повільний, налаштований",overnight_v5/pub_tuned_trickle,3,post_attack,35,275,9,14037,3
"повільний, налаштований",overnight_v5/pub_tuned_trickle,3,post_attack,35,276,9,13195,4
"повільний, налаштований",overnight_v5/pub_tuned_trickle,3,post_attack,35,277,9,12403,3
"повільний, налаштований",overnight_v5/pub_tuned_trickle,3,post_attack,35,278,9,11659,3
"повільний, налаштований",overnight_v5/pub_tuned_trickle,3,post_attack,35,279,9,10959,4
"повільний, налаштований",overnight_v5/pub_tuned_trickle,3,post_attack,35,280,9,10301,2
"повільний, налаштований",overnight_v5/pub_tuned_trickle,3,post_attack,36,281,9,9683,1
"повільний, налаштований",overnight_v5/pub_tuned_trickle,3,post_attack,36,282,9,9102,3
"повільний, налаштований",overnight_v5/pub_tuned_trickle,3,post_attack,36,283,9,8556,4
"повільний, налаштований",overnight_v5/pub_tuned_trickle,3,post_attack,36,284,9,8043,2
"повільний, налаштований",overnight_v5/pub_tuned_trickle,3,post_attack,36,285,9,7560,5
"повільний, налаштований",overnight_v5/pub_tuned_trickle,3,post_attack,36,286,9,7106,3
"повільний, налаштований",overnight_v5/pub_tuned_trickle,3,post_attack,36,287,9,6680,2
"повільний, налаштований",overnight_v5/pub_tuned_trickle,3,post_attack,36,288,9,6279,0
"повільний, налаштований",overnight_v5/pub_tuned_trickle,3,post_attack,37,289,9,5902,5
"повільний, налаштований",overnight_v5/pub_tuned_trickle,3,post_attack,37,290,9,5548,4
"повільний, налаштований",overnight_v5/pub_tuned_trickle,3,post_attack,37,291,9,5215,4
"повільний, налаштований",overnight_v5/pub_tuned_trickle,3,post_attack,37,292,9,4902,3
"повільний, налаштований",overnight_v5/pub_tuned_trickle,3,post_attack,37,293,9,4608,1
"повільний, налаштований",overnight_v5/pub_tuned_trickle,3,post_attack,37,294,9,4332,2
"повільний, налаштований",overnight_v5/pub_tuned_trickle,3,post_attack,37,295,9,4072,2
"повільний, налаштований",overnight_v5/pub_tuned_trickle,3,post_attack,37,296,9,3828,3
"повільний, налаштований",overnight_v5/pub_tuned_trickle,3,post_attack,38,297,9,3598,2
"повільний, налаштований",overnight_v5/pub_tuned_trickle,3,post_attack,38,298,9,3382,3
"повільний, налаштований",overnight_v5/pub_tuned_trickle,3,post_attack,38,299,9,3179,4
"повільний, налаштований",overnight_v5/pub_tuned_trickle,3,post_attack,38,300,9,2988,3
"повільний, налаштований",overnight_v5/pub_tuned_trickle,3,post_attack,38,301,9,2809,3
"повільний, налаштований",overnight_v5/pub_tuned_trickle,3,post_attack,38,302,9,2640,4
"повільний, налаштований",overnight_v5/pub_tuned_trickle,3,post_attack,38,303,9,2482,3
"повільний, налаштований",overnight_v5/pub_tuned_trickle,3,post_attack,38,304,9,2333,3
"повільний, налаштований",overnight_v5/pub_tuned_trickle,3,post_attack,39,305,9,2193,2
"повільний, налаштований",overnight_v5/pub_tuned_trickle,3,post_attack,39,306,9,2061,3
"повільний, налаштований",overnight_v5/pub_tuned_trickle,3,post_attack,39,307,9,1937,4
"повільний, налаштований",overnight_v5/pub_tuned_trickle,3,post_attack,39,308,9,1821,4
"повільний, налаштований",overnight_v5/pub_tuned_trickle,3,post_attack,39,309,9,1712,2
"повільний, налаштований",overnight_v5/pub_tuned_trickle,3,post_attack,39,310,9,1609,0
"повільний, налаштований",overnight_v5/pub_tuned_trickle,3,post_attack,39,311,9,1512,4
"повільний, налаштований",overnight_v5/pub_tuned_trickle,3,post_attack,39,312,9,1421,2
"повільний, налаштований",overnight_v5/pub_tuned_trickle,3,post_attack,40,313,9,1336,2
"повільний, налаштований",overnight_v5/pub_tuned_trickle,3,post_attack,40,314,9,1256,2
"повільний, налаштований",overnight_v5/pub_tuned_trickle,3,post_attack,40,315,9,1181,3
"повільний, налаштований",overnight_v5/pub_tuned_trickle,3,post_attack,40,316,9,1110,2
"повільний, налаштований",overnight_v5/pub_tuned_trickle,3,post_attack,40,317,9,1043,2
"повільний, налаштований",overnight_v5/pub_tuned_trickle,3,post_attack,40,318,9,980,2
"повільний, налаштований",overnight_v5/pub_tuned_trickle,3,post_attack,40,319,9,0,4
"повільний, налаштований",overnight_v5/pub_tuned_trickle,3,post_attack,40,320,9,0,2
"повільний, налаштований",overnight_v5/pub_tuned_trickle,3,post_attack,41,321,9,0,2
"повільний, налаштований",overnight_v5/pub_tuned_trickle,3,post_attack,41,322,9,0,3
"повільний, налаштований",overnight_v5/pub_tuned_trickle,3,post_attack,41,323,9,0,3
"повільний, налаштований",overnight_v5/pub_tuned_trickle,3,post_attack,41,324,9,0,4
"повільний, налаштований",overnight_v5/pub_tuned_trickle,3,post_attack,41,325,9,0,3
"повільний, налаштований",overnight_v5/pub_tuned_trickle,3,post_attack,41,326,9,0,3
"повільний, налаштований",overnight_v5/pub_tuned_trickle,3,post_attack,41,327,9,0,2
"повільний, налаштований",overnight_v5/pub_tuned_trickle,3,post_attack,41,328,9,0,2
"повільний, налаштований",overnight_v5/pub_tuned_trickle,3,post_attack,42,329,9,0,2
"повільний, налаштований",overnight_v5/pub_tuned_trickle,3,post_attack,42,330,9,0,4
"повільний, налаштований",overnight_v5/pub_tuned_trickle,3,post_attack,42,331,9,0,3
"повільний, налаштований",overnight_v5/pub_tuned_trickle,3,post_attack,42,332,9,0,2
"повільний, налаштований",overnight_v5/pub_tuned_trickle,3,post_attack,42,333,9,0,2
"повільний, налаштований",overnight_v5/pub_tuned_trickle,3,post_attack,42,334,9,0,2
"повільний, налаштований",overnight_v5/pub_tuned_trickle,3,post_attack,42,335,9,0,4
"повільний, налаштований",overnight_v5/pub_tuned_trickle,3,post_attack,42,336,9,0,4
"повільний, налаштований",overnight_v5/pub_tuned_trickle,3,post_attack,43,337,9,0,2
"повільний, налаштований",overnight_v5/pub_tuned_trickle,3,post_attack,43,338,9,0,3
"повільний, налаштований",overnight_v5/pub_tuned_trickle,3,post_attack,43,339,9,0,3
"повільний, налаштований",overnight_v5/pub_tuned_trickle,3,post_attack,43,340,9,0,3
"повільний, налаштований",overnight_v5/pub_tuned_trickle,3,post_attack,43,341,9,0,3
"повільний, налаштований",overnight_v5/pub_tuned_trickle,3,post_attack,43,342,9,0,2
"повільний, налаштований",overnight_v5/pub_tuned_trickle,3,post_attack,43,343,9,0,1
"повільний, налаштований",overnight_v5/pub_tuned_trickle,3,post_attack,43,344,9,0,4
"повільний, налаштований",overnight_v5/pub_tuned_trickle,3,post_attack,44,345,9,0,3
"повільний, налаштований",overnight_v5/pub_tuned_trickle,3,post_attack,44,346,9,0,3
"повільний, налаштований",overnight_v5/pub_tuned_trickle,3,post_attack,44,347,9,0,4
"повільний, налаштований",overnight_v5/pub_tuned_trickle,3,post_attack,44,348,9,0,3
"повільний, налаштований",overnight_v5/pub_tuned_trickle,3,post_attack,44,349,9,0,2
"повільний, налаштований",overnight_v5/pub_tuned_trickle,3,post_attack,44,350,9,0,0
"повільний, налаштований",overnight_v5/pub_tuned_trickle,3,post_attack,44,351,9,0,1
"повільний, налаштований",overnight_v5/pub_tuned_trickle,3,post_attack,44,352,9,0,3
"повільний, налаштований",overnight_v5/pub_tuned_trickle,3,post_attack,45,353,9,0,2
"повільний, налаштований",overnight_v5/pub_tuned_trickle,3,post_attack,45,354,9,0,4
"повільний, налаштований",overnight_v5/pub_tuned_trickle,3,post_attack,45,355,9,0,3
"повільний, налаштований",overnight_v5/pub_tuned_trickle,3,post_attack,45,356,9,0,3
"повільний, налаштований",overnight_v5/pub_tuned_trickle,3,post_attack,45,357,9,0,4
"повільний, налаштований",overnight_v5/pub_tuned_trickle,3,post_attack,45,358,9,0,2
"повільний, налаштований",overnight_v5/pub_tuned_trickle,3,post_attack,45,359,9,0,4
"повільний, налаштований",overnight_v5/pub_tuned_trickle,3,post_attack,45,360,9,0,2
"повільний, налаштований",overnight_v5/pub_tuned_trickle,3,post_attack,46,361,9,0,3
"повільний, налаштований",overnight_v5/pub_tuned_trickle,3,post_attack,46,362,9,0,4
"повільний, налаштований",overnight_v5/pub_tuned_trickle,3,post_attack,46,363,9,0,1
"повільний, налаштований",overnight_v5/pub_tuned_trickle,3,post_attack,46,364,9,0,3
"повільний, налаштований",overnight_v5/pub_tuned_trickle,3,post_attack,46,365,9,0,2
"повільний, налаштований",overnight_v5/pub_tuned_trickle,3,post_attack,46,366,9,0,4
"повільний, налаштований",overnight_v5/pub_tuned_trickle,3,post_attack,46,367,9,0,4
"повільний, налаштований",overnight_v5/pub_tuned_trickle,3,post_attack,46,368,9,0,4
"повільний, налаштований",overnight_v5/pub_tuned_trickle,3,post_attack,47,369,9,0,1
"повільний, налаштований",overnight_v5/pub_tuned_trickle,3,post_attack,47,370,9,0,3
"повільний, налаштований",overnight_v5/pub_tuned_trickle,3,post_attack,47,371,9,0,4
"повільний, налаштований",overnight_v5/pub_tuned_trickle,3,post_attack,47,372,9,0,4
"повільний, налаштований",overnight_v5/pub_tuned_trickle,3,post_attack,47,373,9,0,4
"повільний, налаштований",overnight_v5/pub_tuned_trickle,3,post_attack,47,374,9,0,5
"повільний, налаштований",overnight_v5/pub_tuned_trickle,3,post_attack,47,375,9,0,2
"повільний, налаштований",overnight_v5/pub_tuned_trickle,3,post_attack,47,376,9,0,3
"повільний, налаштований",overnight_v5/pub_tuned_trickle,3,post_attack,48,377,9,0,2
"повільний, налаштований",overnight_v5/pub_tuned_trickle,3,post_attack,48,378,9,0,4
"повільний, налаштований",overnight_v5/pub_tuned_trickle,3,post_attack,48,379,9,0,2
"повільний, налаштований",overnight_v5/pub_tuned_trickle,3,post_attack,48,380,9,0,3
"повільний, налаштований",overnight_v5/pub_tuned_trickle,3,post_attack,48,381,9,0,3
"повільний, налаштований",overnight_v5/pub_tuned_trickle,3,post_attack,48,382,9,0,4
"повільний, налаштований",overnight_v5/pub_tuned_trickle,3,post_attack,48,383,9,0,4
"повільний, налаштований",overnight_v5/pub_tuned_trickle,3,post_attack,48,384,9,0,2
"повільний, налаштований",overnight_v5/pub_tuned_trickle,3,post_attack,49,385,9,0,3
"повільний, налаштований",overnight_v5/pub_tuned_trickle,3,post_attack,49,386,9,0,2
"повільний, налаштований",overnight_v5/pub_tuned_trickle,3,post_attack,49,387,9,0,2
"повільний, налаштований",overnight_v5/pub_tuned_trickle,3,post_attack,49,388,9,0,3
"повільний, налаштований",overnight_v5/pub_tuned_trickle,3,post_attack,49,389,9,0,3
"повільний, налаштований",overnight_v5/pub_tuned_trickle,3,post_attack,49,390,9,0,3
"повільний, налаштований",overnight_v5/pub_tuned_trickle,3,post_attack,49,391,9,0,2
"повільний, налаштований",overnight_v5/pub_tuned_trickle,3,post_attack,49,392,9,0,3
"повільний, налаштований",overnight_v5/pub_tuned_trickle,3,post_attack,50,393,9,0,1
"повільний, налаштований",overnight_v5/pub_tuned_trickle,3,post_attack,50,394,9,0,1
"повільний, налаштований",overnight_v5/pub_tuned_trickle,3,post_attack,50,395,9,0,2
"повільний, налаштований",overnight_v5/pub_tuned_trickle,3,post_attack,50,396,9,0,2
"повільний, налаштований",overnight_v5/pub_tuned_trickle,3,post_attack,50,397,9,0,3
"повільний, налаштований",overnight_v5/pub_tuned_trickle,3,post_attack,50,398,9,0,3
"повільний, налаштований",overnight_v5/pub_tuned_trickle,3,post_attack,50,399,9,0,3
"повільний, налаштований",overnight_v5/pub_tuned_trickle,3,post_attack,50,400,9,0,2
"повільний, налаштований + a_down",overnight_v5/pub_alphadown02_lammax065_trickle,1,post_attack,21,161,9,326782,1
"повільний, налаштований + a_down",overnight_v5/pub_alphadown02_lammax065_trickle,1,post_attack,21,162,9,389327,1
"повільний, налаштований + a_down",overnight_v5/pub_alphadown02_lammax065_trickle,1,post_attack,21,163,9,393971,1
"повільний, налаштований + a_down",overnight_v5/pub_alphadown02_lammax065_trickle,1,post_attack,21,164,9,393769,0
"повільний, налаштований + a_down",overnight_v5/pub_alphadown02_lammax065_trickle,1,post_attack,21,165,9,393349,0
"повільний, налаштований + a_down",overnight_v5/pub_alphadown02_lammax065_trickle,1,post_attack,21,166,9,392720,1
"повільний, налаштований + a_down",overnight_v5/pub_alphadown02_lammax065_trickle,1,post_attack,21,167,9,391893,1
"повільний, налаштований + a_down",overnight_v5/pub_alphadown02_lammax065_trickle,1,post_attack,21,168,9,390876,1
"повільний, налаштований + a_down",overnight_v5/pub_alphadown02_lammax065_trickle,1,post_attack,22,169,9,422900,1
"повільний, налаштований + a_down",overnight_v5/pub_alphadown02_lammax065_trickle,1,post_attack,22,170,9,422835,0
"повільний, налаштований + a_down",overnight_v5/pub_alphadown02_lammax065_trickle,1,post_attack,22,171,9,422531,1
"повільний, налаштований + a_down",overnight_v5/pub_alphadown02_lammax065_trickle,1,post_attack,22,172,9,421999,2
"повільний, налаштований + a_down",overnight_v5/pub_alphadown02_lammax065_trickle,1,post_attack,22,173,9,421249,0
"повільний, налаштований + a_down",overnight_v5/pub_alphadown02_lammax065_trickle,1,post_attack,22,174,9,420292,1
"повільний, налаштований + a_down",overnight_v5/pub_alphadown02_lammax065_trickle,1,post_attack,22,175,9,419137,2
"повільний, налаштований + a_down",overnight_v5/pub_alphadown02_lammax065_trickle,1,post_attack,22,176,9,417793,2
"повільний, налаштований + a_down",overnight_v5/pub_alphadown02_lammax065_trickle,1,post_attack,23,177,9,416929,2
"повільний, налаштований + a_down",overnight_v5/pub_alphadown02_lammax065_trickle,1,post_attack,23,178,9,415864,1
"повільний, налаштований + a_down",overnight_v5/pub_alphadown02_lammax065_trickle,1,post_attack,23,179,9,414608,2
"повільний, налаштований + a_down",overnight_v5/pub_alphadown02_lammax065_trickle,1,post_attack,23,180,9,413170,2
"повільний, налаштований + a_down",overnight_v5/pub_alphadown02_lammax065_trickle,1,post_attack,23,181,9,411559,2
"повільний, налаштований + a_down",overnight_v5/pub_alphadown02_lammax065_trickle,1,post_attack,23,182,9,409783,1
"повільний, налаштований + a_down",overnight_v5/pub_alphadown02_lammax065_trickle,1,post_attack,23,183,9,407849,1
"повільний, налаштований + a_down",overnight_v5/pub_alphadown02_lammax065_trickle,1,post_attack,23,184,9,405766,1
"повільний, налаштований + a_down",overnight_v5/pub_alphadown02_lammax065_trickle,1,post_attack,24,185,9,403825,1
"повільний, налаштований + a_down",overnight_v5/pub_alphadown02_lammax065_trickle,1,post_attack,24,186,9,401738,2
"повільний, налаштований + a_down",overnight_v5/pub_alphadown02_lammax065_trickle,1,post_attack,24,187,9,399512,3
"повільний, налаштований + a_down",overnight_v5/pub_alphadown02_lammax065_trickle,1,post_attack,24,188,9,397154,2
"повільний, налаштований + a_down",overnight_v5/pub_alphadown02_lammax065_trickle,1,post_attack,24,189,9,394671,4
"повільний, налаштований + a_down",overnight_v5/pub_alphadown02_lammax065_trickle,1,post_attack,24,190,9,392070,3
"повільний, налаштований + a_down",overnight_v5/pub_alphadown02_lammax065_trickle,1,post_attack,24,191,9,389358,3
"повільний, налаштований + a_down",overnight_v5/pub_alphadown02_lammax065_trickle,1,post_attack,24,192,9,386541,2
"повільний, налаштований + a_down",overnight_v5/pub_alphadown02_lammax065_trickle,1,post_attack,25,193,9,383869,2
"повільний, налаштований + a_down",overnight_v5/pub_alphadown02_lammax065_trickle,1,post_attack,25,194,9,381092,2
"повільний, налаштований + a_down",overnight_v5/pub_alphadown02_lammax065_trickle,1,post_attack,25,195,9,378217,1
"повільний, налаштований + a_down",overnight_v5/pub_alphadown02_lammax065_trickle,1,post_attack,25,196,9,375250,3
"повільний, налаштований + a_down",overnight_v5/pub_alphadown02_lammax065_trickle,1,post_attack,25,197,9,372196,4
"повільний, налаштований + a_down",overnight_v5/pub_alphadown02_lammax065_trickle,1,post_attack,25,198,9,369060,3
"повільний, налаштований + a_down",overnight_v5/pub_alphadown02_lammax065_trickle,1,post_attack,25,199,9,365848,2
"повільний, налаштований + a_down",overnight_v5/pub_alphadown02_lammax065_trickle,1,post_attack,25,200,9,362564,2
"повільний, налаштований + a_down",overnight_v5/pub_alphadown02_lammax065_trickle,1,post_attack,26,201,9,359484,3
"повільний, налаштований + a_down",overnight_v5/pub_alphadown02_lammax065_trickle,1,post_attack,26,202,9,356329,2
"повільний, налаштований + a_down",overnight_v5/pub_alphadown02_lammax065_trickle,1,post_attack,26,203,9,353105,2
"повільний, налаштований + a_down",overnight_v5/pub_alphadown02_lammax065_trickle,1,post_attack,26,204,9,349816,1
"повільний, налаштований + a_down",overnight_v5/pub_alphadown02_lammax065_trickle,1,post_attack,26,205,9,346467,1
"повільний, налаштований + a_down",overnight_v5/pub_alphadown02_lammax065_trickle,1,post_attack,26,206,9,343062,3
"повільний, налаштований + a_down",overnight_v5/pub_alphadown02_lammax065_trickle,1,post_attack,26,207,9,339606,3
"повільний, налаштований + a_down",overnight_v5/pub_alphadown02_lammax065_trickle,1,post_attack,26,208,9,336102,1
"повільний, налаштований + a_down",overnight_v5/pub_alphadown02_lammax065_trickle,1,post_attack,27,209,9,332554,4
"повільний, налаштований + a_down",overnight_v5/pub_alphadown02_lammax065_trickle,1,post_attack,27,210,9,328966,1
"повільний, налаштований + a_down",overnight_v5/pub_alphadown02_lammax065_trickle,1,post_attack,27,211,9,325341,4
"повільний, налаштований + a_down",overnight_v5/pub_alphadown02_lammax065_trickle,1,post_attack,27,212,9,321683,3
"повільний, налаштований + a_down",overnight_v5/pub_alphadown02_lammax065_trickle,1,post_attack,27,213,9,317995,4
"повільний, налаштований + a_down",overnight_v5/pub_alphadown02_lammax065_trickle,1,post_attack,27,214,9,314279,3
"повільний, налаштований + a_down",overnight_v5/pub_alphadown02_lammax065_trickle,1,post_attack,27,215,9,310539,2
"повільний, налаштований + a_down",overnight_v5/pub_alphadown02_lammax065_trickle,1,post_attack,27,216,9,306778,4
"повільний, налаштований + a_down",overnight_v5/pub_alphadown02_lammax065_trickle,1,post_attack,28,217,9,302999,3
"повільний, налаштований + a_down",overnight_v5/pub_alphadown02_lammax065_trickle,1,post_attack,28,218,9,299205,2
"повільний, налаштований + a_down",overnight_v5/pub_alphadown02_lammax065_trickle,1,post_attack,28,219,9,295398,4
"повільний, налаштований + a_down",overnight_v5/pub_alphadown02_lammax065_trickle,1,post_attack,28,220,9,291580,2
"повільний, налаштований + a_down",overnight_v5/pub_alphadown02_lammax065_trickle,1,post_attack,28,221,9,287754,3
"повільний, налаштований + a_down",overnight_v5/pub_alphadown02_lammax065_trickle,1,post_attack,28,222,9,283923,2
"повільний, налаштований + a_down",overnight_v5/pub_alphadown02_lammax065_trickle,1,post_attack,28,223,9,280088,2
"повільний, налаштований + a_down",overnight_v5/pub_alphadown02_lammax065_trickle,1,post_attack,28,224,9,276251,2
"повільний, налаштований + a_down",overnight_v5/pub_alphadown02_lammax065_trickle,1,post_attack,29,225,9,272415,3
"повільний, налаштований + a_down",overnight_v5/pub_alphadown02_lammax065_trickle,1,post_attack,29,226,9,268581,4
"повільний, налаштований + a_down",overnight_v5/pub_alphadown02_lammax065_trickle,1,post_attack,29,227,9,264751,2
"повільний, налаштований + a_down",overnight_v5/pub_alphadown02_lammax065_trickle,1,post_attack,29,228,9,260926,3
"повільний, налаштований + a_down",overnight_v5/pub_alphadown02_lammax065_trickle,1,post_attack,29,229,9,257109,3
"повільний, налаштований + a_down",overnight_v5/pub_alphadown02_lammax065_trickle,1,post_attack,29,230,9,253301,3
"повільний, налаштований + a_down",overnight_v5/pub_alphadown02_lammax065_trickle,1,post_attack,29,231,9,249503,3
"повільний, налаштований + a_down",overnight_v5/pub_alphadown02_lammax065_trickle,1,post_attack,29,232,9,245717,3
"повільний, налаштований + a_down",overnight_v5/pub_alphadown02_lammax065_trickle,1,post_attack,30,233,9,241944,2
"повільний, налаштований + a_down",overnight_v5/pub_alphadown02_lammax065_trickle,1,post_attack,30,234,9,238186,2
"повільний, налаштований + a_down",overnight_v5/pub_alphadown02_lammax065_trickle,1,post_attack,30,235,9,234443,2
"повільний, налаштований + a_down",overnight_v5/pub_alphadown02_lammax065_trickle,1,post_attack,30,236,9,230717,3
"повільний, налаштований + a_down",overnight_v5/pub_alphadown02_lammax065_trickle,1,post_attack,30,237,9,227009,3
"повільний, налаштований + a_down",overnight_v5/pub_alphadown02_lammax065_trickle,1,post_attack,30,238,9,223320,2
"повільний, налаштований + a_down",overnight_v5/pub_alphadown02_lammax065_trickle,1,post_attack,30,239,9,219651,3
"повільний, налаштований + a_down",overnight_v5/pub_alphadown02_lammax065_trickle,1,post_attack,30,240,9,216003,4
"повільний, налаштований + a_down",overnight_v5/pub_alphadown02_lammax065_trickle,1,post_attack,31,241,9,212376,2
"повільний, налаштований + a_down",overnight_v5/pub_alphadown02_lammax065_trickle,1,post_attack,31,242,9,208772,3
"повільний, налаштований + a_down",overnight_v5/pub_alphadown02_lammax065_trickle,1,post_attack,31,243,9,205191,3
"повільний, налаштований + a_down",overnight_v5/pub_alphadown02_lammax065_trickle,1,post_attack,31,244,9,201635,2
"повільний, налаштований + a_down",overnight_v5/pub_alphadown02_lammax065_trickle,1,post_attack,31,245,9,198103,3
"повільний, налаштований + a_down",overnight_v5/pub_alphadown02_lammax065_trickle,1,post_attack,31,246,9,194597,3
"повільний, налаштований + a_down",overnight_v5/pub_alphadown02_lammax065_trickle,1,post_attack,31,247,9,191117,2
"повільний, налаштований + a_down",overnight_v5/pub_alphadown02_lammax065_trickle,1,post_attack,31,248,9,187663,2
"повільний, налаштований + a_down",overnight_v5/pub_alphadown02_lammax065_trickle,1,post_attack,32,249,9,184237,2
"повільний, налаштований + a_down",overnight_v5/pub_alphadown02_lammax065_trickle,1,post_attack,32,250,9,180838,2
"повільний, налаштований + a_down",overnight_v5/pub_alphadown02_lammax065_trickle,1,post_attack,32,251,9,177467,3
"повільний, налаштований + a_down",overnight_v5/pub_alphadown02_lammax065_trickle,1,post_attack,32,252,9,174125,2
"повільний, налаштований + a_down",overnight_v5/pub_alphadown02_lammax065_trickle,1,post_attack,32,253,9,170812,4
"повільний, налаштований + a_down",overnight_v5/pub_alphadown02_lammax065_trickle,1,post_attack,32,254,9,167528,2
"повільний, налаштований + a_down",overnight_v5/pub_alphadown02_lammax065_trickle,1,post_attack,32,255,9,164274,4
"повільний, налаштований + a_down",overnight_v5/pub_alphadown02_lammax065_trickle,1,post_attack,32,256,9,161049,3
"повільний, налаштований + a_down",overnight_v5/pub_alphadown02_lammax065_trickle,1,post_attack,33,257,9,157855,3
"повільний, налаштований + a_down",overnight_v5/pub_alphadown02_lammax065_trickle,1,post_attack,33,258,9,154698,3
"повільний, налаштований + a_down",overnight_v5/pub_alphadown02_lammax065_trickle,1,post_attack,33,259,9,151604,4
"повільний, налаштований + a_down",overnight_v5/pub_alphadown02_lammax065_trickle,1,post_attack,33,260,9,148572,2
"повільний, налаштований + a_down",overnight_v5/pub_alphadown02_lammax065_trickle,1,post_attack,33,261,9,145601,3
"повільний, налаштований + a_down",overnight_v5/pub_alphadown02_lammax065_trickle,1,post_attack,33,262,9,142689,3
"повільний, налаштований + a_down",overnight_v5/pub_alphadown02_lammax065_trickle,1,post_attack,33,263,9,139835,4
"повільний, налаштований + a_down",overnight_v5/pub_alphadown02_lammax065_trickle,1,post_attack,33,264,9,137038,5
"повільний, налаштований + a_down",overnight_v5/pub_alphadown02_lammax065_trickle,1,post_attack,34,265,9,134297,3
"повільний, налаштований + a_down",overnight_v5/pub_alphadown02_lammax065_trickle,1,post_attack,34,266,9,131611,3
"повільний, налаштований + a_down",overnight_v5/pub_alphadown02_lammax065_trickle,1,post_attack,34,267,9,128979,3
"повільний, налаштований + a_down",overnight_v5/pub_alphadown02_lammax065_trickle,1,post_attack,34,268,9,126399,1
"повільний, налаштований + a_down",overnight_v5/pub_alphadown02_lammax065_trickle,1,post_attack,34,269,9,123871,1
"повільний, налаштований + a_down",overnight_v5/pub_alphadown02_lammax065_trickle,1,post_attack,34,270,9,121394,2
"повільний, налаштований + a_down",overnight_v5/pub_alphadown02_lammax065_trickle,1,post_attack,34,271,9,118966,5
"повільний, налаштований + a_down",overnight_v5/pub_alphadown02_lammax065_trickle,1,post_attack,34,272,9,116587,1
"повільний, налаштований + a_down",overnight_v5/pub_alphadown02_lammax065_trickle,1,post_attack,35,273,9,114255,4
"повільний, налаштований + a_down",overnight_v5/pub_alphadown02_lammax065_trickle,1,post_attack,35,274,9,111970,1
"повільний, налаштований + a_down",overnight_v5/pub_alphadown02_lammax065_trickle,1,post_attack,35,275,9,109731,4
"повільний, налаштований + a_down",overnight_v5/pub_alphadown02_lammax065_trickle,1,post_attack,35,276,9,107536,3
"повільний, налаштований + a_down",overnight_v5/pub_alphadown02_lammax065_trickle,1,post_attack,35,277,9,105385,2
"повільний, налаштований + a_down",overnight_v5/pub_alphadown02_lammax065_trickle,1,post_attack,35,278,9,103277,0
"повільний, налаштований + a_down",overnight_v5/pub_alphadown02_lammax065_trickle,1,post_attack,35,279,9,101211,4
"повільний, налаштований + a_down",overnight_v5/pub_alphadown02_lammax065_trickle,1,post_attack,35,280,9,99187,4
"повільний, налаштований + a_down",overnight_v5/pub_alphadown02_lammax065_trickle,1,post_attack,36,281,9,97203,2
"повільний, налаштований + a_down",overnight_v5/pub_alphadown02_lammax065_trickle,1,post_attack,36,282,9,95259,2
"повільний, налаштований + a_down",overnight_v5/pub_alphadown02_lammax065_trickle,1,post_attack,36,283,9,93354,3
"повільний, налаштований + a_down",overnight_v5/pub_alphadown02_lammax065_trickle,1,post_attack,36,284,9,91487,3
"повільний, налаштований + a_down",overnight_v5/pub_alphadown02_lammax065_trickle,1,post_attack,36,285,9,89657,3
"повільний, налаштований + a_down",overnight_v5/pub_alphadown02_lammax065_trickle,1,post_attack,36,286,9,87864,1
"повільний, налаштований + a_down",overnight_v5/pub_alphadown02_lammax065_trickle,1,post_attack,36,287,9,86107,3
"повільний, налаштований + a_down",overnight_v5/pub_alphadown02_lammax065_trickle,1,post_attack,36,288,9,84385,2
"повільний, налаштований + a_down",overnight_v5/pub_alphadown02_lammax065_trickle,1,post_attack,37,289,9,82697,3
"повільний, налаштований + a_down",overnight_v5/pub_alphadown02_lammax065_trickle,1,post_attack,37,290,9,81043,5
"повільний, налаштований + a_down",overnight_v5/pub_alphadown02_lammax065_trickle,1,post_attack,37,291,9,79422,3
"повільний, налаштований + a_down",overnight_v5/pub_alphadown02_lammax065_trickle,1,post_attack,37,292,9,77834,2
"повільний, налаштований + a_down",overnight_v5/pub_alphadown02_lammax065_trickle,1,post_attack,37,293,9,76277,2
"повільний, налаштований + a_down",overnight_v5/pub_alphadown02_lammax065_trickle,1,post_attack,37,294,9,74751,2
"повільний, налаштований + a_down",overnight_v5/pub_alphadown02_lammax065_trickle,1,post_attack,37,295,9,73256,2
"повільний, налаштований + a_down",overnight_v5/pub_alphadown02_lammax065_trickle,1,post_attack,37,296,9,71791,2
"повільний, налаштований + a_down",overnight_v5/pub_alphadown02_lammax065_trickle,1,post_attack,38,297,9,70355,2
"повільний, налаштований + a_down",overnight_v5/pub_alphadown02_lammax065_trickle,1,post_attack,38,298,9,68948,3
"повільний, налаштований + a_down",overnight_v5/pub_alphadown02_lammax065_trickle,1,post_attack,38,299,9,67569,2
"повільний, налаштований + a_down",overnight_v5/pub_alphadown02_lammax065_trickle,1,post_attack,38,300,9,66218,4
"повільний, налаштований + a_down",overnight_v5/pub_alphadown02_lammax065_trickle,1,post_attack,38,301,9,64894,3
"повільний, налаштований + a_down",overnight_v5/pub_alphadown02_lammax065_trickle,1,post_attack,38,302,9,63596,4
"повільний, налаштований + a_down",overnight_v5/pub_alphadown02_lammax065_trickle,1,post_attack,38,303,9,62324,2
"повільний, налаштований + a_down",overnight_v5/pub_alphadown02_lammax065_trickle,1,post_attack,38,304,9,61078,1
"повільний, налаштований + a_down",overnight_v5/pub_alphadown02_lammax065_trickle,1,post_attack,39,305,9,59856,1
"повільний, налаштований + a_down",overnight_v5/pub_alphadown02_lammax065_trickle,1,post_attack,39,306,9,58659,2
"повільний, налаштований + a_down",overnight_v5/pub_alphadown02_lammax065_trickle,1,post_attack,39,307,9,57486,3
"повільний, налаштований + a_down",overnight_v5/pub_alphadown02_lammax065_trickle,1,post_attack,39,308,9,56336,2
"повільний, налаштований + a_down",overnight_v5/pub_alphadown02_lammax065_trickle,1,post_attack,39,309,9,55209,4
"повільний, налаштований + a_down",overnight_v5/pub_alphadown02_lammax065_trickle,1,post_attack,39,310,9,54105,3
"повільний, налаштований + a_down",overnight_v5/pub_alphadown02_lammax065_trickle,1,post_attack,39,311,9,53023,3
"повільний, налаштований + a_down",overnight_v5/pub_alphadown02_lammax065_trickle,1,post_attack,39,312,9,51963,3
"повільний, налаштований + a_down",overnight_v5/pub_alphadown02_lammax065_trickle,1,post_attack,40,313,9,50924,1
"повільний, налаштований + a_down",overnight_v5/pub_alphadown02_lammax065_trickle,1,post_attack,40,314,9,49906,2
"повільний, налаштований + a_down",overnight_v5/pub_alphadown02_lammax065_trickle,1,post_attack,40,315,9,48908,4
"повільний, налаштований + a_down",overnight_v5/pub_alphadown02_lammax065_trickle,1,post_attack,40,316,9,47930,5
"повільний, налаштований + a_down",overnight_v5/pub_alphadown02_lammax065_trickle,1,post_attack,40,317,9,46971,3
"повільний, налаштований + a_down",overnight_v5/pub_alphadown02_lammax065_trickle,1,post_attack,40,318,9,46032,1
"повільний, налаштований + a_down",overnight_v5/pub_alphadown02_lammax065_trickle,1,post_attack,40,319,9,45111,3
"повільний, налаштований + a_down",overnight_v5/pub_alphadown02_lammax065_trickle,1,post_attack,40,320,9,44209,3
"повільний, налаштований + a_down",overnight_v5/pub_alphadown02_lammax065_trickle,1,post_attack,41,321,9,43325,3
"повільний, налаштований + a_down",overnight_v5/pub_alphadown02_lammax065_trickle,1,post_attack,41,322,9,42459,3
"повільний, налаштований + a_down",overnight_v5/pub_alphadown02_lammax065_trickle,1,post_attack,41,323,9,41610,4
"повільний, налаштований + a_down",overnight_v5/pub_alphadown02_lammax065_trickle,1,post_attack,41,324,9,40778,3
"повільний, налаштований + a_down",overnight_v5/pub_alphadown02_lammax065_trickle,1,post_attack,41,325,9,39962,2
"повільний, налаштований + a_down",overnight_v5/pub_alphadown02_lammax065_trickle,1,post_attack,41,326,9,39163,4
"повільний, налаштований + a_down",overnight_v5/pub_alphadown02_lammax065_trickle,1,post_attack,41,327,9,38380,3
"повільний, налаштований + a_down",overnight_v5/pub_alphadown02_lammax065_trickle,1,post_attack,41,328,9,37612,3
"повільний, налаштований + a_down",overnight_v5/pub_alphadown02_lammax065_trickle,1,post_attack,42,329,9,36860,4
"повільний, налаштований + a_down",overnight_v5/pub_alphadown02_lammax065_trickle,1,post_attack,42,330,9,36123,2
"повільний, налаштований + a_down",overnight_v5/pub_alphadown02_lammax065_trickle,1,post_attack,42,331,9,35401,4
"повільний, налаштований + a_down",overnight_v5/pub_alphadown02_lammax065_trickle,1,post_attack,42,332,9,34693,1
"повільний, налаштований + a_down",overnight_v5/pub_alphadown02_lammax065_trickle,1,post_attack,42,333,9,33999,2
"повільний, налаштований + a_down",overnight_v5/pub_alphadown02_lammax065_trickle,1,post_attack,42,334,9,33319,3
"повільний, налаштований + a_down",overnight_v5/pub_alphadown02_lammax065_trickle,1,post_attack,42,335,9,32653,3
"повільний, налаштований + a_down",overnight_v5/pub_alphadown02_lammax065_trickle,1,post_attack,42,336,9,32000,5
"повільний, налаштований + a_down",overnight_v5/pub_alphadown02_lammax065_trickle,1,post_attack,43,337,9,31360,5
"повільний, налаштований + a_down",overnight_v5/pub_alphadown02_lammax065_trickle,1,post_attack,43,338,9,30733,4
"повільний, налаштований + a_down",overnight_v5/pub_alphadown02_lammax065_trickle,1,post_attack,43,339,9,30118,0
"повільний, налаштований + a_down",overnight_v5/pub_alphadown02_lammax065_trickle,1,post_attack,43,340,9,29516,2
"повільний, налаштований + a_down",overnight_v5/pub_alphadown02_lammax065_trickle,1,post_attack,43,341,9,28926,3
"повільний, налаштований + a_down",overnight_v5/pub_alphadown02_lammax065_trickle,1,post_attack,43,342,9,28347,2
"повільний, налаштований + a_down",overnight_v5/pub_alphadown02_lammax065_trickle,1,post_attack,43,343,9,27780,2
"повільний, налаштований + a_down",overnight_v5/pub_alphadown02_lammax065_trickle,1,post_attack,43,344,9,27224,3
"повільний, налаштований + a_down",overnight_v5/pub_alphadown02_lammax065_trickle,1,post_attack,44,345,9,26680,3
"повільний, налаштований + a_down",overnight_v5/pub_alphadown02_lammax065_trickle,1,post_attack,44,346,9,26146,4
"повільний, налаштований + a_down",overnight_v5/pub_alphadown02_lammax065_trickle,1,post_attack,44,347,9,25623,3
"повільний, налаштований + a_down",overnight_v5/pub_alphadown02_lammax065_trickle,1,post_attack,44,348,9,25111,1
"повільний, налаштований + a_down",overnight_v5/pub_alphadown02_lammax065_trickle,1,post_attack,44,349,9,24609,2
"повільний, налаштований + a_down",overnight_v5/pub_alphadown02_lammax065_trickle,1,post_attack,44,350,9,24117,3
"повільний, налаштований + a_down",overnight_v5/pub_alphadown02_lammax065_trickle,1,post_attack,44,351,9,23635,1
"повільний, налаштований + a_down",overnight_v5/pub_alphadown02_lammax065_trickle,1,post_attack,44,352,9,23162,2
"повільний, налаштований + a_down",overnight_v5/pub_alphadown02_lammax065_trickle,1,post_attack,45,353,9,22699,2
"повільний, налаштований + a_down",overnight_v5/pub_alphadown02_lammax065_trickle,1,post_attack,45,354,9,22245,3
"повільний, налаштований + a_down",overnight_v5/pub_alphadown02_lammax065_trickle,1,post_attack,45,355,9,21800,4
"повільний, налаштований + a_down",overnight_v5/pub_alphadown02_lammax065_trickle,1,post_attack,45,356,9,21364,3
"повільний, налаштований + a_down",overnight_v5/pub_alphadown02_lammax065_trickle,1,post_attack,45,357,9,20937,4
"повільний, налаштований + a_down",overnight_v5/pub_alphadown02_lammax065_trickle,1,post_attack,45,358,9,20518,3
"повільний, налаштований + a_down",overnight_v5/pub_alphadown02_lammax065_trickle,1,post_attack,45,359,9,20108,3
"повільний, налаштований + a_down",overnight_v5/pub_alphadown02_lammax065_trickle,1,post_attack,45,360,9,19706,2
"повільний, налаштований + a_down",overnight_v5/pub_alphadown02_lammax065_trickle,1,post_attack,46,361,9,19312,3
"повільний, налаштований + a_down",overnight_v5/pub_alphadown02_lammax065_trickle,1,post_attack,46,362,9,18926,3
"повільний, налаштований + a_down",overnight_v5/pub_alphadown02_lammax065_trickle,1,post_attack,46,363,9,18547,2
"повільний, налаштований + a_down",overnight_v5/pub_alphadown02_lammax065_trickle,1,post_attack,46,364,9,18176,5
"повільний, налаштований + a_down",overnight_v5/pub_alphadown02_lammax065_trickle,1,post_attack,46,365,9,17812,1
"повільний, налаштований + a_down",overnight_v5/pub_alphadown02_lammax065_trickle,1,post_attack,46,366,9,17456,2
"повільний, налаштований + a_down",overnight_v5/pub_alphadown02_lammax065_trickle,1,post_attack,46,367,9,17107,2
"повільний, налаштований + a_down",overnight_v5/pub_alphadown02_lammax065_trickle,1,post_attack,46,368,9,16765,2
"повільний, налаштований + a_down",overnight_v5/pub_alphadown02_lammax065_trickle,1,post_attack,47,369,9,16430,3
"повільний, налаштований + a_down",overnight_v5/pub_alphadown02_lammax065_trickle,1,post_attack,47,370,9,16101,1
"повільний, налаштований + a_down",overnight_v5/pub_alphadown02_lammax065_trickle,1,post_attack,47,371,9,15779,2
"повільний, налаштований + a_down",overnight_v5/pub_alphadown02_lammax065_trickle,1,post_attack,47,372,9,15463,2
"повільний, налаштований + a_down",overnight_v5/pub_alphadown02_lammax065_trickle,1,post_attack,47,373,9,15154,3
"повільний, налаштований + a_down",overnight_v5/pub_alphadown02_lammax065_trickle,1,post_attack,47,374,9,14851,3
"повільний, налаштований + a_down",overnight_v5/pub_alphadown02_lammax065_trickle,1,post_attack,47,375,9,14554,4
"повільний, налаштований + a_down",overnight_v5/pub_alphadown02_lammax065_trickle,1,post_attack,47,376,9,14263,2
"повільний, налаштований + a_down",overnight_v5/pub_alphadown02_lammax065_trickle,1,post_attack,48,377,9,13978,4
"повільний, налаштований + a_down",overnight_v5/pub_alphadown02_lammax065_trickle,1,post_attack,48,378,9,13698,5
"повільний, налаштований + a_down",overnight_v5/pub_alphadown02_lammax065_trickle,1,post_attack,48,379,9,13424,6
"повільний, налаштований + a_down",overnight_v5/pub_alphadown02_lammax065_trickle,1,post_attack,48,380,9,13156,2
"повільний, налаштований + a_down",overnight_v5/pub_alphadown02_lammax065_trickle,1,post_attack,48,381,9,12893,2
"повільний, налаштований + a_down",overnight_v5/pub_alphadown02_lammax065_trickle,1,post_attack,48,382,9,12635,2
"повільний, налаштований + a_down",overnight_v5/pub_alphadown02_lammax065_trickle,1,post_attack,48,383,9,12382,2
"повільний, налаштований + a_down",overnight_v5/pub_alphadown02_lammax065_trickle,1,post_attack,48,384,9,12134,4
"повільний, налаштований + a_down",overnight_v5/pub_alphadown02_lammax065_trickle,1,post_attack,49,385,9,11891,2
"повільний, налаштований + a_down",overnight_v5/pub_alphadown02_lammax065_trickle,1,post_attack,49,386,9,11653,4
"повільний, налаштований + a_down",overnight_v5/pub_alphadown02_lammax065_trickle,1,post_attack,49,387,9,11420,1
"повільний, налаштований + a_down",overnight_v5/pub_alphadown02_lammax065_trickle,1,post_attack,49,388,9,11192,3
"повільний, налаштований + a_down",overnight_v5/pub_alphadown02_lammax065_trickle,1,post_attack,49,389,9,10968,2
"повільний, налаштований + a_down",overnight_v5/pub_alphadown02_lammax065_trickle,1,post_attack,49,390,9,10749,4
"повільний, налаштований + a_down",overnight_v5/pub_alphadown02_lammax065_trickle,1,post_attack,49,391,9,10534,2
"повільний, налаштований + a_down",overnight_v5/pub_alphadown02_lammax065_trickle,1,post_attack,49,392,9,10323,3
"повільний, налаштований + a_down",overnight_v5/pub_alphadown02_lammax065_trickle,1,post_attack,50,393,9,10117,2
"повільний, налаштований + a_down",overnight_v5/pub_alphadown02_lammax065_trickle,1,post_attack,50,394,9,9915,3
"повільний, налаштований + a_down",overnight_v5/pub_alphadown02_lammax065_trickle,1,post_attack,50,395,9,9717,3
"повільний, налаштований + a_down",overnight_v5/pub_alphadown02_lammax065_trickle,1,post_attack,50,396,9,9523,4
"повільний, налаштований + a_down",overnight_v5/pub_alphadown02_lammax065_trickle,1,post_attack,50,397,9,9333,3
"повільний, налаштований + a_down",overnight_v5/pub_alphadown02_lammax065_trickle,1,post_attack,50,398,9,9146,4
"повільний, налаштований + a_down",overnight_v5/pub_alphadown02_lammax065_trickle,1,post_attack,50,399,9,8963,2
"повільний, налаштований + a_down",overnight_v5/pub_alphadown02_lammax065_trickle,1,post_attack,50,400,9,8784,2
"повільний, налаштований + a_down",overnight_v5/pub_alphadown02_lammax065_trickle,2,post_attack,21,161,9,326782,1
"повільний, налаштований + a_down",overnight_v5/pub_alphadown02_lammax065_trickle,2,post_attack,21,162,9,389327,0
"повільний, налаштований + a_down",overnight_v5/pub_alphadown02_lammax065_trickle,2,post_attack,21,163,9,393971,1
"повільний, налаштований + a_down",overnight_v5/pub_alphadown02_lammax065_trickle,2,post_attack,21,164,9,393769,1
"повільний, налаштований + a_down",overnight_v5/pub_alphadown02_lammax065_trickle,2,post_attack,21,165,9,393349,1
"повільний, налаштований + a_down",overnight_v5/pub_alphadown02_lammax065_trickle,2,post_attack,21,166,9,392720,1
"повільний, налаштований + a_down",overnight_v5/pub_alphadown02_lammax065_trickle,2,post_attack,21,167,9,391893,1
"повільний, налаштований + a_down",overnight_v5/pub_alphadown02_lammax065_trickle,2,post_attack,21,168,9,390876,1
"повільний, налаштований + a_down",overnight_v5/pub_alphadown02_lammax065_trickle,2,post_attack,22,169,9,422900,1
"повільний, налаштований + a_down",overnight_v5/pub_alphadown02_lammax065_trickle,2,post_attack,22,170,9,422835,1
"повільний, налаштований + a_down",overnight_v5/pub_alphadown02_lammax065_trickle,2,post_attack,22,171,9,422531,1
"повільний, налаштований + a_down",overnight_v5/pub_alphadown02_lammax065_trickle,2,post_attack,22,172,9,421999,2
"повільний, налаштований + a_down",overnight_v5/pub_alphadown02_lammax065_trickle,2,post_attack,22,173,9,421249,2
"повільний, налаштований + a_down",overnight_v5/pub_alphadown02_lammax065_trickle,2,post_attack,22,174,9,420292,2
"повільний, налаштований + a_down",overnight_v5/pub_alphadown02_lammax065_trickle,2,post_attack,22,175,9,419137,1
"повільний, налаштований + a_down",overnight_v5/pub_alphadown02_lammax065_trickle,2,post_attack,22,176,9,417793,1
"повільний, налаштований + a_down",overnight_v5/pub_alphadown02_lammax065_trickle,2,post_attack,23,177,9,416929,2
"повільний, налаштований + a_down",overnight_v5/pub_alphadown02_lammax065_trickle,2,post_attack,23,178,9,415864,2
"повільний, налаштований + a_down",overnight_v5/pub_alphadown02_lammax065_trickle,2,post_attack,23,179,9,414608,2
"повільний, налаштований + a_down",overnight_v5/pub_alphadown02_lammax065_trickle,2,post_attack,23,180,9,413170,1
"повільний, налаштований + a_down",overnight_v5/pub_alphadown02_lammax065_trickle,2,post_attack,23,181,9,411559,0
"повільний, налаштований + a_down",overnight_v5/pub_alphadown02_lammax065_trickle,2,post_attack,23,182,9,409783,2
"повільний, налаштований + a_down",overnight_v5/pub_alphadown02_lammax065_trickle,2,post_attack,23,183,9,407849,1
"повільний, налаштований + a_down",overnight_v5/pub_alphadown02_lammax065_trickle,2,post_attack,23,184,9,405766,1
"повільний, налаштований + a_down",overnight_v5/pub_alphadown02_lammax065_trickle,2,post_attack,24,185,9,403825,3
"повільний, налаштований + a_down",overnight_v5/pub_alphadown02_lammax065_trickle,2,post_attack,24,186,9,401738,1
"повільний, налаштований + a_down",overnight_v5/pub_alphadown02_lammax065_trickle,2,post_attack,24,187,9,399512,3
"повільний, налаштований + a_down",overnight_v5/pub_alphadown02_lammax065_trickle,2,post_attack,24,188,9,397154,2
"повільний, налаштований + a_down",overnight_v5/pub_alphadown02_lammax065_trickle,2,post_attack,24,189,9,394671,2
"повільний, налаштований + a_down",overnight_v5/pub_alphadown02_lammax065_trickle,2,post_attack,24,190,9,392070,2
"повільний, налаштований + a_down",overnight_v5/pub_alphadown02_lammax065_trickle,2,post_attack,24,191,9,389358,1
"повільний, налаштований + a_down",overnight_v5/pub_alphadown02_lammax065_trickle,2,post_attack,24,192,9,386541,4
"повільний, налаштований + a_down",overnight_v5/pub_alphadown02_lammax065_trickle,2,post_attack,25,193,9,383869,5
"повільний, налаштований + a_down",overnight_v5/pub_alphadown02_lammax065_trickle,2,post_attack,25,194,9,381092,3
"повільний, налаштований + a_down",overnight_v5/pub_alphadown02_lammax065_trickle,2,post_attack,25,195,9,378217,1
"повільний, налаштований + a_down",overnight_v5/pub_alphadown02_lammax065_trickle,2,post_attack,25,196,9,375250,3
"повільний, налаштований + a_down",overnight_v5/pub_alphadown02_lammax065_trickle,2,post_attack,25,197,9,372196,3
"повільний, налаштований + a_down",overnight_v5/pub_alphadown02_lammax065_trickle,2,post_attack,25,198,9,369060,2
"повільний, налаштований + a_down",overnight_v5/pub_alphadown02_lammax065_trickle,2,post_attack,25,199,9,365848,3
"повільний, налаштований + a_down",overnight_v5/pub_alphadown02_lammax065_trickle,2,post_attack,25,200,9,362564,1
"повільний, налаштований + a_down",overnight_v5/pub_alphadown02_lammax065_trickle,2,post_attack,26,201,9,359484,2
"повільний, налаштований + a_down",overnight_v5/pub_alphadown02_lammax065_trickle,2,post_attack,26,202,9,356329,3
"повільний, налаштований + a_down",overnight_v5/pub_alphadown02_lammax065_trickle,2,post_attack,26,203,9,353105,2
"повільний, налаштований + a_down",overnight_v5/pub_alphadown02_lammax065_trickle,2,post_attack,26,204,9,349816,3
"повільний, налаштований + a_down",overnight_v5/pub_alphadown02_lammax065_trickle,2,post_attack,26,205,9,346467,3
"повільний, налаштований + a_down",overnight_v5/pub_alphadown02_lammax065_trickle,2,post_attack,26,206,9,343062,3
"повільний, налаштований + a_down",overnight_v5/pub_alphadown02_lammax065_trickle,2,post_attack,26,207,9,339606,4
"повільний, налаштований + a_down",overnight_v5/pub_alphadown02_lammax065_trickle,2,post_attack,26,208,9,336102,3
"повільний, налаштований + a_down",overnight_v5/pub_alphadown02_lammax065_trickle,2,post_attack,27,209,9,332554,4
"повільний, налаштований + a_down",overnight_v5/pub_alphadown02_lammax065_trickle,2,post_attack,27,210,9,328966,4
"повільний, налаштований + a_down",overnight_v5/pub_alphadown02_lammax065_trickle,2,post_attack,27,211,9,325341,2
"повільний, налаштований + a_down",overnight_v5/pub_alphadown02_lammax065_trickle,2,post_attack,27,212,9,321683,2
"повільний, налаштований + a_down",overnight_v5/pub_alphadown02_lammax065_trickle,2,post_attack,27,213,9,317995,2
"повільний, налаштований + a_down",overnight_v5/pub_alphadown02_lammax065_trickle,2,post_attack,27,214,9,314279,3
"повільний, налаштований + a_down",overnight_v5/pub_alphadown02_lammax065_trickle,2,post_attack,27,215,9,310539,2
"повільний, налаштований + a_down",overnight_v5/pub_alphadown02_lammax065_trickle,2,post_attack,27,216,9,306778,3
"повільний, налаштований + a_down",overnight_v5/pub_alphadown02_lammax065_trickle,2,post_attack,28,217,9,302999,4
"повільний, налаштований + a_down",overnight_v5/pub_alphadown02_lammax065_trickle,2,post_attack,28,218,9,299205,2
"повільний, налаштований + a_down",overnight_v5/pub_alphadown02_lammax065_trickle,2,post_attack,28,219,9,295398,0
"повільний, налаштований + a_down",overnight_v5/pub_alphadown02_lammax065_trickle,2,post_attack,28,220,9,291580,3
"повільний, налаштований + a_down",overnight_v5/pub_alphadown02_lammax065_trickle,2,post_attack,28,221,9,287754,2
"повільний, налаштований + a_down",overnight_v5/pub_alphadown02_lammax065_trickle,2,post_attack,28,222,9,283923,2
"повільний, налаштований + a_down",overnight_v5/pub_alphadown02_lammax065_trickle,2,post_attack,28,223,9,280088,3
"повільний, налаштований + a_down",overnight_v5/pub_alphadown02_lammax065_trickle,2,post_attack,28,224,9,276251,3
"повільний, налаштований + a_down",overnight_v5/pub_alphadown02_lammax065_trickle,2,post_attack,29,225,9,272415,2
"повільний, налаштований + a_down",overnight_v5/pub_alphadown02_lammax065_trickle,2,post_attack,29,226,9,268581,2
"повільний, налаштований + a_down",overnight_v5/pub_alphadown02_lammax065_trickle,2,post_attack,29,227,9,264751,2
"повільний, налаштований + a_down",overnight_v5/pub_alphadown02_lammax065_trickle,2,post_attack,29,228,9,260926,3
"повільний, налаштований + a_down",overnight_v5/pub_alphadown02_lammax065_trickle,2,post_attack,29,229,9,257109,2
"повільний, налаштований + a_down",overnight_v5/pub_alphadown02_lammax065_trickle,2,post_attack,29,230,9,253301,3
"повільний, налаштований + a_down",overnight_v5/pub_alphadown02_lammax065_trickle,2,post_attack,29,231,9,249503,3
"повільний, налаштований + a_down",overnight_v5/pub_alphadown02_lammax065_trickle,2,post_attack,29,232,9,245717,2
"повільний, налаштований + a_down",overnight_v5/pub_alphadown02_lammax065_trickle,2,post_attack,30,233,9,241944,5
"повільний, налаштований + a_down",overnight_v5/pub_alphadown02_lammax065_trickle,2,post_attack,30,234,9,238186,2
"повільний, налаштований + a_down",overnight_v5/pub_alphadown02_lammax065_trickle,2,post_attack,30,235,9,234443,1
"повільний, налаштований + a_down",overnight_v5/pub_alphadown02_lammax065_trickle,2,post_attack,30,236,9,230717,4
"повільний, налаштований + a_down",overnight_v5/pub_alphadown02_lammax065_trickle,2,post_attack,30,237,9,227009,2
"повільний, налаштований + a_down",overnight_v5/pub_alphadown02_lammax065_trickle,2,post_attack,30,238,9,223320,2
"повільний, налаштований + a_down",overnight_v5/pub_alphadown02_lammax065_trickle,2,post_attack,30,239,9,219651,2
"повільний, налаштований + a_down",overnight_v5/pub_alphadown02_lammax065_trickle,2,post_attack,30,240,9,216003,3
"повільний, налаштований + a_down",overnight_v5/pub_alphadown02_lammax065_trickle,2,post_attack,31,241,9,212376,3
"повільний, налаштований + a_down",overnight_v5/pub_alphadown02_lammax065_trickle,2,post_attack,31,242,9,208772,4
"повільний, налаштований + a_down",overnight_v5/pub_alphadown02_lammax065_trickle,2,post_attack,31,243,9,205191,4
"повільний, налаштований + a_down",overnight_v5/pub_alphadown02_lammax065_trickle,2,post_attack,31,244,9,201635,3
"повільний, налаштований + a_down",overnight_v5/pub_alphadown02_lammax065_trickle,2,post_attack,31,245,9,198103,4
"повільний, налаштований + a_down",overnight_v5/pub_alphadown02_lammax065_trickle,2,post_attack,31,246,9,194597,4
"повільний, налаштований + a_down",overnight_v5/pub_alphadown02_lammax065_trickle,2,post_attack,31,247,9,191117,2
"повільний, налаштований + a_down",overnight_v5/pub_alphadown02_lammax065_trickle,2,post_attack,31,248,9,187663,2
"повільний, налаштований + a_down",overnight_v5/pub_alphadown02_lammax065_trickle,2,post_attack,32,249,9,184237,2
"повільний, налаштований + a_down",overnight_v5/pub_alphadown02_lammax065_trickle,2,post_attack,32,250,9,180838,3
"повільний, налаштований + a_down",overnight_v5/pub_alphadown02_lammax065_trickle,2,post_attack,32,251,9,177467,4
"повільний, налаштований + a_down",overnight_v5/pub_alphadown02_lammax065_trickle,2,post_attack,32,252,9,174125,3
"повільний, налаштований + a_down",overnight_v5/pub_alphadown02_lammax065_trickle,2,post_attack,32,253,9,170812,2
"повільний, налаштований + a_down",overnight_v5/pub_alphadown02_lammax065_trickle,2,post_attack,32,254,9,167528,2
"повільний, налаштований + a_down",overnight_v5/pub_alphadown02_lammax065_trickle,2,post_attack,32,255,9,164274,3
"повільний, налаштований + a_down",overnight_v5/pub_alphadown02_lammax065_trickle,2,post_attack,32,256,9,161049,3
"повільний, налаштований + a_down",overnight_v5/pub_alphadown02_lammax065_trickle,2,post_attack,33,257,9,157855,3
"повільний, налаштований + a_down",overnight_v5/pub_alphadown02_lammax065_trickle,2,post_attack,33,258,9,154698,4
"повільний, налаштований + a_down",overnight_v5/pub_alphadown02_lammax065_trickle,2,post_attack,33,259,9,151604,2
"повільний, налаштований + a_down",overnight_v5/pub_alphadown02_lammax065_trickle,2,post_attack,33,260,9,148572,3
"повільний, налаштований + a_down",overnight_v5/pub_alphadown02_lammax065_trickle,2,post_attack,33,261,9,145601,2
"повільний, налаштований + a_down",overnight_v5/pub_alphadown02_lammax065_trickle,2,post_attack,33,262,9,142689,1
"повільний, налаштований + a_down",overnight_v5/pub_alphadown02_lammax065_trickle,2,post_attack,33,263,9,139835,2
"повільний, налаштований + a_down",overnight_v5/pub_alphadown02_lammax065_trickle,2,post_attack,33,264,9,137038,4
"повільний, налаштований + a_down",overnight_v5/pub_alphadown02_lammax065_trickle,2,post_attack,34,265,9,134297,2
"повільний, налаштований + a_down",overnight_v5/pub_alphadown02_lammax065_trickle,2,post_attack,34,266,9,131611,3
"повільний, налаштований + a_down",overnight_v5/pub_alphadown02_lammax065_trickle,2,post_attack,34,267,9,128979,3
"повільний, налаштований + a_down",overnight_v5/pub_alphadown02_lammax065_trickle,2,post_attack,34,268,9,126399,3
"повільний, налаштований + a_down",overnight_v5/pub_alphadown02_lammax065_trickle,2,post_attack,34,269,9,123871,3
"повільний, налаштований + a_down",overnight_v5/pub_alphadown02_lammax065_trickle,2,post_attack,34,270,9,121394,2
"повільний, налаштований + a_down",overnight_v5/pub_alphadown02_lammax065_trickle,2,post_attack,34,271,9,118966,4
"повільний, налаштований + a_down",overnight_v5/pub_alphadown02_lammax065_trickle,2,post_attack,34,272,9,116587,3
"повільний, налаштований + a_down",overnight_v5/pub_alphadown02_lammax065_trickle,2,post_attack,35,273,9,114255,3
"повільний, налаштований + a_down",overnight_v5/pub_alphadown02_lammax065_trickle,2,post_attack,35,274,9,111970,3
"повільний, налаштований + a_down",overnight_v5/pub_alphadown02_lammax065_trickle,2,post_attack,35,275,9,109731,3
"повільний, налаштований + a_down",overnight_v5/pub_alphadown02_lammax065_trickle,2,post_attack,35,276,9,107536,1
"повільний, налаштований + a_down",overnight_v5/pub_alphadown02_lammax065_trickle,2,post_attack,35,277,9,105385,2
"повільний, налаштований + a_down",overnight_v5/pub_alphadown02_lammax065_trickle,2,post_attack,35,278,9,103277,3
"повільний, налаштований + a_down",overnight_v5/pub_alphadown02_lammax065_trickle,2,post_attack,35,279,9,101211,3
"повільний, налаштований + a_down",overnight_v5/pub_alphadown02_lammax065_trickle,2,post_attack,35,280,9,99187,2
"повільний, налаштований + a_down",overnight_v5/pub_alphadown02_lammax065_trickle,2,post_attack,36,281,9,97203,4
"повільний, налаштований + a_down",overnight_v5/pub_alphadown02_lammax065_trickle,2,post_attack,36,282,9,95259,4
"повільний, налаштований + a_down",overnight_v5/pub_alphadown02_lammax065_trickle,2,post_attack,36,283,9,93354,2
"повільний, налаштований + a_down",overnight_v5/pub_alphadown02_lammax065_trickle,2,post_attack,36,284,9,91487,3
"повільний, налаштований + a_down",overnight_v5/pub_alphadown02_lammax065_trickle,2,post_attack,36,285,9,89657,3
"повільний, налаштований + a_down",overnight_v5/pub_alphadown02_lammax065_trickle,2,post_attack,36,286,9,87864,3
"повільний, налаштований + a_down",overnight_v5/pub_alphadown02_lammax065_trickle,2,post_attack,36,287,9,86107,5
"повільний, налаштований + a_down",overnight_v5/pub_alphadown02_lammax065_trickle,2,post_attack,36,288,9,84385,4
"повільний, налаштований + a_down",overnight_v5/pub_alphadown02_lammax065_trickle,2,post_attack,37,289,9,82697,3
"повільний, налаштований + a_down",overnight_v5/pub_alphadown02_lammax065_trickle,2,post_attack,37,290,9,81043,1
"повільний, налаштований + a_down",overnight_v5/pub_alphadown02_lammax065_trickle,2,post_attack,37,291,9,79422,4
"повільний, налаштований + a_down",overnight_v5/pub_alphadown02_lammax065_trickle,2,post_attack,37,292,9,77834,5
"повільний, налаштований + a_down",overnight_v5/pub_alphadown02_lammax065_trickle,2,post_attack,37,293,9,76277,3
"повільний, налаштований + a_down",overnight_v5/pub_alphadown02_lammax065_trickle,2,post_attack,37,294,9,74751,3
"повільний, налаштований + a_down",overnight_v5/pub_alphadown02_lammax065_trickle,2,post_attack,37,295,9,73256,3
"повільний, налаштований + a_down",overnight_v5/pub_alphadown02_lammax065_trickle,2,post_attack,37,296,9,71791,4
"повільний, налаштований + a_down",overnight_v5/pub_alphadown02_lammax065_trickle,2,post_attack,38,297,9,70355,2
"повільний, налаштований + a_down",overnight_v5/pub_alphadown02_lammax065_trickle,2,post_attack,38,298,9,68948,3
"повільний, налаштований + a_down",overnight_v5/pub_alphadown02_lammax065_trickle,2,post_attack,38,299,9,67569,3
"повільний, налаштований + a_down",overnight_v5/pub_alphadown02_lammax065_trickle,2,post_attack,38,300,9,66218,2
"повільний, налаштований + a_down",overnight_v5/pub_alphadown02_lammax065_trickle,2,post_attack,38,301,9,64894,3
"повільний, налаштований + a_down",overnight_v5/pub_alphadown02_lammax065_trickle,2,post_attack,38,302,9,63596,1
"повільний, налаштований + a_down",overnight_v5/pub_alphadown02_lammax065_trickle,2,post_attack,38,303,9,62324,4
"повільний, налаштований + a_down",overnight_v5/pub_alphadown02_lammax065_trickle,2,post_attack,38,304,9,61078,1
"повільний, налаштований + a_down",overnight_v5/pub_alphadown02_lammax065_trickle,2,post_attack,39,305,9,59856,3
"повільний, налаштований + a_down",overnight_v5/pub_alphadown02_lammax065_trickle,2,post_attack,39,306,9,58659,4
"повільний, налаштований + a_down",overnight_v5/pub_alphadown02_lammax065_trickle,2,post_attack,39,307,9,57486,3
"повільний, налаштований + a_down",overnight_v5/pub_alphadown02_lammax065_trickle,2,post_attack,39,308,9,56336,3
"повільний, налаштований + a_down",overnight_v5/pub_alphadown02_lammax065_trickle,2,post_attack,39,309,9,55209,1
"повільний, налаштований + a_down",overnight_v5/pub_alphadown02_lammax065_trickle,2,post_attack,39,310,9,54105,2
"повільний, налаштований + a_down",overnight_v5/pub_alphadown02_lammax065_trickle,2,post_attack,39,311,9,53023,2
"повільний, налаштований + a_down",overnight_v5/pub_alphadown02_lammax065_trickle,2,post_attack,39,312,9,51963,2
"повільний, налаштований + a_down",overnight_v5/pub_alphadown02_lammax065_trickle,2,post_attack,40,313,9,50924,3
"повільний, налаштований + a_down",overnight_v5/pub_alphadown02_lammax065_trickle,2,post_attack,40,314,9,49906,3
"повільний, налаштований + a_down",overnight_v5/pub_alphadown02_lammax065_trickle,2,post_attack,40,315,9,48908,3
"повільний, налаштований + a_down",overnight_v5/pub_alphadown02_lammax065_trickle,2,post_attack,40,316,9,47930,2
"повільний, налаштований + a_down",overnight_v5/pub_alphadown02_lammax065_trickle,2,post_attack,40,317,9,46971,5
"повільний, налаштований + a_down",overnight_v5/pub_alphadown02_lammax065_trickle,2,post_attack,40,318,9,46032,1
"повільний, налаштований + a_down",overnight_v5/pub_alphadown02_lammax065_trickle,2,post_attack,40,319,9,45111,2
"повільний, налаштований + a_down",overnight_v5/pub_alphadown02_lammax065_trickle,2,post_attack,40,320,9,44209,4
"повільний, налаштований + a_down",overnight_v5/pub_alphadown02_lammax065_trickle,2,post_attack,41,321,9,43325,3
"повільний, налаштований + a_down",overnight_v5/pub_alphadown02_lammax065_trickle,2,post_attack,41,322,9,42459,2
"повільний, налаштований + a_down",overnight_v5/pub_alphadown02_lammax065_trickle,2,post_attack,41,323,9,41610,2
"повільний, налаштований + a_down",overnight_v5/pub_alphadown02_lammax065_trickle,2,post_attack,41,324,9,40778,3
"повільний, налаштований + a_down",overnight_v5/pub_alphadown02_lammax065_trickle,2,post_attack,41,325,9,39962,2
"повільний, налаштований + a_down",overnight_v5/pub_alphadown02_lammax065_trickle,2,post_attack,41,326,9,39163,4
"повільний, налаштований + a_down",overnight_v5/pub_alphadown02_lammax065_trickle,2,post_attack,41,327,9,38380,4
"повільний, налаштований + a_down",overnight_v5/pub_alphadown02_lammax065_trickle,2,post_attack,41,328,9,37612,2
"повільний, налаштований + a_down",overnight_v5/pub_alphadown02_lammax065_trickle,2,post_attack,42,329,9,36860,2
"повільний, налаштований + a_down",overnight_v5/pub_alphadown02_lammax065_trickle,2,post_attack,42,330,9,36123,0
"повільний, налаштований + a_down",overnight_v5/pub_alphadown02_lammax065_trickle,2,post_attack,42,331,9,35401,4
"повільний, налаштований + a_down",overnight_v5/pub_alphadown02_lammax065_trickle,2,post_attack,42,332,9,34693,3
"повільний, налаштований + a_down",overnight_v5/pub_alphadown02_lammax065_trickle,2,post_attack,42,333,9,33999,4
"повільний, налаштований + a_down",overnight_v5/pub_alphadown02_lammax065_trickle,2,post_attack,42,334,9,33319,4
"повільний, налаштований + a_down",overnight_v5/pub_alphadown02_lammax065_trickle,2,post_attack,42,335,9,32653,3
"повільний, налаштований + a_down",overnight_v5/pub_alphadown02_lammax065_trickle,2,post_attack,42,336,9,32000,3
"повільний, налаштований + a_down",overnight_v5/pub_alphadown02_lammax065_trickle,2,post_attack,43,337,9,31360,4
"повільний, налаштований + a_down",overnight_v5/pub_alphadown02_lammax065_trickle,2,post_attack,43,338,9,30733,4
"повільний, налаштований + a_down",overnight_v5/pub_alphadown02_lammax065_trickle,2,post_attack,43,339,9,30118,1
"повільний, налаштований + a_down",overnight_v5/pub_alphadown02_lammax065_trickle,2,post_attack,43,340,9,29516,3
"повільний, налаштований + a_down",overnight_v5/pub_alphadown02_lammax065_trickle,2,post_attack,43,341,9,28926,6
"повільний, налаштований + a_down",overnight_v5/pub_alphadown02_lammax065_trickle,2,post_attack,43,342,9,28347,3
"повільний, налаштований + a_down",overnight_v5/pub_alphadown02_lammax065_trickle,2,post_attack,43,343,9,27780,4
"повільний, налаштований + a_down",overnight_v5/pub_alphadown02_lammax065_trickle,2,post_attack,43,344,9,27224,2
"повільний, налаштований + a_down",overnight_v5/pub_alphadown02_lammax065_trickle,2,post_attack,44,345,9,26680,2
"повільний, налаштований + a_down",overnight_v5/pub_alphadown02_lammax065_trickle,2,post_attack,44,346,9,26146,3
"повільний, налаштований + a_down",overnight_v5/pub_alphadown02_lammax065_trickle,2,post_attack,44,347,9,25623,4
"повільний, налаштований + a_down",overnight_v5/pub_alphadown02_lammax065_trickle,2,post_attack,44,348,9,25111,4
"повільний, налаштований + a_down",overnight_v5/pub_alphadown02_lammax065_trickle,2,post_attack,44,349,9,24609,3
"повільний, налаштований + a_down",overnight_v5/pub_alphadown02_lammax065_trickle,2,post_attack,44,350,9,24117,2
"повільний, налаштований + a_down",overnight_v5/pub_alphadown02_lammax065_trickle,2,post_attack,44,351,9,23635,3
"повільний, налаштований + a_down",overnight_v5/pub_alphadown02_lammax065_trickle,2,post_attack,44,352,9,23162,3
"повільний, налаштований + a_down",overnight_v5/pub_alphadown02_lammax065_trickle,2,post_attack,45,353,9,22699,2
"повільний, налаштований + a_down",overnight_v5/pub_alphadown02_lammax065_trickle,2,post_attack,45,354,9,22245,3
"повільний, налаштований + a_down",overnight_v5/pub_alphadown02_lammax065_trickle,2,post_attack,45,355,9,21800,3
"повільний, налаштований + a_down",overnight_v5/pub_alphadown02_lammax065_trickle,2,post_attack,45,356,9,21364,3
"повільний, налаштований + a_down",overnight_v5/pub_alphadown02_lammax065_trickle,2,post_attack,45,357,9,20937,3
"повільний, налаштований + a_down",overnight_v5/pub_alphadown02_lammax065_trickle,2,post_attack,45,358,9,20518,1
"повільний, налаштований + a_down",overnight_v5/pub_alphadown02_lammax065_trickle,2,post_attack,45,359,9,20108,3
"повільний, налаштований + a_down",overnight_v5/pub_alphadown02_lammax065_trickle,2,post_attack,45,360,9,19706,3
"повільний, налаштований + a_down",overnight_v5/pub_alphadown02_lammax065_trickle,2,post_attack,46,361,9,19312,2
"повільний, налаштований + a_down",overnight_v5/pub_alphadown02_lammax065_trickle,2,post_attack,46,362,9,18926,2
"повільний, налаштований + a_down",overnight_v5/pub_alphadown02_lammax065_trickle,2,post_attack,46,363,9,18547,5
"повільний, налаштований + a_down",overnight_v5/pub_alphadown02_lammax065_trickle,2,post_attack,46,364,9,18176,2
"повільний, налаштований + a_down",overnight_v5/pub_alphadown02_lammax065_trickle,2,post_attack,46,365,9,17812,2
"повільний, налаштований + a_down",overnight_v5/pub_alphadown02_lammax065_trickle,2,post_attack,46,366,9,17456,3
"повільний, налаштований + a_down",overnight_v5/pub_alphadown02_lammax065_trickle,2,post_attack,46,367,9,17107,3
"повільний, налаштований + a_down",overnight_v5/pub_alphadown02_lammax065_trickle,2,post_attack,46,368,9,16765,3
"повільний, налаштований + a_down",overnight_v5/pub_alphadown02_lammax065_trickle,2,post_attack,47,369,9,16430,4
"повільний, налаштований + a_down",overnight_v5/pub_alphadown02_lammax065_trickle,2,post_attack,47,370,9,16101,4
"повільний, налаштований + a_down",overnight_v5/pub_alphadown02_lammax065_trickle,2,post_attack,47,371,9,15779,4
"повільний, налаштований + a_down",overnight_v5/pub_alphadown02_lammax065_trickle,2,post_attack,47,372,9,15463,4
"повільний, налаштований + a_down",overnight_v5/pub_alphadown02_lammax065_trickle,2,post_attack,47,373,9,15154,4
"повільний, налаштований + a_down",overnight_v5/pub_alphadown02_lammax065_trickle,2,post_attack,47,374,9,14851,4
"повільний, налаштований + a_down",overnight_v5/pub_alphadown02_lammax065_trickle,2,post_attack,47,375,9,14554,2
"повільний, налаштований + a_down",overnight_v5/pub_alphadown02_lammax065_trickle,2,post_attack,47,376,9,14263,4
"повільний, налаштований + a_down",overnight_v5/pub_alphadown02_lammax065_trickle,2,post_attack,48,377,9,13978,2
"повільний, налаштований + a_down",overnight_v5/pub_alphadown02_lammax065_trickle,2,post_attack,48,378,9,13698,4
"повільний, налаштований + a_down",overnight_v5/pub_alphadown02_lammax065_trickle,2,post_attack,48,379,9,13424,2
"повільний, налаштований + a_down",overnight_v5/pub_alphadown02_lammax065_trickle,2,post_attack,48,380,9,13156,2
"повільний, налаштований + a_down",overnight_v5/pub_alphadown02_lammax065_trickle,2,post_attack,48,381,9,12893,2
"повільний, налаштований + a_down",overnight_v5/pub_alphadown02_lammax065_trickle,2,post_attack,48,382,9,12635,2
"повільний, налаштований + a_down",overnight_v5/pub_alphadown02_lammax065_trickle,2,post_attack,48,383,9,12382,3
"повільний, налаштований + a_down",overnight_v5/pub_alphadown02_lammax065_trickle,2,post_attack,48,384,9,12134,3
"повільний, налаштований + a_down",overnight_v5/pub_alphadown02_lammax065_trickle,2,post_attack,49,385,9,11891,3
"повільний, налаштований + a_down",overnight_v5/pub_alphadown02_lammax065_trickle,2,post_attack,49,386,9,11653,3
"повільний, налаштований + a_down",overnight_v5/pub_alphadown02_lammax065_trickle,2,post_attack,49,387,9,11420,3
"повільний, налаштований + a_down",overnight_v5/pub_alphadown02_lammax065_trickle,2,post_attack,49,388,9,11192,1
"повільний, налаштований + a_down",overnight_v5/pub_alphadown02_lammax065_trickle,2,post_attack,49,389,9,10968,4
"повільний, налаштований + a_down",overnight_v5/pub_alphadown02_lammax065_trickle,2,post_attack,49,390,9,10749,4
"повільний, налаштований + a_down",overnight_v5/pub_alphadown02_lammax065_trickle,2,post_attack,49,391,9,10534,3
"повільний, налаштований + a_down",overnight_v5/pub_alphadown02_lammax065_trickle,2,post_attack,49,392,9,10323,2
"повільний, налаштований + a_down",overnight_v5/pub_alphadown02_lammax065_trickle,2,post_attack,50,393,9,10117,3
"повільний, налаштований + a_down",overnight_v5/pub_alphadown02_lammax065_trickle,2,post_attack,50,394,9,9915,2
"повільний, налаштований + a_down",overnight_v5/pub_alphadown02_lammax065_trickle,2,post_attack,50,395,9,9717,1
"повільний, налаштований + a_down",overnight_v5/pub_alphadown02_lammax065_trickle,2,post_attack,50,396,9,9523,4
"повільний, налаштований + a_down",overnight_v5/pub_alphadown02_lammax065_trickle,2,post_attack,50,397,9,9333,3
"повільний, налаштований + a_down",overnight_v5/pub_alphadown02_lammax065_trickle,2,post_attack,50,398,9,9146,3
"повільний, налаштований + a_down",overnight_v5/pub_alphadown02_lammax065_trickle,2,post_attack,50,399,9,8963,2
"повільний, налаштований + a_down",overnight_v5/pub_alphadown02_lammax065_trickle,2,post_attack,50,400,9,8784,2
"повільний, налаштований + a_down",overnight_v5/pub_alphadown02_lammax065_trickle,3,post_attack,21,161,9,326640,0
"повільний, налаштований + a_down",overnight_v5/pub_alphadown02_lammax065_trickle,3,post_attack,21,162,9,389157,1
"повільний, налаштований + a_down",overnight_v5/pub_alphadown02_lammax065_trickle,3,post_attack,21,163,9,393799,0
"повільний, налаштований + a_down",overnight_v5/pub_alphadown02_lammax065_trickle,3,post_attack,21,164,9,393597,0
"повільний, налаштований + a_down",overnight_v5/pub_alphadown02_lammax065_trickle,3,post_attack,21,165,9,393177,0
"повільний, налаштований + a_down",overnight_v5/pub_alphadown02_lammax065_trickle,3,post_attack,21,166,9,392549,1
"повільний, налаштований + a_down",overnight_v5/pub_alphadown02_lammax065_trickle,3,post_attack,21,167,9,391722,0
"повільний, налаштований + a_down",overnight_v5/pub_alphadown02_lammax065_trickle,3,post_attack,21,168,9,390705,0
"повільний, налаштований + a_down",overnight_v5/pub_alphadown02_lammax065_trickle,3,post_attack,22,169,9,422748,1
"повільний, налаштований + a_down",overnight_v5/pub_alphadown02_lammax065_trickle,3,post_attack,22,170,9,422683,1
"повільний, налаштований + a_down",overnight_v5/pub_alphadown02_lammax065_trickle,3,post_attack,22,171,9,422379,0
"повільний, налаштований + a_down",overnight_v5/pub_alphadown02_lammax065_trickle,3,post_attack,22,172,9,421847,1
"повільний, налаштований + a_down",overnight_v5/pub_alphadown02_lammax065_trickle,3,post_attack,22,173,9,421098,2
"повільний, налаштований + a_down",overnight_v5/pub_alphadown02_lammax065_trickle,3,post_attack,22,174,9,420141,1
"повільний, налаштований + a_down",overnight_v5/pub_alphadown02_lammax065_trickle,3,post_attack,22,175,9,418986,1
"повільний, налаштований + a_down",overnight_v5/pub_alphadown02_lammax065_trickle,3,post_attack,22,176,9,417643,0
"повільний, налаштований + a_down",overnight_v5/pub_alphadown02_lammax065_trickle,3,post_attack,23,177,9,416780,3
"повільний, налаштований + a_down",overnight_v5/pub_alphadown02_lammax065_trickle,3,post_attack,23,178,9,415716,2
"повільний, налаштований + a_down",overnight_v5/pub_alphadown02_lammax065_trickle,3,post_attack,23,179,9,414461,2
"повільний, налаштований + a_down",overnight_v5/pub_alphadown02_lammax065_trickle,3,post_attack,23,180,9,413024,2
"повільний, налаштований + a_down",overnight_v5/pub_alphadown02_lammax065_trickle,3,post_attack,23,181,9,411414,2
"повільний, налаштований + a_down",overnight_v5/pub_alphadown02_lammax065_trickle,3,post_attack,23,182,9,409639,1
"повільний, налаштований + a_down",overnight_v5/pub_alphadown02_lammax065_trickle,3,post_attack,23,183,9,407706,1
"повільний, налаштований + a_down",overnight_v5/pub_alphadown02_lammax065_trickle,3,post_attack,23,184,9,405625,2
"повільний, налаштований + a_down",overnight_v5/pub_alphadown02_lammax065_trickle,3,post_attack,24,185,9,403686,1
"повільний, налаштований + a_down",overnight_v5/pub_alphadown02_lammax065_trickle,3,post_attack,24,186,9,401600,2
"повільний, налаштований + a_down",overnight_v5/pub_alphadown02_lammax065_trickle,3,post_attack,24,187,9,399375,3
"повільний, налаштований + a_down",overnight_v5/pub_alphadown02_lammax065_trickle,3,post_attack,24,188,9,397019,3
"повільний, налаштований + a_down",overnight_v5/pub_alphadown02_lammax065_trickle,3,post_attack,24,189,9,394538,1
"повільний, налаштований + a_down",overnight_v5/pub_alphadown02_lammax065_trickle,3,post_attack,24,190,9,391939,1
"повільний, налаштований + a_down",overnight_v5/pub_alphadown02_lammax065_trickle,3,post_attack,24,191,9,389229,2
"повільний, налаштований + a_down",overnight_v5/pub_alphadown02_lammax065_trickle,3,post_attack,24,192,9,386413,3
"повільний, налаштований + a_down",overnight_v5/pub_alphadown02_lammax065_trickle,3,post_attack,25,193,9,383743,1
"повільний, налаштований + a_down",overnight_v5/pub_alphadown02_lammax065_trickle,3,post_attack,25,194,9,380969,3
"повільний, налаштований + a_down",overnight_v5/pub_alphadown02_lammax065_trickle,3,post_attack,25,195,9,378096,1
"повільний, налаштований + a_down",overnight_v5/pub_alphadown02_lammax065_trickle,3,post_attack,25,196,9,375131,2
"повільний, налаштований + a_down",overnight_v5/pub_alphadown02_lammax065_trickle,3,post_attack,25,197,9,372079,2
"повільний, налаштований + a_down",overnight_v5/pub_alphadown02_lammax065_trickle,3,post_attack,25,198,9,368945,2
"повільний, налаштований + a_down",overnight_v5/pub_alphadown02_lammax065_trickle,3,post_attack,25,199,9,365735,2
"повільний, налаштований + a_down",overnight_v5/pub_alphadown02_lammax065_trickle,3,post_attack,25,200,9,362453,3
"повільний, налаштований + a_down",overnight_v5/pub_alphadown02_lammax065_trickle,3,post_attack,26,201,9,359375,2
"повільний, налаштований + a_down",overnight_v5/pub_alphadown02_lammax065_trickle,3,post_attack,26,202,9,356222,4
"повільний, налаштований + a_down",overnight_v5/pub_alphadown02_lammax065_trickle,3,post_attack,26,203,9,353000,1
"повільний, налаштований + a_down",overnight_v5/pub_alphadown02_lammax065_trickle,3,post_attack,26,204,9,349713,3
"повільний, налаштований + a_down",overnight_v5/pub_alphadown02_lammax065_trickle,3,post_attack,26,205,9,346366,4
"повільний, налаштований + a_down",overnight_v5/pub_alphadown02_lammax065_trickle,3,post_attack,26,206,9,342963,4
"повільний, налаштований + a_down",overnight_v5/pub_alphadown02_lammax065_trickle,3,post_attack,26,207,9,339508,3
"повільний, налаштований + a_down",overnight_v5/pub_alphadown02_lammax065_trickle,3,post_attack,26,208,9,336006,3
"повільний, налаштований + a_down",overnight_v5/pub_alphadown02_lammax065_trickle,3,post_attack,27,209,9,332460,2
"повільний, налаштований + a_down",overnight_v5/pub_alphadown02_lammax065_trickle,3,post_attack,27,210,9,328874,3
"повільний, налаштований + a_down",overnight_v5/pub_alphadown02_lammax065_trickle,3,post_attack,27,211,9,325251,3
"повільний, налаштований + a_down",overnight_v5/pub_alphadown02_lammax065_trickle,3,post_attack,27,212,9,321595,1
"повільний, налаштований + a_down",overnight_v5/pub_alphadown02_lammax065_trickle,3,post_attack,27,213,9,317909,4
"повільний, налаштований + a_down",overnight_v5/pub_alphadown02_lammax065_trickle,3,post_attack,27,214,9,314195,3
"повільний, налаштований + a_down",overnight_v5/pub_alphadown02_lammax065_trickle,3,post_attack,27,215,9,310457,4
"повільний, налаштований + a_down",overnight_v5/pub_alphadown02_lammax065_trickle,3,post_attack,27,216,9,306698,4
"повільний, налаштований + a_down",overnight_v5/pub_alphadown02_lammax065_trickle,3,post_attack,28,217,9,302921,3
"повільний, налаштований + a_down",overnight_v5/pub_alphadown02_lammax065_trickle,3,post_attack,28,218,9,299128,2
"повільний, налаштований + a_down",overnight_v5/pub_alphadown02_lammax065_trickle,3,post_attack,28,219,9,295322,3
"повільний, налаштований + a_down",overnight_v5/pub_alphadown02_lammax065_trickle,3,post_attack,28,220,9,291506,2
"повільний, налаштований + a_down",overnight_v5/pub_alphadown02_lammax065_trickle,3,post_attack,28,221,9,287682,3
"повільний, налаштований + a_down",overnight_v5/pub_alphadown02_lammax065_trickle,3,post_attack,28,222,9,283852,5
"повільний, налаштований + a_down",overnight_v5/pub_alphadown02_lammax065_trickle,3,post_attack,28,223,9,280018,4
"повільний, налаштований + a_down",overnight_v5/pub_alphadown02_lammax065_trickle,3,post_attack,28,224,9,276183,3
"повільний, налаштований + a_down",overnight_v5/pub_alphadown02_lammax065_trickle,3,post_attack,29,225,9,272348,4
"повільний, налаштований + a_down",overnight_v5/pub_alphadown02_lammax065_trickle,3,post_attack,29,226,9,268515,5
"повільний, налаштований + a_down",overnight_v5/pub_alphadown02_lammax065_trickle,3,post_attack,29,227,9,264686,1
"повільний, налаштований + a_down",overnight_v5/pub_alphadown02_lammax065_trickle,3,post_attack,29,228,9,260863,3
"повільний, налаштований + a_down",overnight_v5/pub_alphadown02_lammax065_trickle,3,post_attack,29,229,9,257047,6
"повільний, налаштований + a_down",overnight_v5/pub_alphadown02_lammax065_trickle,3,post_attack,29,230,9,253240,3
"повільний, налаштований + a_down",overnight_v5/pub_alphadown02_lammax065_trickle,3,post_attack,29,231,9,249443,3
"повільний, налаштований + a_down",overnight_v5/pub_alphadown02_lammax065_trickle,3,post_attack,29,232,9,245658,3
"повільний, налаштований + a_down",overnight_v5/pub_alphadown02_lammax065_trickle,3,post_attack,30,233,9,241886,2
"повільний, налаштований + a_down",overnight_v5/pub_alphadown02_lammax065_trickle,3,post_attack,30,234,9,238129,3
"повільний, налаштований + a_down",overnight_v5/pub_alphadown02_lammax065_trickle,3,post_attack,30,235,9,234387,3
"повільний, налаштований + a_down",overnight_v5/pub_alphadown02_lammax065_trickle,3,post_attack,30,236,9,230662,4
"повільний, налаштований + a_down",overnight_v5/pub_alphadown02_lammax065_trickle,3,post_attack,30,237,9,226955,3
"повільний, налаштований + a_down",overnight_v5/pub_alphadown02_lammax065_trickle,3,post_attack,30,238,9,223267,3
"повільний, налаштований + a_down",overnight_v5/pub_alphadown02_lammax065_trickle,3,post_attack,30,239,9,219599,2
"повільний, налаштований + a_down",overnight_v5/pub_alphadown02_lammax065_trickle,3,post_attack,30,240,9,215952,3
"повільний, налаштований + a_down",overnight_v5/pub_alphadown02_lammax065_trickle,3,post_attack,31,241,9,212326,3
"повільний, налаштований + a_down",overnight_v5/pub_alphadown02_lammax065_trickle,3,post_attack,31,242,9,208723,4
"повільний, налаштований + a_down",overnight_v5/pub_alphadown02_lammax065_trickle,3,post_attack,31,243,9,205143,4
"повільний, налаштований + a_down",overnight_v5/pub_alphadown02_lammax065_trickle,3,post_attack,31,244,9,201587,4
"повільний, налаштований + a_down",overnight_v5/pub_alphadown02_lammax065_trickle,3,post_attack,31,245,9,198056,2
"повільний, налаштований + a_down",overnight_v5/pub_alphadown02_lammax065_trickle,3,post_attack,31,246,9,194551,3
"повільний, налаштований + a_down",overnight_v5/pub_alphadown02_lammax065_trickle,3,post_attack,31,247,9,191072,4
"повільний, налаштований + a_down",overnight_v5/pub_alphadown02_lammax065_trickle,3,post_attack,31,248,9,187619,2
"повільний, налаштований + a_down",overnight_v5/pub_alphadown02_lammax065_trickle,3,post_attack,32,249,9,184193,3
"повільний, налаштований + a_down",overnight_v5/pub_alphadown02_lammax065_trickle,3,post_attack,32,250,9,180795,5
"повільний, налаштований + a_down",overnight_v5/pub_alphadown02_lammax065_trickle,3,post_attack,32,251,9,177425,2
"повільний, налаштований + a_down",overnight_v5/pub_alphadown02_lammax065_trickle,3,post_attack,32,252,9,174084,4
"повільний, налаштований + a_down",overnight_v5/pub_alphadown02_lammax065_trickle,3,post_attack,32,253,9,170771,1
"повільний, налаштований + a_down",overnight_v5/pub_alphadown02_lammax065_trickle,3,post_attack,32,254,9,167488,3
"повільний, налаштований + a_down",overnight_v5/pub_alphadown02_lammax065_trickle,3,post_attack,32,255,9,164234,3
"повільний, налаштований + a_down",overnight_v5/pub_alphadown02_lammax065_trickle,3,post_attack,32,256,9,161010,2
"повільний, налаштований + a_down",overnight_v5/pub_alphadown02_lammax065_trickle,3,post_attack,33,257,9,157816,2
"повільний, налаштований + a_down",overnight_v5/pub_alphadown02_lammax065_trickle,3,post_attack,33,258,9,154660,2
"повільний, налаштований + a_down",overnight_v5/pub_alphadown02_lammax065_trickle,3,post_attack,33,259,9,151567,2
"повільний, налаштований + a_down",overnight_v5/pub_alphadown02_lammax065_trickle,3,post_attack,33,260,9,148536,4
"повільний, налаштований + a_down",overnight_v5/pub_alphadown02_lammax065_trickle,3,post_attack,33,261,9,145565,4
"повільний, налаштований + a_down",overnight_v5/pub_alphadown02_lammax065_trickle,3,post_attack,33,262,9,142654,3
"повільний, налаштований + a_down",overnight_v5/pub_alphadown02_lammax065_trickle,3,post_attack,33,263,9,139801,3
"повільний, налаштований + a_down",overnight_v5/pub_alphadown02_lammax065_trickle,3,post_attack,33,264,9,137005,4
"повільний, налаштований + a_down",overnight_v5/pub_alphadown02_lammax065_trickle,3,post_attack,34,265,9,134265,3
"повільний, налаштований + a_down",overnight_v5/pub_alphadown02_lammax065_trickle,3,post_attack,34,266,9,131580,2
"повільний, налаштований + a_down",overnight_v5/pub_alphadown02_lammax065_trickle,3,post_attack,34,267,9,128948,2
"повільний, налаштований + a_down",overnight_v5/pub_alphadown02_lammax065_trickle,3,post_attack,34,268,9,126369,4
"повільний, налаштований + a_down",overnight_v5/pub_alphadown02_lammax065_trickle,3,post_attack,34,269,9,123842,0
"повільний, налаштований + a_down",overnight_v5/pub_alphadown02_lammax065_trickle,3,post_attack,34,270,9,121365,2
"повільний, налаштований + a_down",overnight_v5/pub_alphadown02_lammax065_trickle,3,post_attack,34,271,9,118938,2
"повільний, налаштований + a_down",overnight_v5/pub_alphadown02_lammax065_trickle,3,post_attack,34,272,9,116559,5
"повільний, налаштований + a_down",overnight_v5/pub_alphadown02_lammax065_trickle,3,post_attack,35,273,9,114228,2
"повільний, налаштований + a_down",overnight_v5/pub_alphadown02_lammax065_trickle,3,post_attack,35,274,9,111943,2
"повільний, налаштований + a_down",overnight_v5/pub_alphadown02_lammax065_trickle,3,post_attack,35,275,9,109704,4
"повільний, налаштований + a_down",overnight_v5/pub_alphadown02_lammax065_trickle,3,post_attack,35,276,9,107510,3
"повільний, налаштований + a_down",overnight_v5/pub_alphadown02_lammax065_trickle,3,post_attack,35,277,9,105360,4
"повільний, налаштований + a_down",overnight_v5/pub_alphadown02_lammax065_trickle,3,post_attack,35,278,9,103253,4
"повільний, налаштований + a_down",overnight_v5/pub_alphadown02_lammax065_trickle,3,post_attack,35,279,9,101188,4
"повільний, налаштований + a_down",overnight_v5/pub_alphadown02_lammax065_trickle,3,post_attack,35,280,9,99164,3
"повільний, налаштований + a_down",overnight_v5/pub_alphadown02_lammax065_trickle,3,post_attack,36,281,9,97181,1
"повільний, налаштований + a_down",overnight_v5/pub_alphadown02_lammax065_trickle,3,post_attack,36,282,9,95237,4
"повільний, налаштований + a_down",overnight_v5/pub_alphadown02_lammax065_trickle,3,post_attack,36,283,9,93332,4
"повільний, налаштований + a_down",overnight_v5/pub_alphadown02_lammax065_trickle,3,post_attack,36,284,9,91465,1
"повільний, налаштований + a_down",overnight_v5/pub_alphadown02_lammax065_trickle,3,post_attack,36,285,9,89636,3
"повільний, налаштований + a_down",overnight_v5/pub_alphadown02_lammax065_trickle,3,post_attack,36,286,9,87843,3
"повільний, налаштований + a_down",overnight_v5/pub_alphadown02_lammax065_trickle,3,post_attack,36,287,9,86086,3
"повільний, налаштований + a_down",overnight_v5/pub_alphadown02_lammax065_trickle,3,post_attack,36,288,9,84364,2
"повільний, налаштований + a_down",overnight_v5/pub_alphadown02_lammax065_trickle,3,post_attack,37,289,9,82677,1
"повільний, налаштований + a_down",overnight_v5/pub_alphadown02_lammax065_trickle,3,post_attack,37,290,9,81023,3
"повільний, налаштований + a_down",overnight_v5/pub_alphadown02_lammax065_trickle,3,post_attack,37,291,9,79403,3
"повільний, налаштований + a_down",overnight_v5/pub_alphadown02_lammax065_trickle,3,post_attack,37,292,9,77815,4
"повільний, налаштований + a_down",overnight_v5/pub_alphadown02_lammax065_trickle,3,post_attack,37,293,9,76259,2
"повільний, налаштований + a_down",overnight_v5/pub_alphadown02_lammax065_trickle,3,post_attack,37,294,9,74734,2
"повільний, налаштований + a_down",overnight_v5/pub_alphadown02_lammax065_trickle,3,post_attack,37,295,9,73239,2
"повільний, налаштований + a_down",overnight_v5/pub_alphadown02_lammax065_trickle,3,post_attack,37,296,9,71774,2
"повільний, налаштований + a_down",overnight_v5/pub_alphadown02_lammax065_trickle,3,post_attack,38,297,9,70339,5
"повільний, налаштований + a_down",overnight_v5/pub_alphadown02_lammax065_trickle,3,post_attack,38,298,9,68932,2
"повільний, налаштований + a_down",overnight_v5/pub_alphadown02_lammax065_trickle,3,post_attack,38,299,9,67553,4
"повільний, налаштований + a_down",overnight_v5/pub_alphadown02_lammax065_trickle,3,post_attack,38,300,9,66202,3
"повільний, налаштований + a_down",overnight_v5/pub_alphadown02_lammax065_trickle,3,post_attack,38,301,9,64878,1
"повільний, налаштований + a_down",overnight_v5/pub_alphadown02_lammax065_trickle,3,post_attack,38,302,9,63580,3
"повільний, налаштований + a_down",overnight_v5/pub_alphadown02_lammax065_trickle,3,post_attack,38,303,9,62308,5
"повільний, налаштований + a_down",overnight_v5/pub_alphadown02_lammax065_trickle,3,post_attack,38,304,9,61062,1
"повільний, налаштований + a_down",overnight_v5/pub_alphadown02_lammax065_trickle,3,post_attack,39,305,9,59841,4
"повільний, налаштований + a_down",overnight_v5/pub_alphadown02_lammax065_trickle,3,post_attack,39,306,9,58644,3
"повільний, налаштований + a_down",overnight_v5/pub_alphadown02_lammax065_trickle,3,post_attack,39,307,9,57471,4
"повільний, налаштований + a_down",overnight_v5/pub_alphadown02_lammax065_trickle,3,post_attack,39,308,9,56322,3
"повільний, налаштований + a_down",overnight_v5/pub_alphadown02_lammax065_trickle,3,post_attack,39,309,9,55196,2
"повільний, налаштований + a_down",overnight_v5/pub_alphadown02_lammax065_trickle,3,post_attack,39,310,9,54092,4
"повільний, налаштований + a_down",overnight_v5/pub_alphadown02_lammax065_trickle,3,post_attack,39,311,9,53010,4
"повільний, налаштований + a_down",overnight_v5/pub_alphadown02_lammax065_trickle,3,post_attack,39,312,9,51950,4
"повільний, налаштований + a_down",overnight_v5/pub_alphadown02_lammax065_trickle,3,post_attack,40,313,9,50911,3
"повільний, налаштований + a_down",overnight_v5/pub_alphadown02_lammax065_trickle,3,post_attack,40,314,9,49893,4
"повільний, налаштований + a_down",overnight_v5/pub_alphadown02_lammax065_trickle,3,post_attack,40,315,9,48895,3
"повільний, налаштований + a_down",overnight_v5/pub_alphadown02_lammax065_trickle,3,post_attack,40,316,9,47917,4
"повільний, налаштований + a_down",overnight_v5/pub_alphadown02_lammax065_trickle,3,post_attack,40,317,9,46959,3
"повільний, налаштований + a_down",overnight_v5/pub_alphadown02_lammax065_trickle,3,post_attack,40,318,9,46020,3
"повільний, налаштований + a_down",overnight_v5/pub_alphadown02_lammax065_trickle,3,post_attack,40,319,9,45100,4
"повільний, налаштований + a_down",overnight_v5/pub_alphadown02_lammax065_trickle,3,post_attack,40,320,9,44198,3
"повільний, налаштований + a_down",overnight_v5/pub_alphadown02_lammax065_trickle,3,post_attack,41,321,9,43314,3
"повільний, налаштований + a_down",overnight_v5/pub_alphadown02_lammax065_trickle,3,post_attack,41,322,9,42448,2
"повільний, налаштований + a_down",overnight_v5/pub_alphadown02_lammax065_trickle,3,post_attack,41,323,9,41599,2
"повільний, налаштований + a_down",overnight_v5/pub_alphadown02_lammax065_trickle,3,post_attack,41,324,9,40767,3
"повільний, налаштований + a_down",overnight_v5/pub_alphadown02_lammax065_trickle,3,post_attack,41,325,9,39952,3
"повільний, налаштований + a_down",overnight_v5/pub_alphadown02_lammax065_trickle,3,post_attack,41,326,9,39153,3
"повільний, налаштований + a_down",overnight_v5/pub_alphadown02_lammax065_trickle,3,post_attack,41,327,9,38370,5
"повільний, налаштований + a_down",overnight_v5/pub_alphadown02_lammax065_trickle,3,post_attack,41,328,9,37603,2
"повільний, налаштований + a_down",overnight_v5/pub_alphadown02_lammax065_trickle,3,post_attack,42,329,9,36851,3
"повільний, налаштований + a_down",overnight_v5/pub_alphadown02_lammax065_trickle,3,post_attack,42,330,9,36114,2
"повільний, налаштований + a_down",overnight_v5/pub_alphadown02_lammax065_trickle,3,post_attack,42,331,9,35392,3
"повільний, налаштований + a_down",overnight_v5/pub_alphadown02_lammax065_trickle,3,post_attack,42,332,9,34684,4
"повільний, налаштований + a_down",overnight_v5/pub_alphadown02_lammax065_trickle,3,post_attack,42,333,9,33990,5
"повільний, налаштований + a_down",overnight_v5/pub_alphadown02_lammax065_trickle,3,post_attack,42,334,9,33310,0
"повільний, налаштований + a_down",overnight_v5/pub_alphadown02_lammax065_trickle,3,post_attack,42,335,9,32644,3
"повільний, налаштований + a_down",overnight_v5/pub_alphadown02_lammax065_trickle,3,post_attack,42,336,9,31991,1
"повільний, налаштований + a_down",overnight_v5/pub_alphadown02_lammax065_trickle,3,post_attack,43,337,9,31351,2
"повільний, налаштований + a_down",overnight_v5/pub_alphadown02_lammax065_trickle,3,post_attack,43,338,9,30724,4
"повільний, налаштований + a_down",overnight_v5/pub_alphadown02_lammax065_trickle,3,post_attack,43,339,9,30110,3
"повільний, налаштований + a_down",overnight_v5/pub_alphadown02_lammax065_trickle,3,post_attack,43,340,9,29508,3
"повільний, налаштований + a_down",overnight_v5/pub_alphadown02_lammax065_trickle,3,post_attack,43,341,9,28918,3
"повільний, налаштований + a_down",overnight_v5/pub_alphadown02_lammax065_trickle,3,post_attack,43,342,9,28340,2
"повільний, налаштований + a_down",overnight_v5/pub_alphadown02_lammax065_trickle,3,post_attack,43,343,9,27773,3
"повільний, налаштований + a_down",overnight_v5/pub_alphadown02_lammax065_trickle,3,post_attack,43,344,9,27218,2
"повільний, налаштований + a_down",overnight_v5/pub_alphadown02_lammax065_trickle,3,post_attack,44,345,9,26674,4
"повільний, налаштований + a_down",overnight_v5/pub_alphadown02_lammax065_trickle,3,post_attack,44,346,9,26141,3
"повільний, налаштований + a_down",overnight_v5/pub_alphadown02_lammax065_trickle,3,post_attack,44,347,9,25618,3
"повільний, налаштований + a_down",overnight_v5/pub_alphadown02_lammax065_trickle,3,post_attack,44,348,9,25106,4
"повільний, налаштований + a_down",overnight_v5/pub_alphadown02_lammax065_trickle,3,post_attack,44,349,9,24604,5
"повільний, налаштований + a_down",overnight_v5/pub_alphadown02_lammax065_trickle,3,post_attack,44,350,9,24112,3
"повільний, налаштований + a_down",overnight_v5/pub_alphadown02_lammax065_trickle,3,post_attack,44,351,9,23630,2
"повільний, налаштований + a_down",overnight_v5/pub_alphadown02_lammax065_trickle,3,post_attack,44,352,9,23157,4
"повільний, налаштований + a_down",overnight_v5/pub_alphadown02_lammax065_trickle,3,post_attack,45,353,9,22694,5
"повільний, налаштований + a_down",overnight_v5/pub_alphadown02_lammax065_trickle,3,post_attack,45,354,9,22240,4
"повільний, налаштований + a_down",overnight_v5/pub_alphadown02_lammax065_trickle,3,post_attack,45,355,9,21795,4
"повільний, налаштований + a_down",overnight_v5/pub_alphadown02_lammax065_trickle,3,post_attack,45,356,9,21359,5
"повільний, налаштований + a_down",overnight_v5/pub_alphadown02_lammax065_trickle,3,post_attack,45,357,9,20932,1
"повільний, налаштований + a_down",overnight_v5/pub_alphadown02_lammax065_trickle,3,post_attack,45,358,9,20513,3
"повільний, налаштований + a_down",overnight_v5/pub_alphadown02_lammax065_trickle,3,post_attack,45,359,9,20103,2
"повільний, налаштований + a_down",overnight_v5/pub_alphadown02_lammax065_trickle,3,post_attack,45,360,9,19701,4
"повільний, налаштований + a_down",overnight_v5/pub_alphadown02_lammax065_trickle,3,post_attack,46,361,9,19307,3
"повільний, налаштований + a_down",overnight_v5/pub_alphadown02_lammax065_trickle,3,post_attack,46,362,9,18921,3
"повільний, налаштований + a_down",overnight_v5/pub_alphadown02_lammax065_trickle,3,post_attack,46,363,9,18543,0
"повільний, налаштований + a_down",overnight_v5/pub_alphadown02_lammax065_trickle,3,post_attack,46,364,9,18172,3
"повільний, налаштований + a_down",overnight_v5/pub_alphadown02_lammax065_trickle,3,post_attack,46,365,9,17809,3
"повільний, налаштований + a_down",overnight_v5/pub_alphadown02_lammax065_trickle,3,post_attack,46,366,9,17453,3
"повільний, налаштований + a_down",overnight_v5/pub_alphadown02_lammax065_trickle,3,post_attack,46,367,9,17104,3
"повільний, налаштований + a_down",overnight_v5/pub_alphadown02_lammax065_trickle,3,post_attack,46,368,9,16762,2
"повільний, налаштований + a_down",overnight_v5/pub_alphadown02_lammax065_trickle,3,post_attack,47,369,9,16427,5
"повільний, налаштований + a_down",overnight_v5/pub_alphadown02_lammax065_trickle,3,post_attack,47,370,9,16098,4
"повільний, налаштований + a_down",overnight_v5/pub_alphadown02_lammax065_trickle,3,post_attack,47,371,9,15776,4
"повільний, налаштований + a_down",overnight_v5/pub_alphadown02_lammax065_trickle,3,post_attack,47,372,9,15460,1
"повільний, налаштований + a_down",overnight_v5/pub_alphadown02_lammax065_trickle,3,post_attack,47,373,9,15151,3
"повільний, налаштований + a_down",overnight_v5/pub_alphadown02_lammax065_trickle,3,post_attack,47,374,9,14848,2
"повільний, налаштований + a_down",overnight_v5/pub_alphadown02_lammax065_trickle,3,post_attack,47,375,9,14551,3
"повільний, налаштований + a_down",overnight_v5/pub_alphadown02_lammax065_trickle,3,post_attack,47,376,9,14260,1
"повільний, налаштований + a_down",overnight_v5/pub_alphadown02_lammax065_trickle,3,post_attack,48,377,9,13975,3
"повільний, налаштований + a_down",overnight_v5/pub_alphadown02_lammax065_trickle,3,post_attack,48,378,9,13696,4
"повільний, налаштований + a_down",overnight_v5/pub_alphadown02_lammax065_trickle,3,post_attack,48,379,9,13422,1
"повільний, налаштований + a_down",overnight_v5/pub_alphadown02_lammax065_trickle,3,post_attack,48,380,9,13154,3
"повільний, налаштований + a_down",overnight_v5/pub_alphadown02_lammax065_trickle,3,post_attack,48,381,9,12891,3
"повільний, налаштований + a_down",overnight_v5/pub_alphadown02_lammax065_trickle,3,post_attack,48,382,9,12633,3
"повільний, налаштований + a_down",overnight_v5/pub_alphadown02_lammax065_trickle,3,post_attack,48,383,9,12380,4
"повільний, налаштований + a_down",overnight_v5/pub_alphadown02_lammax065_trickle,3,post_attack,48,384,9,12132,3
"повільний, налаштований + a_down",overnight_v5/pub_alphadown02_lammax065_trickle,3,post_attack,49,385,9,11889,2
"повільний, налаштований + a_down",overnight_v5/pub_alphadown02_lammax065_trickle,3,post_attack,49,386,9,11651,3
"повільний, налаштований + a_down",overnight_v5/pub_alphadown02_lammax065_trickle,3,post_attack,49,387,9,11418,5
"повільний, налаштований + a_down",overnight_v5/pub_alphadown02_lammax065_trickle,3,post_attack,49,388,9,11190,3
"повільний, налаштований + a_down",overnight_v5/pub_alphadown02_lammax065_trickle,3,post_attack,49,389,9,10966,4
"повільний, налаштований + a_down",overnight_v5/pub_alphadown02_lammax065_trickle,3,post_attack,49,390,9,10747,2
"повільний, налаштований + a_down",overnight_v5/pub_alphadown02_lammax065_trickle,3,post_attack,49,391,9,10532,3
"повільний, налаштований + a_down",overnight_v5/pub_alphadown02_lammax065_trickle,3,post_attack,49,392,9,10321,3
"повільний, налаштований + a_down",overnight_v5/pub_alphadown02_lammax065_trickle,3,post_attack,50,393,9,10115,1
"повільний, налаштований + a_down",overnight_v5/pub_alphadown02_lammax065_trickle,3,post_attack,50,394,9,9913,3
"повільний, налаштований + a_down",overnight_v5/pub_alphadown02_lammax065_trickle,3,post_attack,50,395,9,9715,4
"повільний, налаштований + a_down",overnight_v5/pub_alphadown02_lammax065_trickle,3,post_attack,50,396,9,9521,3
"повільний, налаштований + a_down",overnight_v5/pub_alphadown02_lammax065_trickle,3,post_attack,50,397,9,9331,3
"повільний, налаштований + a_down",overnight_v5/pub_alphadown02_lammax065_trickle,3,post_attack,50,398,9,9144,3
"повільний, налаштований + a_down",overnight_v5/pub_alphadown02_lammax065_trickle,3,post_attack,50,399,9,8961,2
"повільний, налаштований + a_down",overnight_v5/pub_alphadown02_lammax065_trickle,3,post_attack,50,400,9,8782,2
